{
	"resource_pack_name": "cali",
	"texture_name": "atlas.items",
	"texture_data": {
		"loadisk:x" : {"textures" : "textures/items/x2"},
		"loadisk:check" : {"textures" : "textures/items/check2"},
		"loadisk:question_mark" : {"textures" : "textures/items/question_mark"},

		"loadisk:back" : {"textures" : "textures/items/back"},
		"loadisk:next" : {"textures" : "textures/items/next"},
		"loadisk:report" : {"textures" : "textures/items/report"},
		"loadisk:exit" : {"textures" : "textures/items/exit"},
		"loadisk:object_manipulated" : {"textures" : "textures/items/object_manipulated"},
		"loadisk:object_extra" : {"textures" : "textures/items/object_extra"},
		"loadisk:ghost" : {"textures" : "textures/items/ghost"},
		"loadisk:intruder" : {"textures" : "textures/items/intruder"},
		"loadisk:lighting_anomaly" : {"textures" : "textures/items/light_anomaly"},
		"loadisk:spiritual_anomaly" : {"textures" : "textures/items/spiritual_anomaly"},
		"loadisk:camera_error" : {"textures" : "textures/items/camera_error"},

		"loadisk:right_cabinet" : {"textures" : "textures/items/right_cabinet"},
		"loadisk:left_cabinet" : {"textures" : "textures/items/left_cabinet"},
		"loadisk:chair" : {"textures" : "textures/items/chair"},
		"loadisk:rest_chair" : {"textures" : "textures/items/rest_chair"},
		"loadisk:box" : {"textures" : "textures/items/box"},
		"loadisk:pillow" : {"textures" : "textures/items/pillow"},
		"loadisk:maraca" : {"textures" : "textures/items/maraca"},
		"loadisk:caulk" : {"textures" : "textures/items/caulk"},
		"loadisk:radio" : {"textures" : "textures/items/radio"},
		"loadisk:doll" : {"textures" : "textures/items/doll"},
		"loadisk:tv" : {"textures" : "textures/items/tv"},
		"loadisk:lamp" : {"textures" : "textures/items/lamp"}
	}
}