{
    "format_version": "1.8.0",
    "minecraft:spawn_rules": {
      "description": {
        "identifier": "loadisk:boar",
        "population_control": "animal"
      },
      "conditions": [
        {
          "minecraft:spawns_on_surface": {},
          "minecraft:spawns_on_block_filter": "minecraft:grass",
          "minecraft:weight": {
            "default": 35
          },
          "minecraft:herd": {
            "min_size":1,
            "max_size":2
          },
          "minecraft:biome_filter": [
            {"test": "has_biome_tag", "operator":"==", "value": "animal"}
          ]
        }
      ]
    }
  }