{
  "format_version": "1.8.0",
  "minecraft:spawn_rules": {
    "description": {
      "identifier": "loadisk:branch",
      "population_control": "water_animal"
    },
    "conditions": [
      {
        "minecraft:spawns_on_surface": {},
        "minecraft:spawns_on_block_filter": [
          "minecraft:grass",
          "minecraft:podzol",
          "minecraft:dirt",
          "minecraft:gravel",
          "minecraft:sand"
        ],
        "minecraft:weight": {"default": 75}
      }
    ]
  }
}