{
  "format_version": "1.8.0",
  "minecraft:spawn_rules": {
    "description": {
      "identifier": "minecraft:cave_spider",
      "population_control": "monster"
    },
    "conditions": [
      {
        "minecraft:spawns_on_surface": {},
        "minecraft:spawns_on_block_filter": [
          "minecraft:grass",
          "minecraft:podzol",
          "minecraft:dirt",
          "minecraft:stone",
          "minecraft:gravel",
          "minecraft:sand"
        ],
        "minecraft:weight": {"default": 1}
      },
      {
        "minecraft:spawns_underground": {},
        "minecraft:spawns_on_block_filter": [
          "minecraft:blackstone",
          "minecraft:deepslate",
          "minecraft:cobbled_deepslate",
          "minecraft:basalt",
          "minecraft:dirt",
          "minecraft:stone",
          "minecraft:gravel"
        ],
        "minecraft:weight": {"default": 250}
      }
    ]
  }
}