{
    "format_version": "1.8.0",
    "minecraft:spawn_rules": {
      "description": {
        "identifier": "loadisk:rat",
        "population_control": "animal"
      },
      "conditions": [
        {
          "minecraft:spawns_on_surface": {},
          "minecraft:spawns_underground": {},
          "minecraft:spawns_on_block_filter": "minecraft:planks",
          "minecraft:weight": {"default": 30},
          "minecraft:biome_filter": {
            "test": "has_biome_tag", "operator":"==", "value": "animal"
          }
        }
      ]
    }
  }