{
    "format_version": "1.8.0",
    "minecraft:spawn_rules": {
      "description": {
        "identifier": "loadisk:statue",
        "population_control": "monster"
      },
      "conditions": [
        {
          "minecraft:spawns_on_surface": {},
          "minecraft:spawns_underground": {},
          "minecraft:spawns_on_block_filter": [
            "minecraft:smooth_basalt",
            "minecraft:basalt",
            "minecraft:stone",
            "minecraft:quartz_block"
          ],
          "minecraft:weight": {
            "default": 150
          }
        }
      ]
    }
  }