{
	"format_version": "1.12.0",
	"minecraft:geometry": [
		{
			"description": {
				"identifier": "geometry.loadisk.cabinet_left",
				"texture_width": 128,
				"texture_height": 128,
				"visible_bounds_width": 3,
				"visible_bounds_height": 3.5,
				"visible_bounds_offset": [0, 1.25, 0]
			},
			"bones": [
				{
					"name": "root",
					"pivot": [0, 0.25, 0],
					"cubes": [
						{"origin": [-8, 0.25, -6], "size": [16, 32, 13], "inflate": -0.002, "uv": [0, 0], "mirror": true},
						{"origin": [-8, 31.25, -9], "size": [16, 1, 18], "inflate": 0.02, "uv": [40, 27], "mirror": true},
						{"origin": [-9.13968, 32.17437, -9], "size": [3, 1, 18], "inflate": 0.02, "pivot": [-4, 29.25, -16], "rotation": [0, 0, -20], "uv": [58, 0], "mirror": true},
						{"origin": [-11.63968, 30.17437, -9], "size": [2, 1, 18], "uv": [48, 60], "mirror": true},
						{"origin": [-9, 0.25, -8], "size": [2, 31, 2], "inflate": 0.003, "uv": [0, 78], "mirror": true},
						{"origin": [-9, 0.25, 6], "size": [2, 31, 2], "inflate": 0.001, "uv": [0, 78], "mirror": true}
					]
				},
				{
					"name": "door",
					"parent": "root",
					"pivot": [-7, 0.25, -7],
					"cubes": [
						{"origin": [-8, 0.25, -7], "size": [16, 32, 1], "uv": [0, 45], "mirror": true},
						{"origin": [-8, 0.25, -7.25], "size": [16, 32, 0], "uv": [34, 46], "mirror": true}
					]
				}
			]
		}
	]
}