{
	"format_version": "1.12.0",
	"minecraft:geometry": [
		{
			"description": {
				"identifier": "geometry.loadisk.camera",
				"texture_width": 32,
				"texture_height": 32,
				"visible_bounds_width": 2,
				"visible_bounds_height": 4.5,
				"visible_bounds_offset": [0, 1.75, 0]
			},
			"bones": [
				{
					"name": "root",
					"pivot": [0, 38, 0]
				},
				{
					"name": "head",
					"parent": "root",
					"pivot": [0, 38, 0],
					"cubes": [
						{"origin": [1.05, 42.15, -6], "size": [1, 0, 1], "uv": [0, 4]},
						{"origin": [-2, 38, -7], "size": [4, 4, 10], "uv": [0, 0]},
						{"origin": [-2, 38, -7.25], "size": [4, 4, 0], "uv": [0, 0]},
						{"origin": [2.05, 41.15, -6], "size": [0, 1, 1], "uv": [3, 3]},
						{"origin": [-0.5, 31.46292, -0.42615], "size": [1, 9, 1], "pivot": [0, 36.46292, -0.42615], "rotation": [65, 0, 0], "uv": [12, 0]}
					]
				}
			]
		}
	]
}