{
	"format_version": "1.12.0",
	"minecraft:geometry": [
		{
			"description": {
				"identifier": "geometry.loadisk.caulk",
				"texture_width": 16,
				"texture_height": 16,
				"visible_bounds_width": 2,
				"visible_bounds_height": 2.5,
				"visible_bounds_offset": [0, 0.75, 0]
			},
			"bones": [
				{
					"name": "root",
					"pivot": [-0.5, 0, 0.5],
					"cubes": [
						{"origin": [-1, 0, -1], "size": [2, 9, 2], "uv": [0, 0]},
						{"origin": [-0.5, 10.75, -0.5], "size": [1, 2, 1], "inflate": -0.08, "uv": [8, 3]},
						{"origin": [-0.5, 9, -0.5], "size": [1, 2, 1], "uv": [8, 0]}
					]
				}
			]
		}
	]
}