{
	"format_version": "1.12.0",
	"minecraft:geometry": [
		{
			"description": {
				"identifier": "geometry.loadisk.doll",
				"texture_width": 32,
				"texture_height": 32,
				"visible_bounds_width": 2,
				"visible_bounds_height": 1.5,
				"visible_bounds_offset": [0, 0.25, 0]
			},
			"bones": [
				{
					"name": "root",
					"pivot": [0.5, 2.05, -0.2],
					"cubes": [
						{"origin": [-1, 0.5, -1], "size": [3, 3, 2], "inflate": 0.02, "uv": [0, 7]},
						{"origin": [-1, 0, -2], "size": [1, 1, 3], "uv": [13, 12]},
						{"origin": [1, 0, -2], "size": [1, 1, 3], "uv": [0, 12]},
						{"origin": [-2, 2, -2], "size": [5, 3, 4], "uv": [0, 0]},
						{"origin": [-1.5, -0.25, -0.5], "size": [1, 2, 1], "uv": [7, 15]},
						{"origin": [1.5, -0.25, -0.5], "size": [1, 2, 1], "uv": [0, 0]},
						{"origin": [-3, 3.5, -1], "size": [2, 2, 2], "uv": [8, 11]},
						{"origin": [2, 3.5, -1], "size": [2, 2, 2], "uv": [10, 7]},
						{"origin": [0, 0, 0.5], "size": [1, 1, 1], "uv": [8, 7]},
						{"origin": [-1, 2.5, -2.5], "size": [3, 1, 1], "uv": [14, 0]}
					]
				}
			]
		}
	]
}