{
	"format_version": "1.12.0",
	"minecraft:geometry": [
		{
			"description": {
				"identifier": "geometry.loadisk.eye_plate",
				"texture_width": 128,
				"texture_height": 64,
				"visible_bounds_width": 2,
				"visible_bounds_height": 2.5,
				"visible_bounds_offset": [0, 0.75, 0]
			},
			"bones": [
				{
					"name": "root",
					"pivot": [0, 11, 0],
					"rotation": [0, 180, 0],
					"cubes": [
						{
							"origin": [-2, 0.7, -2],
							"size": [4, 4, 4],
							"uv": {
								"north": {"uv": [36, 0], "uv_size": [8, 8]},
								"east": {"uv": [36, 8], "uv_size": [8, 8]},
								"south": {"uv": [36, 16], "uv_size": [8, 8]},
								"west": {"uv": [18, 36], "uv_size": [8, 8]},
								"up": {"uv": [38, 24], "uv_size": [8, 8]},
								"down": {"uv": [38, 40], "uv_size": [8, -8]}
							}
						}
					]
				},
				{
					"name": "plate",
					"parent": "root",
					"pivot": [0, 0, 0],
					"cubes": [
						{"origin": [-3, 0, -5], "size": [6, 1, 10], "inflate": -0.01, "uv": [64, 0]},
						{"origin": [-4, 0, -4], "size": [1, 1, 8], "inflate": -0.01, "uv": [74, 12]},
						{"origin": [-5, 0, -3], "size": [1, 1, 6], "inflate": -0.01, "uv": [84, 11]},
						{"origin": [4, 0, -3], "size": [1, 1, 6], "inflate": -0.01, "uv": [64, 20]},
						{"origin": [3, 0, -4], "size": [1, 1, 8], "inflate": -0.01, "uv": [64, 11]},
						{"origin": [-6, 0.5, -3], "size": [1, 1, 6], "uv": [86, 0]},
						{"origin": [5, 0.5, -3], "size": [1, 1, 6], "uv": [72, 21]},
						{"origin": [-3, 0.5, 5], "size": [6, 1, 1], "uv": [80, 21]},
						{"origin": [-3, 0.5, -6], "size": [6, 1, 1], "uv": [84, 18]},
						{"origin": [-5, 0.5, -5], "size": [1, 1, 2], "uv": [68, 4]},
						{"origin": [4, 0.5, -5], "size": [1, 1, 2], "uv": [64, 3]},
						{"origin": [-5, 0.5, 3], "size": [1, 1, 2], "uv": [68, 1]},
						{"origin": [4, 0.5, 3], "size": [1, 1, 2], "uv": [64, 0]},
						{"origin": [3, 0.5, 4], "size": [1, 1, 1], "uv": [70, 8]},
						{"origin": [-4, 0.5, 4], "size": [1, 1, 1], "uv": [64, 8]},
						{"origin": [-4, 0.5, -5], "size": [1, 1, 1], "uv": [67, 7]},
						{"origin": [3, 0.5, -5], "size": [1, 1, 1], "uv": [64, 6]}
					]
				}
			]
		}
	]
}