{
	"format_version": "1.12.0",
	"minecraft:geometry": [
		{
			"description": {
				"identifier": "geometry.loadisk.knife",
				"texture_width": 16,
				"texture_height": 16,
				"visible_bounds_width": 2,
				"visible_bounds_height": 1.5,
				"visible_bounds_offset": [0, 0.25, 0]
			},
			"bones": [
				{
					"name": "root",
					"pivot": [0, 0, 0],
					"cubes": [
						{"origin": [-7, 0, -1], "size": [5, 2, 2], "uv": [0, 4]},
						{"origin": [3, 0.5, -1], "size": [4, 1, 2], "uv": [0, 8]},
						{"origin": [-2, 0.5, -2], "size": [5, 1, 3], "uv": [0, 0]}
					]
				}
			]
		}
	]
}