{
	"format_version": "1.12.0",
	"minecraft:geometry": [
		{
			"description": {
				"identifier": "geometry.loadisk.mannequin",
				"texture_width": 64,
				"texture_height": 64,
				"visible_bounds_width": 2,
				"visible_bounds_height": 3.5,
				"visible_bounds_offset": [0, 1.25, 0]
			},
			"bones": [
				{
					"name": "bb_main",
					"pivot": [0, 0, 0],
					"cubes": [
						{"origin": [-1, 1, -1], "size": [2, 24, 2], "uv": [30, 28]},
						{"origin": [-5, 17, -2], "size": [10, 6, 5], "uv": [0, 13]},
						{"origin": [-4, 13, -2], "size": [8, 4, 5], "uv": [25, 19]},
						{"origin": [-5, 8, -2], "size": [10, 5, 5], "uv": [0, 24]},
						{"origin": [-7, 18.5, -2], "size": [4, 4, 5], "inflate": 0.01, "uv": [36, 0]},
						{"origin": [3, 18.5, -2], "size": [4, 4, 5], "inflate": 0.01, "uv": [0, 34]}
					]
				},
				{
					"name": "root",
					"pivot": [0, 0, 0],
					"cubes": [
						{"origin": [-6, 0, -6], "size": [12, 1, 12], "uv": [0, 0]}
					]
				}
			]
		}
	]
}