{
	"format_version": "1.12.0",
	"minecraft:geometry": [
		{
			"description": {
				"identifier": "geometry.loadisk.masked_doll",
				"texture_width": 128,
				"texture_height": 128,
				"visible_bounds_width": 2,
				"visible_bounds_height": 3.5,
				"visible_bounds_offset": [0, 1.25, 0]
			},
			"bones": [
				{
					"name": "bb_main",
					"pivot": [0, 0, 0],
					"cubes": [
						{"origin": [-5, 22, -4], "size": [10, 9, 8], "uv": [36, 36]},
						{"origin": [-7, 1, -6], "size": [14, 20, 12], "uv": [0, 0]},
						{"origin": [-6, 20, -5], "size": [12, 2, 10], "uv": [0, 32]},
						{"origin": [-3, 23, -5], "size": [6, 1, 2], "uv": [0, 44]},
						{"origin": [-3, 28, -5], "size": [6, 1, 2], "uv": [40, 8]},
						{"origin": [-3, 26, -5], "size": [6, 1, 2], "uv": [40, 5]},
						{"origin": [-3, 25, -5], "size": [6, 1, 2], "uv": [34, 32]},
						{"origin": [-3, 24, -5], "size": [2, 1, 2], "uv": [0, 35]},
						{"origin": [1, 24, -5], "size": [2, 1, 2], "uv": [0, 32]},
						{"origin": [-1, 27, -5], "size": [2, 1, 2], "uv": [34, 35]},
						{"origin": [3, 24, -4.5], "size": [1, 6, 2], "uv": [6, 3]},
						{"origin": [-2, 22, -4.5], "size": [4, 1, 2], "uv": [0, 0]},
						{"origin": [-4, 24, -4.5], "size": [1, 6, 2], "uv": [0, 3]},
						{"origin": [-3, 29, -4.5], "size": [6, 3, 2], "uv": [40, 0]}
					]
				}
			]
		}
	]
}