{
	"format_version": "1.12.0",
	"minecraft:geometry": [
		{
			"description": {
				"identifier": "geometry.loadisk.radio",
				"texture_width": 64,
				"texture_height": 64,
				"visible_bounds_width": 4,
				"visible_bounds_height": 2.5,
				"visible_bounds_offset": [0, 0.75, 0]
			},
			"bones": [
				{
					"name": "radio",
					"pivot": [0, 0, 0],
					"cubes": [
						{"origin": [-4, 4, -3], "size": [8, 1, 5], "uv": [0, 6]},
						{"origin": [-4, 0, -3], "size": [8, 1, 5], "uv": [0, 0]},
						{"origin": [3, 1, -3], "size": [1, 3, 5], "uv": [21, 1]},
						{"origin": [-3, 2, -3], "size": [6, 1, 5], "uv": [0, 12]},
						{"origin": [-4, 1, -3], "size": [1, 3, 5], "uv": [17, 17]},
						{"origin": [-3, 1, -3], "size": [1, 1, 5], "uv": [7, 23]},
						{"origin": [2, 1, -3], "size": [1, 1, 5], "uv": [0, 22]},
						{"origin": [-4, 1, 1], "size": [8, 3, 1], "inflate": 0.01, "uv": [0, 18]},
						{"origin": [-2, 1, -2.75], "size": [4, 1, 3], "uv": [24, 16]},
						{"origin": [-3, 3, -2.75], "size": [6, 1, 3], "uv": [17, 12]},
						{"origin": [-3.25, 1, -3.5], "size": [1, 1, 1], "uv": [0, 6]},
						{"origin": [2.25, 1, -3.5], "size": [1, 1, 1], "uv": [0, 2]}
					]
				},
				{
					"name": "tuner",
					"parent": "radio",
					"pivot": [-2.5, 3.5, -2.5],
					"cubes": [
						{"origin": [-3, 3, -3], "size": [1, 1, 1], "uv": [0, 0]}
					]
				}
			]
		}
	]
}