{
	"format_version": "1.12.0",
	"minecraft:geometry": [
		{
			"description": {
				"identifier": "geometry.loadisk.rest_chair",
				"texture_width": 64,
				"texture_height": 64,
				"visible_bounds_width": 4,
				"visible_bounds_height": 2.5,
				"visible_bounds_offset": [0, 0.75, 0]
			},
			"bones": [
				{
					"name": "bone",
					"pivot": [-8.025, 0.29167, 0.29167],
					"cubes": [
						{"origin": [4, 10, -6], "size": [2, 3, 1], "uv": [0, 7]},
						{"origin": [-7, 10, -6], "size": [2, 3, 1], "uv": [6, 7]},
						{"origin": [-4.5, 9.5, -7.5], "size": [8, 1, 11], "uv": [0, 16]},
						{"origin": [-5, 10, 3], "size": [6, 6, 1], "uv": [0, 0]},
						{"origin": [4, 13, -7], "size": [2, 1, 11], "uv": [27, 25]},
						{"origin": [-7, 13, -7], "size": [2, 1, 11], "uv": [0, 28]},
						{"origin": [-7, 10, 4], "size": [13, 7, 2], "uv": [27, 16]},
						{"origin": [-7, 8, -8], "size": [13, 2, 14], "uv": [0, 0]},
						{"origin": [4, 0, 4], "size": [2, 8, 2], "uv": [0, 16]},
						{"origin": [4, 0, -6], "size": [2, 8, 2], "uv": [0, 28]},
						{"origin": [-7, 0, -6], "size": [2, 8, 2], "uv": [15, 28]},
						{"origin": [-7, 0, 4], "size": [2, 8, 2], "uv": [26, 37]}
					]
				}
			]
		}
	]
}