{
	"format_version": "1.12.0",
	"minecraft:geometry": [
		{
			"description": {
				"identifier": "geometry.loadisk.soccer_ball",
				"texture_width": 64,
				"texture_height": 64,
				"visible_bounds_width": 2,
				"visible_bounds_height": 1.5,
				"visible_bounds_offset": [0, 0.25, 0]
			},
			"bones": [
				{
					"name": "root",
					"pivot": [0, 4, 0],
					"cubes": [
						{"origin": [-4, 0, -3], "size": [1, 1, 6], "uv": [22, 24]},
						{"origin": [3, 0, -3], "size": [1, 1, 6], "uv": [8, 24]},
						{"origin": [-3, 0, -4], "size": [6, 1, 8], "uv": [20, 15]},
						{"origin": [3, 7, -3], "size": [1, 1, 6], "uv": [0, 23]},
						{"origin": [-3, 7, -4], "size": [6, 1, 8], "uv": [0, 14]},
						{"origin": [-4, 7, -3], "size": [1, 1, 6], "uv": [24, 0]},
						{"origin": [-4, 1, -4], "size": [8, 6, 8], "uv": [0, 0]}
					]
				}
			]
		}
	]
}