{
	"format_version": "1.12.0",
	"minecraft:geometry": [
		{
			"description": {
				"identifier": "geometry.loadisk.static",
				"texture_width": 144,
				"texture_height": 640,
				"visible_bounds_width": 10,
				"visible_bounds_height": 5.5,
				"visible_bounds_offset": [0, 2.25, 0]
			},
			"bones": [
				{
					"name": "bb_main",
					"pivot": [0, 0, 0],
					"cubes": [
						{
							"origin": [-72, 0, -1],
							"size": [144, 64, 0],
							"uv": {
								"east": {"uv": [0, 0], "uv_size": [0, 64]},
								"south": {"uv": [144, 0], "uv_size": [144, 64]},
								"west": {"uv": [144, 0], "uv_size": [0, 64]},
								"up": {"uv": [0, 0], "uv_size": [144, 0]},
								"down": {"uv": [144, 0], "uv_size": [144, 0]}
							}
						},
						{
							"origin": [-72, 0, -1.3],
							"size": [144, 64, 0],
							"uv": {
								"north": {"uv": [0, 0], "uv_size": [144, 64]},
								"east": {"uv": [0, 0], "uv_size": [0, 64]},
								"west": {"uv": [144, 0], "uv_size": [0, 64]},
								"up": {"uv": [0, 0], "uv_size": [144, 0]},
								"down": {"uv": [144, 0], "uv_size": [144, 0]}
							}
						}
					]
				}
			]
		}
	]
}