{
	"format_version": "1.10.0",
	"minecraft:client_entity": {
		"description": {
			"identifier": "loadisk:screen",
			"materials": {"default": "entity_alphatest"},
			"textures": {"default": "textures/entity/screen"},
			"geometry": {"default": "geometry.loadisk.screen"},
			"render_controllers": ["controller.render.default"],
			"animations": {
				"snap.pos0": "animation.loadisk.snap.pos0"
			},
			"scripts": {"animate": ["snap.pos0"]},
			"spawn_egg": {"texture": "loadisk:screen"}
		}
	}
}