{
	"format_version": "1.10.0",
	"animation_controllers": {
		//Mob
		"controller.animation.loadisk.mob.lifetime": {
			"initial_state": "on_alive",
			"states": {
				"on_death": {
					"on_entry": ["/function root/mob/on_death"],
					"transitions": [{"on_alive": "q.is_alive && q.death_ticks == 0"},{"on_despawn": "q.is_transforming"}]
				},
				"on_despawn": {"on_entry": ["/function root/mob/on_despawn"]},
				"on_alive": {
					"on_entry": ["/function root/mob/on_alive"],
					"transitions": [{"on_death": "!q.is_alive && q.death_ticks > 0"},{"on_despawn": "q.is_transforming"}]
				}
			}
		},
		"controller.animation.loadisk.mob.lifetime_callback": {
			"initial_state": "on_alive",
			"states": {
				"on_death": {
					"on_entry": ["/function root/mob/on_death"],
					"transitions": [{"on_alive": "q.is_alive && q.death_ticks == 0"},{"on_despawn": "q.is_transforming"}],
					"animations": ["call.death"]
				},
				"on_despawn": {"on_entry": ["/function root/mob/on_despawn"]},
				"on_alive": {
					"on_entry": ["/function root/mob/on_alive"],
					"transitions": [{"on_death": "!q.is_alive && q.death_ticks > 0"},{"on_despawn": "q.is_transforming"}],
					"animations": ["call.life"]
				}
			}
		},
		"controller.animation.loadisk.custom.lifetime": {
			"initial_state": "check.death",
			"states": {
				"check.death": {"transitions": [{"run.death": "q.health < 100"}]},
				"run.death": {
					"on_entry": [
						"/function root/mob/on_death",
						"/tp @s ~ ~ ~",
						"/event entity @s loadisk:kill.ai_event"
					]
				}
			}
		},
		"controller.animation.loadisk.splitter.lifetime": {
			"initial_state": "check.death",
			"states": {
				"check.death": {"transitions": [{"run.death": "q.health < 100"}]},
				"run.death": {
					"transitions": [{"check.death": "q.health > 100"}],
					"on_entry": [
						"/function root/mob/on_death",
						"/tp @s ~ ~ ~",
						"/event entity @s loadisk:kill.ai_event"
					],
					"on_exit": [
						"/event entity @s loadisk:revive_event"
					]
				}
			}
		},
		"controller.animation.loadisk.statue.lifetime": {
			"initial_state": "check.death",
			"states": {
				"check.death": {"transitions": [{"run.death": "q.health < 100"}]},
				"run.death": {
					"on_entry": [
						"/tp @s ~ ~ ~",
						"/event entity @s loadisk:kill.ai_event"
					],
					"transitions": [{"run.loot": "q.health < 90"}]
				},
				"run.loot": {
					"on_entry": [
						"/function root/mob/on_death",
						"/tp @s ~ ~ ~",
						"/event entity @s loadisk:looted_event"
					]
				}
			}
		},
		//Player
		"controller.animation.loadisk.player.lifetime": {
			"initial_state": "on_death",
			"states": {
				"on_death": {
					"transitions": [
						{"on_alive": "!q.is_alive && q.death_ticks > 0"}
					],
					"on_exit": ["/function root/mob/player/on_death","/tag @s add is_dead"]
				},
				"on_alive": {
					"on_exit": ["/function root/mob/player/on_alive","/tag @s remove is_dead"],
					"transitions": [{"on_death": "q.is_alive"}]
				}
			}
		},
		"controller.animation.loadisk.player.input": {
			"initial_state": "init",
			"states": {
				"left_click": {
					"transitions": [{"init": "variable.attack_time == 0.0"}],
					"on_exit": ["/function root/mob/player/action/input.left_click"]
				},
				"right_click": {
					"transitions": [{"init": "!q.is_using_item"}],
					"on_entry": ["/function root/mob/player/action/input.right_click"]
				},
				"init": {
					"transitions": [
						{"left_click": "variable.attack_time > 0.0"},
						{"right_click": "q.is_using_item"}
					]
				}
			}
		},
		"controller.animation.loadisk.player.jump": {
			"initial_state": "init",
			"states": {
				"jump": {
					"transitions": [{"init": "!q.is_jumping"}],
					"animations": ["null"],"on_entry": ["/scoreboard players set @s v.jump 1"],"on_exit": ["/scoreboard players set @s v.jump 0","/scoreboard players set @s c.jump 0"]
				},
				"init": {"transitions": [{"jump": "q.is_jumping"}]}
			}
		},
		"controller.animation.loadisk.player.sleep": {
			"initial_state": "init",
			"states": {
				"jump": {
					"transitions": [{"init": "!q.is_sleeping"}],
					"animations": ["null"],"on_entry": ["/scoreboard players set @s v.sleep 1"],"on_exit": ["/scoreboard players set @s v.sleep 0","/scoreboard players set @s c.sleep 0"]
				},
				"init": {"transitions": [{"jump": "q.is_sleeping"}]}
			}
		},
		"controller.animation.loadisk.player.movment": {
			"initial_state": "init",
			"states": {
				"moving": {
					"transitions": [{"init": "!q.is_moving || q.is_sprinting"}],
					"animations": ["null"],"on_entry": ["/scoreboard players set @s v.move 1"],"on_exit": ["/scoreboard players set @s v.move 0","/scoreboard players set @s c.move 0"]
				},
				"sprinting": {
					"transitions": [{"init": "!q.is_sprinting"},{"sneaking": "q.is_sneaking"}],
					"animations": ["null"],"on_entry": ["/scoreboard players set @s v.sprint 1"],"on_exit": ["/scoreboard players set @s v.sprint 0","/scoreboard players set @s c.sprint 0"]
				},
				"sneaking": {
					"transitions": [{"init": "!q.is_sneaking"},{"sneaking": "q.is_sneaking"}],
					"animations": ["null"],"on_entry": ["/scoreboard players set @s v.sneak 1"],"on_exit": ["/scoreboard players set @s v.sneak 0","/scoreboard players set @s c.sneak 0"]
				},
				"swimming": {
					"transitions": [{"init": "!q.is_in_water"},{"sneaking": "q.is_sneaking"}],
					"animations": ["null"],"on_entry": ["/scoreboard players set @s v.swim 1"],"on_exit": ["/scoreboard players set @s v.swim 0","/scoreboard players set @s c.swim 0"]
				},
				"idle": {
					"transitions": [{"init": "q.is_moving"},{"sneaking": "q.is_sneaking"}],
					"animations": ["null"],"on_entry": ["/scoreboard players set @s v.idle 1"],"on_exit": ["/scoreboard players set @s v.idle 0","/scoreboard players set @s c.idle 0"]
				},
				"init": {
					"transitions": [
						{"moving": "q.is_moving && !q.is_sprinting && !q.is_sneaking && !q.is_in_water "},
						{"sprinting": "q.is_sprinting"},
						{"sneaking": "q.is_sneaking"},
						{"swimming": "q.is_in_water"},
						{"idle": "!q.is_moving"}
					]
				}
			}
		}
	}
}