{
	"format_version": "1.10.0",
	"animation_controllers": {
        "controller.animation.loadisk.crafting_guide.check.owner": {
			"initial_state" : "state_filter",
			"states": {
				"owner.p1": {"on_entry": ["/tag @s add owner.p1"]},
				"owner.p2": {"on_entry": ["/tag @s add owner.p2"]},
				"owner.p3": {"on_entry": ["/tag @s add owner.p3"]},
				"owner.p4": {"on_entry": ["/tag @s add owner.p4"]},
				"state_filter": {
					"transitions": [
						{"owner.p1": "q.variant == 1"},
						{"owner.p2": "q.variant == 2"},
						{"owner.p3": "q.variant == 3"},
						{"owner.p4": "q.variant == 4"}
					]
				}
			}
		},
		"controller.animation.loadisk.crafting_guide.button": {
			"initial_state" : "state_filter",
			"states": {
				"send.data": {
					"on_entry": ["/say data.send","/event entity @s loadisk:kill.send_event"],
					"transitions": [{"state_filter": "!q.is_stunned"}]
				},
				"state_filter": {"transitions": [{"send.data": "q.is_stunned"}]}
			}
		}
	}
}