{
	"format_version": "1.10.0",
	"animation_controllers": {
		"controller.animation.loadisk.game_time.range": {
			"initial_state": "init",
			"states": {
				"init": {
					"transitions": [
						{"midnight": "q.time_of_day >= 0.0 && q.time_of_day < 0.15"},
						{"sunrise": "q.time_of_day >= 0.15 && q.time_of_day < 0.5"},
						{"noon": "q.time_of_day >= 0.5 && q.time_of_day < 0.75"},
						{"sunset": "q.time_of_day >= 0.75 && q.time_of_day < 0.80"},
						{"dusk": "q.time_of_day >= 0.80 && q.time_of_day < 0.99"}
					]
				},
				"midnight": {
					"transitions": [{"init": "q.is_alive"}],
					"on_entry": [
						"/scoreboard players set @e[type=loadisk:ram] v.time 0",
						"/scoreboard players set @a[tag=game_active] v.time 0"
					]
				},
				"sunrise": {
					"transitions": [{"init": "q.is_alive"}],
					"on_entry": [
						"/scoreboard players set @e[type=loadisk:ram] v.time 1",
						"/scoreboard players set @a[tag=game_active] v.time 1"
					]
				},
				"noon": {
					"transitions": [{"init": "q.is_alive"}],
					"on_entry": [
						"/scoreboard players set @e[type=loadisk:ram] v.time 1",
						"/scoreboard players set @a[tag=game_active] v.time 1"
					]
				},
				"sunset": {
					"transitions": [{"init": "q.is_alive"}],
					"on_entry": [
						"/scoreboard players set @e[type=loadisk:ram] v.time 1",
						"/scoreboard players set @a[tag=game_active] v.time 1"
					]
				},
				"dusk": {
					"transitions": [{"init": "q.is_alive"}],
					"on_entry": [
						"/scoreboard players set @e[type=loadisk:ram] v.time 0",
						"/scoreboard players set @a[tag=game_active] v.time 0"
					]
				}
			}
		},
		"controller.animation.loadisk.game_time": {
			"initial_state": "init",
			"states": {
				"init": {
					"transitions": [
						{"0.0": "q.time_of_day == 0.0"},
						{"0.1": "q.time_of_day == 0.1"},
						{"0.2": "q.time_of_day == 0.2"},
						{"0.3": "q.time_of_day == 0.3"},
						{"0.6": "q.time_of_day == 0.6"},
						{"0.8": "q.time_of_day == 0.8"},
						{"0.9": "q.time_of_day == 0.9"},
						{"0.10": "q.time_of_day == 0.10"},
						{"0.11": "q.time_of_day == 0.11"},
						{"0.12": "q.time_of_day == 0.12"},
						{"0.13": "q.time_of_day == 0.13"},
						{"0.14": "q.time_of_day == 0.14"},
						{"0.15": "q.time_of_day == 0.15"},
						{"0.16": "q.time_of_day == 0.16"},
						{"0.17": "q.time_of_day == 0.17"},
						{"0.18": "q.time_of_day == 0.18"},
						{"0.19": "q.time_of_day == 0.19"},
						{"0.20": "q.time_of_day == 0.20"},
						{"0.21": "q.time_of_day == 0.21"},
						{"0.22": "q.time_of_day == 0.22"},
						{"0.23": "q.time_of_day == 0.23"},
						{"0.24": "q.time_of_day == 0.24"},
						{"0.25": "q.time_of_day == 0.25"},
						{"0.26": "q.time_of_day == 0.26"},
						{"0.27": "q.time_of_day == 0.27"},
						{"0.28": "q.time_of_day == 0.28"},
						{"0.29": "q.time_of_day == 0.29"},
						{"0.30": "q.time_of_day == 0.30"},
						{"0.31": "q.time_of_day == 0.31"},
						{"0.32": "q.time_of_day == 0.32"},
						{"0.33": "q.time_of_day == 0.33"},
						{"0.34": "q.time_of_day == 0.34"},
						{"0.35": "q.time_of_day == 0.35"},
						{"0.36": "q.time_of_day == 0.36"},
						{"0.37": "q.time_of_day == 0.37"},
						{"0.38": "q.time_of_day == 0.38"},
						{"0.39": "q.time_of_day == 0.39"},
						{"0.40": "q.time_of_day == 0.40"},
						{"0.41": "q.time_of_day == 0.41"},
						{"0.42": "q.time_of_day == 0.42"},
						{"0.43": "q.time_of_day == 0.43"},
						{"0.44": "q.time_of_day == 0.44"},
						{"0.45": "q.time_of_day == 0.45"},
						{"0.46": "q.time_of_day == 0.46"},
						{"0.47": "q.time_of_day == 0.47"},
						{"0.48": "q.time_of_day == 0.48"},
						{"0.49": "q.time_of_day == 0.49"},
						{"0.50": "q.time_of_day == 0.50"},
						{"0.51": "q.time_of_day == 0.51"},
						{"0.52": "q.time_of_day == 0.52"},
						{"0.53": "q.time_of_day == 0.53"},
						{"0.54": "q.time_of_day == 0.54"},
						{"0.55": "q.time_of_day == 0.55"},
						{"0.56": "q.time_of_day == 0.56"},
						{"0.57": "q.time_of_day == 0.57"},
						{"0.58": "q.time_of_day == 0.58"},
						{"0.59": "q.time_of_day == 0.59"},
						{"0.60": "q.time_of_day == 0.60"},
						{"0.61": "q.time_of_day == 0.61"},
						{"0.62": "q.time_of_day == 0.62"},
						{"0.63": "q.time_of_day == 0.63"},
						{"0.64": "q.time_of_day == 0.64"},
						{"0.65": "q.time_of_day == 0.65"},
						{"0.66": "q.time_of_day == 0.66"},
						{"0.67": "q.time_of_day == 0.67"},
						{"0.68": "q.time_of_day == 0.68"},
						{"0.69": "q.time_of_day == 0.69"},
						{"0.70": "q.time_of_day == 0.70"},
						{"0.71": "q.time_of_day == 0.71"},
						{"0.72": "q.time_of_day == 0.72"},
						{"0.73": "q.time_of_day == 0.73"},
						{"0.74": "q.time_of_day == 0.74"},
						{"0.75": "q.time_of_day == 0.75"},
						{"0.76": "q.time_of_day == 0.76"},
						{"0.77": "q.time_of_day == 0.77"},
						{"0.78": "q.time_of_day == 0.78"},
						{"0.79": "q.time_of_day == 0.79"},
						{"0.80": "q.time_of_day == 0.80"},
						{"0.81": "q.time_of_day == 0.81"},
						{"0.82": "q.time_of_day == 0.82"},
						{"0.83": "q.time_of_day == 0.83"},
						{"0.84": "q.time_of_day == 0.84"},
						{"0.85": "q.time_of_day == 0.85"},
						{"0.86": "q.time_of_day == 0.86"},
						{"0.87": "q.time_of_day == 0.87"},
						{"0.88": "q.time_of_day == 0.88"},
						{"0.89": "q.time_of_day == 0.89"},
						{"0.90": "q.time_of_day == 0.90"},
						{"0.91": "q.time_of_day == 0.91"},
						{"0.92": "q.time_of_day == 0.92"},
						{"0.93": "q.time_of_day == 0.93"},
						{"0.94": "q.time_of_day == 0.94"},
						{"0.95": "q.time_of_day == 0.95"},
						{"0.96": "q.time_of_day == 0.96"},
						{"0.97": "q.time_of_day == 0.97"},
						{"0.98": "q.time_of_day == 0.98"},
						{"0.99": "q.time_of_day == 0.99"},
						{"0.100": "q.time_of_day == 0.100"}
					]
				},
				"0.0": {"transitions": [{"init": "q.is_alive"}],"on_entry": ["/scoreboard players set @e[type=loadisk:ram] c.time 0","/scoreboard players set @a[tag=game_active] c.time 0"]},
				"0.1": {"transitions": [{"init": "q.is_alive"}],"on_entry": ["/scoreboard players set @e[type=loadisk:ram] c.time 1","/scoreboard players set @a[tag=game_active] c.time 1"]},
				"0.2": {"transitions": [{"init": "q.is_alive"}],"on_entry": ["/scoreboard players set @e[type=loadisk:ram] c.time 2","/scoreboard players set @a[tag=game_active] c.time 2"]},
				"0.3": {"transitions": [{"init": "q.is_alive"}],"on_entry": ["/scoreboard players set @e[type=loadisk:ram] c.time 3","/scoreboard players set @a[tag=game_active] c.time 3"]},
				"0.4": {"transitions": [{"init": "q.is_alive"}],"on_entry": ["/scoreboard players set @e[type=loadisk:ram] c.time 4","/scoreboard players set @a[tag=game_active] c.time 4"]},
				"0.5": {"transitions": [{"init": "q.is_alive"}],"on_entry": ["/scoreboard players set @e[type=loadisk:ram] c.time 5","/scoreboard players set @a[tag=game_active] c.time 5"]},
				"0.6": {"transitions": [{"init": "q.is_alive"}],"on_entry": ["/scoreboard players set @e[type=loadisk:ram] c.time 6","/scoreboard players set @a[tag=game_active] c.time 6"]},
				"0.7": {"transitions": [{"init": "q.is_alive"}],"on_entry": ["/scoreboard players set @e[type=loadisk:ram] c.time 7","/scoreboard players set @a[tag=game_active] c.time 7"]},
				"0.8": {"transitions": [{"init": "q.is_alive"}],"on_entry": ["/scoreboard players set @e[type=loadisk:ram] c.time 8","/scoreboard players set @a[tag=game_active] c.time 8"]},
				"0.9": {"transitions": [{"init": "q.is_alive"}],"on_entry": ["/scoreboard players set @e[type=loadisk:ram] c.time 9","/scoreboard players set @a[tag=game_active] c.time 9"]},
				"0.10": {"transitions": [{"init": "q.is_alive"}],"on_entry": ["/scoreboard players set @e[type=loadisk:ram] c.time 10","/scoreboard players set @a[tag=game_active] c.time 10"]},
				"0.11": {"transitions": [{"init": "q.is_alive"}],"on_entry": ["/scoreboard players set @e[type=loadisk:ram] c.time 11","/scoreboard players set @a[tag=game_active] c.time 11"]},
				"0.12": {"transitions": [{"init": "q.is_alive"}],"on_entry": ["/scoreboard players set @e[type=loadisk:ram] c.time 12","/scoreboard players set @a[tag=game_active] c.time 12"]},
				"0.13": {"transitions": [{"init": "q.is_alive"}],"on_entry": ["/scoreboard players set @e[type=loadisk:ram] c.time 13","/scoreboard players set @a[tag=game_active] c.time 13"]},
				"0.14": {"transitions": [{"init": "q.is_alive"}],"on_entry": ["/scoreboard players set @e[type=loadisk:ram] c.time 14","/scoreboard players set @a[tag=game_active] c.time 14"]},
				"0.15": {"transitions": [{"init": "q.is_alive"}],"on_entry": ["/scoreboard players set @e[type=loadisk:ram] c.time 15","/scoreboard players set @a[tag=game_active] c.time 15"]},
				"0.16": {"transitions": [{"init": "q.is_alive"}],"on_entry": ["/scoreboard players set @e[type=loadisk:ram] c.time 16","/scoreboard players set @a[tag=game_active] c.time 16"]},
				"0.17": {"transitions": [{"init": "q.is_alive"}],"on_entry": ["/scoreboard players set @e[type=loadisk:ram] c.time 17","/scoreboard players set @a[tag=game_active] c.time 17"]},
				"0.18": {"transitions": [{"init": "q.is_alive"}],"on_entry": ["/scoreboard players set @e[type=loadisk:ram] c.time 18","/scoreboard players set @a[tag=game_active] c.time 18"]},
				"0.19": {"transitions": [{"init": "q.is_alive"}],"on_entry": ["/scoreboard players set @e[type=loadisk:ram] c.time 19","/scoreboard players set @a[tag=game_active] c.time 19"]},
				"0.20": {"transitions": [{"init": "q.is_alive"}],"on_entry": ["/scoreboard players set @e[type=loadisk:ram] c.time 20","/scoreboard players set @a[tag=game_active] c.time 20"]},
				"0.21": {"transitions": [{"init": "q.is_alive"}],"on_entry": ["/scoreboard players set @e[type=loadisk:ram] c.time 21","/scoreboard players set @a[tag=game_active] c.time 21"]},
				"0.22": {"transitions": [{"init": "q.is_alive"}],"on_entry": ["/scoreboard players set @e[type=loadisk:ram] c.time 22","/scoreboard players set @a[tag=game_active] c.time 22"]},
				"0.23": {"transitions": [{"init": "q.is_alive"}],"on_entry": ["/scoreboard players set @e[type=loadisk:ram] c.time 23","/scoreboard players set @a[tag=game_active] c.time 23"]},
				"0.24": {"transitions": [{"init": "q.is_alive"}],"on_entry": ["/scoreboard players set @e[type=loadisk:ram] c.time 24","/scoreboard players set @a[tag=game_active] c.time 24"]},
				"0.25": {"transitions": [{"init": "q.is_alive"}],"on_entry": ["/scoreboard players set @e[type=loadisk:ram] c.time 25","/scoreboard players set @a[tag=game_active] c.time 25"]},
				"0.26": {"transitions": [{"init": "q.is_alive"}],"on_entry": ["/scoreboard players set @e[type=loadisk:ram] c.time 26","/scoreboard players set @a[tag=game_active] c.time 26"]},
				"0.27": {"transitions": [{"init": "q.is_alive"}],"on_entry": ["/scoreboard players set @e[type=loadisk:ram] c.time 27","/scoreboard players set @a[tag=game_active] c.time 27"]},
				"0.28": {"transitions": [{"init": "q.is_alive"}],"on_entry": ["/scoreboard players set @e[type=loadisk:ram] c.time 28","/scoreboard players set @a[tag=game_active] c.time 28"]},
				"0.29": {"transitions": [{"init": "q.is_alive"}],"on_entry": ["/scoreboard players set @e[type=loadisk:ram] c.time 29","/scoreboard players set @a[tag=game_active] c.time 29"]},
				"0.30": {"transitions": [{"init": "q.is_alive"}],"on_entry": ["/scoreboard players set @e[type=loadisk:ram] c.time 30","/scoreboard players set @a[tag=game_active] c.time 30"]},
				"0.31": {"transitions": [{"init": "q.is_alive"}],"on_entry": ["/scoreboard players set @e[type=loadisk:ram] c.time 31","/scoreboard players set @a[tag=game_active] c.time 31"]},
				"0.32": {"transitions": [{"init": "q.is_alive"}],"on_entry": ["/scoreboard players set @e[type=loadisk:ram] c.time 32","/scoreboard players set @a[tag=game_active] c.time 32"]},
				"0.33": {"transitions": [{"init": "q.is_alive"}],"on_entry": ["/scoreboard players set @e[type=loadisk:ram] c.time 33","/scoreboard players set @a[tag=game_active] c.time 33"]},
				"0.34": {"transitions": [{"init": "q.is_alive"}],"on_entry": ["/scoreboard players set @e[type=loadisk:ram] c.time 34","/scoreboard players set @a[tag=game_active] c.time 34"]},
				"0.35": {"transitions": [{"init": "q.is_alive"}],"on_entry": ["/scoreboard players set @e[type=loadisk:ram] c.time 35","/scoreboard players set @a[tag=game_active] c.time 35"]},
				"0.36": {"transitions": [{"init": "q.is_alive"}],"on_entry": ["/scoreboard players set @e[type=loadisk:ram] c.time 36","/scoreboard players set @a[tag=game_active] c.time 36"]},
				"0.37": {"transitions": [{"init": "q.is_alive"}],"on_entry": ["/scoreboard players set @e[type=loadisk:ram] c.time 37","/scoreboard players set @a[tag=game_active] c.time 37"]},
				"0.38": {"transitions": [{"init": "q.is_alive"}],"on_entry": ["/scoreboard players set @e[type=loadisk:ram] c.time 38","/scoreboard players set @a[tag=game_active] c.time 38"]},
				"0.39": {"transitions": [{"init": "q.is_alive"}],"on_entry": ["/scoreboard players set @e[type=loadisk:ram] c.time 39","/scoreboard players set @a[tag=game_active] c.time 39"]},
				"0.40": {"transitions": [{"init": "q.is_alive"}],"on_entry": ["/scoreboard players set @e[type=loadisk:ram] c.time 40","/scoreboard players set @a[tag=game_active] c.time 40"]},
				"0.41": {"transitions": [{"init": "q.is_alive"}],"on_entry": ["/scoreboard players set @e[type=loadisk:ram] c.time 41","/scoreboard players set @a[tag=game_active] c.time 41"]},
				"0.42": {"transitions": [{"init": "q.is_alive"}],"on_entry": ["/scoreboard players set @e[type=loadisk:ram] c.time 42","/scoreboard players set @a[tag=game_active] c.time 42"]},
				"0.43": {"transitions": [{"init": "q.is_alive"}],"on_entry": ["/scoreboard players set @e[type=loadisk:ram] c.time 43","/scoreboard players set @a[tag=game_active] c.time 43"]},
				"0.44": {"transitions": [{"init": "q.is_alive"}],"on_entry": ["/scoreboard players set @e[type=loadisk:ram] c.time 44","/scoreboard players set @a[tag=game_active] c.time 44"]},
				"0.45": {"transitions": [{"init": "q.is_alive"}],"on_entry": ["/scoreboard players set @e[type=loadisk:ram] c.time 45","/scoreboard players set @a[tag=game_active] c.time 45"]},
				"0.46": {"transitions": [{"init": "q.is_alive"}],"on_entry": ["/scoreboard players set @e[type=loadisk:ram] c.time 46","/scoreboard players set @a[tag=game_active] c.time 46"]},
				"0.47": {"transitions": [{"init": "q.is_alive"}],"on_entry": ["/scoreboard players set @e[type=loadisk:ram] c.time 47","/scoreboard players set @a[tag=game_active] c.time 47"]},
				"0.48": {"transitions": [{"init": "q.is_alive"}],"on_entry": ["/scoreboard players set @e[type=loadisk:ram] c.time 48","/scoreboard players set @a[tag=game_active] c.time 48"]},
				"0.49": {"transitions": [{"init": "q.is_alive"}],"on_entry": ["/scoreboard players set @e[type=loadisk:ram] c.time 49","/scoreboard players set @a[tag=game_active] c.time 49"]},
				"0.50": {"transitions": [{"init": "q.is_alive"}],"on_entry": ["/scoreboard players set @e[type=loadisk:ram] c.time 50","/scoreboard players set @a[tag=game_active] c.time 50"]},
				"0.51": {"transitions": [{"init": "q.is_alive"}],"on_entry": ["/scoreboard players set @e[type=loadisk:ram] c.time 51","/scoreboard players set @a[tag=game_active] c.time 51"]},
				"0.52": {"transitions": [{"init": "q.is_alive"}],"on_entry": ["/scoreboard players set @e[type=loadisk:ram] c.time 52","/scoreboard players set @a[tag=game_active] c.time 52"]},
				"0.53": {"transitions": [{"init": "q.is_alive"}],"on_entry": ["/scoreboard players set @e[type=loadisk:ram] c.time 53","/scoreboard players set @a[tag=game_active] c.time 53"]},
				"0.54": {"transitions": [{"init": "q.is_alive"}],"on_entry": ["/scoreboard players set @e[type=loadisk:ram] c.time 54","/scoreboard players set @a[tag=game_active] c.time 54"]},
				"0.55": {"transitions": [{"init": "q.is_alive"}],"on_entry": ["/scoreboard players set @e[type=loadisk:ram] c.time 55","/scoreboard players set @a[tag=game_active] c.time 55"]},
				"0.56": {"transitions": [{"init": "q.is_alive"}],"on_entry": ["/scoreboard players set @e[type=loadisk:ram] c.time 56","/scoreboard players set @a[tag=game_active] c.time 56"]},
				"0.57": {"transitions": [{"init": "q.is_alive"}],"on_entry": ["/scoreboard players set @e[type=loadisk:ram] c.time 57","/scoreboard players set @a[tag=game_active] c.time 57"]},
				"0.58": {"transitions": [{"init": "q.is_alive"}],"on_entry": ["/scoreboard players set @e[type=loadisk:ram] c.time 58","/scoreboard players set @a[tag=game_active] c.time 58"]},
				"0.59": {"transitions": [{"init": "q.is_alive"}],"on_entry": ["/scoreboard players set @e[type=loadisk:ram] c.time 59","/scoreboard players set @a[tag=game_active] c.time 59"]},
				"0.60": {"transitions": [{"init": "q.is_alive"}],"on_entry": ["/scoreboard players set @e[type=loadisk:ram] c.time 60","/scoreboard players set @a[tag=game_active] c.time 60"]},
				"0.61": {"transitions": [{"init": "q.is_alive"}],"on_entry": ["/scoreboard players set @e[type=loadisk:ram] c.time 61","/scoreboard players set @a[tag=game_active] c.time 61"]},
				"0.62": {"transitions": [{"init": "q.is_alive"}],"on_entry": ["/scoreboard players set @e[type=loadisk:ram] c.time 62","/scoreboard players set @a[tag=game_active] c.time 62"]},
				"0.63": {"transitions": [{"init": "q.is_alive"}],"on_entry": ["/scoreboard players set @e[type=loadisk:ram] c.time 63","/scoreboard players set @a[tag=game_active] c.time 63"]},
				"0.64": {"transitions": [{"init": "q.is_alive"}],"on_entry": ["/scoreboard players set @e[type=loadisk:ram] c.time 64","/scoreboard players set @a[tag=game_active] c.time 64"]},
				"0.65": {"transitions": [{"init": "q.is_alive"}],"on_entry": ["/scoreboard players set @e[type=loadisk:ram] c.time 65","/scoreboard players set @a[tag=game_active] c.time 65"]},
				"0.66": {"transitions": [{"init": "q.is_alive"}],"on_entry": ["/scoreboard players set @e[type=loadisk:ram] c.time 66","/scoreboard players set @a[tag=game_active] c.time 66"]},
				"0.67": {"transitions": [{"init": "q.is_alive"}],"on_entry": ["/scoreboard players set @e[type=loadisk:ram] c.time 67","/scoreboard players set @a[tag=game_active] c.time 67"]},
				"0.68": {"transitions": [{"init": "q.is_alive"}],"on_entry": ["/scoreboard players set @e[type=loadisk:ram] c.time 68","/scoreboard players set @a[tag=game_active] c.time 68"]},
				"0.69": {"transitions": [{"init": "q.is_alive"}],"on_entry": ["/scoreboard players set @e[type=loadisk:ram] c.time 69","/scoreboard players set @a[tag=game_active] c.time 69"]},
				"0.70": {"transitions": [{"init": "q.is_alive"}],"on_entry": ["/scoreboard players set @e[type=loadisk:ram] c.time 70","/scoreboard players set @a[tag=game_active] c.time 70"]},
				"0.71": {"transitions": [{"init": "q.is_alive"}],"on_entry": ["/scoreboard players set @e[type=loadisk:ram] c.time 71","/scoreboard players set @a[tag=game_active] c.time 71"]},
				"0.72": {"transitions": [{"init": "q.is_alive"}],"on_entry": ["/scoreboard players set @e[type=loadisk:ram] c.time 72","/scoreboard players set @a[tag=game_active] c.time 72"]},
				"0.73": {"transitions": [{"init": "q.is_alive"}],"on_entry": ["/scoreboard players set @e[type=loadisk:ram] c.time 73","/scoreboard players set @a[tag=game_active] c.time 73"]},
				"0.74": {"transitions": [{"init": "q.is_alive"}],"on_entry": ["/scoreboard players set @e[type=loadisk:ram] c.time 74","/scoreboard players set @a[tag=game_active] c.time 74"]},
				"0.75": {"transitions": [{"init": "q.is_alive"}],"on_entry": ["/scoreboard players set @e[type=loadisk:ram] c.time 75","/scoreboard players set @a[tag=game_active] c.time 75"]},
				"0.76": {"transitions": [{"init": "q.is_alive"}],"on_entry": ["/scoreboard players set @e[type=loadisk:ram] c.time 76","/scoreboard players set @a[tag=game_active] c.time 76"]},
				"0.77": {"transitions": [{"init": "q.is_alive"}],"on_entry": ["/scoreboard players set @e[type=loadisk:ram] c.time 77","/scoreboard players set @a[tag=game_active] c.time 77"]},
				"0.78": {"transitions": [{"init": "q.is_alive"}],"on_entry": ["/scoreboard players set @e[type=loadisk:ram] c.time 78","/scoreboard players set @a[tag=game_active] c.time 78"]},
				"0.79": {"transitions": [{"init": "q.is_alive"}],"on_entry": ["/scoreboard players set @e[type=loadisk:ram] c.time 79","/scoreboard players set @a[tag=game_active] c.time 79"]},
				"0.80": {"transitions": [{"init": "q.is_alive"}],"on_entry": ["/scoreboard players set @e[type=loadisk:ram] c.time 80","/scoreboard players set @a[tag=game_active] c.time 80"]},
				"0.81": {"transitions": [{"init": "q.is_alive"}],"on_entry": ["/scoreboard players set @e[type=loadisk:ram] c.time 81","/scoreboard players set @a[tag=game_active] c.time 81"]},
				"0.82": {"transitions": [{"init": "q.is_alive"}],"on_entry": ["/scoreboard players set @e[type=loadisk:ram] c.time 82","/scoreboard players set @a[tag=game_active] c.time 82"]},
				"0.83": {"transitions": [{"init": "q.is_alive"}],"on_entry": ["/scoreboard players set @e[type=loadisk:ram] c.time 83","/scoreboard players set @a[tag=game_active] c.time 83"]},
				"0.84": {"transitions": [{"init": "q.is_alive"}],"on_entry": ["/scoreboard players set @e[type=loadisk:ram] c.time 84","/scoreboard players set @a[tag=game_active] c.time 84"]},
				"0.85": {"transitions": [{"init": "q.is_alive"}],"on_entry": ["/scoreboard players set @e[type=loadisk:ram] c.time 85","/scoreboard players set @a[tag=game_active] c.time 85"]},
				"0.86": {"transitions": [{"init": "q.is_alive"}],"on_entry": ["/scoreboard players set @e[type=loadisk:ram] c.time 86","/scoreboard players set @a[tag=game_active] c.time 86"]},
				"0.87": {"transitions": [{"init": "q.is_alive"}],"on_entry": ["/scoreboard players set @e[type=loadisk:ram] c.time 87","/scoreboard players set @a[tag=game_active] c.time 87"]},
				"0.88": {"transitions": [{"init": "q.is_alive"}],"on_entry": ["/scoreboard players set @e[type=loadisk:ram] c.time 88","/scoreboard players set @a[tag=game_active] c.time 88"]},
				"0.89": {"transitions": [{"init": "q.is_alive"}],"on_entry": ["/scoreboard players set @e[type=loadisk:ram] c.time 89","/scoreboard players set @a[tag=game_active] c.time 89"]},
				"0.90": {"transitions": [{"init": "q.is_alive"}],"on_entry": ["/scoreboard players set @e[type=loadisk:ram] c.time 90","/scoreboard players set @a[tag=game_active] c.time 90"]},
				"0.91": {"transitions": [{"init": "q.is_alive"}],"on_entry": ["/scoreboard players set @e[type=loadisk:ram] c.time 91","/scoreboard players set @a[tag=game_active] c.time 91"]},
				"0.92": {"transitions": [{"init": "q.is_alive"}],"on_entry": ["/scoreboard players set @e[type=loadisk:ram] c.time 92","/scoreboard players set @a[tag=game_active] c.time 92"]},
				"0.93": {"transitions": [{"init": "q.is_alive"}],"on_entry": ["/scoreboard players set @e[type=loadisk:ram] c.time 93","/scoreboard players set @a[tag=game_active] c.time 93"]},
				"0.94": {"transitions": [{"init": "q.is_alive"}],"on_entry": ["/scoreboard players set @e[type=loadisk:ram] c.time 94","/scoreboard players set @a[tag=game_active] c.time 94"]},
				"0.95": {"transitions": [{"init": "q.is_alive"}],"on_entry": ["/scoreboard players set @e[type=loadisk:ram] c.time 95","/scoreboard players set @a[tag=game_active] c.time 95"]},
				"0.96": {"transitions": [{"init": "q.is_alive"}],"on_entry": ["/scoreboard players set @e[type=loadisk:ram] c.time 96","/scoreboard players set @a[tag=game_active] c.time 96"]},
				"0.97": {"transitions": [{"init": "q.is_alive"}],"on_entry": ["/scoreboard players set @e[type=loadisk:ram] c.time 97","/scoreboard players set @a[tag=game_active] c.time 97"]},
				"0.98": {"transitions": [{"init": "q.is_alive"}],"on_entry": ["/scoreboard players set @e[type=loadisk:ram] c.time 98","/scoreboard players set @a[tag=game_active] c.time 98"]},
				"0.99": {"transitions": [{"init": "q.is_alive"}],"on_entry": ["/scoreboard players set @e[type=loadisk:ram] c.time 99","/scoreboard players set @a[tag=game_active] c.time 99"]},
				"0.100": {"transitions": [{"init": "q.is_alive"}],"on_entry": ["/scoreboard players set @e[type=loadisk:ram] c.time 100","/scoreboard players set @a[tag=game_active] c.time 100"]}
			}
		}
	}
}