{
	"format_version": "1.10.0",
	"animation_controllers": {
        "controller.animation.loadisk.mode.sensor": {
			"initial_state" : "state_filter",
			"states": {
				"creative": {
					"transitions": [{"state_filter": "!q.is_stunned"}],
					"on_entry": ["/execute at @a run effect @e[family=hidable] clear"]
				},
				"survival": {
					"transitions": [{"state_filter": "!q.is_sheared"}],
					"on_entry": ["/execute at @a run effect @e[family=hidable] invisibility 1000000000 1 true"]
				},
				"state_filter": {
					"transitions": [
						{"survival": "q.is_sheared"},
						{"creative": "q.is_stunned"}
					]
				}
			}
		},
        "controller.animation.loadisk.biome.sensor": {
			"states": {
				"variant00": {
					"transitions": [{"state_filter": "query.variant != 0"}],
					"on_entry": ["/scoreboard players add @s g.biome 0"],
					"on_exit": ["/scoreboard players reset @s g.biome"]
				},
				"variant01": {
					"transitions": [{"state_filter": "query.variant != 1"}],
					"on_entry": ["/scoreboard players add @s g.biome 1"],
					"on_exit": ["/scoreboard players reset @s g.biome"]
				},
				"variant02": {
					"transitions": [{"state_filter": "query.variant != 2"}],
					"on_entry": ["/scoreboard players add @s g.biome 2"],
					"on_exit": ["/scoreboard players reset @s g.biome"]
				},
				"variant03": {
					"transitions": [{"state_filter": "query.variant != 3"}],
					"on_entry": ["/scoreboard players add @s g.biome 3"],
					"on_exit": ["/scoreboard players reset @s g.biome"]
				},
				"variant04": {
					"transitions": [{"state_filter": "query.variant != 4"}],
					"on_entry": ["/scoreboard players add @s g.biome 4"],
					"on_exit": ["/scoreboard players reset @s g.biome"]
				},
				"variant05": {
					"transitions": [{"state_filter": "query.variant != 5"}],
					"on_entry": ["/scoreboard players add @s g.biome 5"],
					"on_exit": ["/scoreboard players reset @s g.biome"]
				},
				"variant06": {
					"transitions": [{"state_filter": "query.variant != 6"}],
					"on_entry": ["/scoreboard players add @s g.biome 6"],
					"on_exit": ["/scoreboard players reset @s g.biome"]
				},
				"variant07": {
					"transitions": [{"state_filter": "query.variant != 7"}],
					"on_entry": ["/scoreboard players add @s g.biome 7"],
					"on_exit": ["/scoreboard players reset @s g.biome"]
				},
				"variant08": {
					"transitions": [{"state_filter": "query.variant != 8"}],
					"on_entry": ["/scoreboard players add @s g.biome 8"],
					"on_exit": ["/scoreboard players reset @s g.biome"]
				},
				"variant09": {
					"transitions": [{"state_filter": "query.variant != 9"}],
					"on_entry": ["/scoreboard players add @s g.biome 9"],
					"on_exit": ["/scoreboard players reset @s g.biome"]
				},
				"variant10": {
					"transitions": [{"state_filter": "query.variant != 10"}],
					"on_entry": ["/scoreboard players add @s g.biome 10"],
					"on_exit": ["/scoreboard players reset @s g.biome"]
				},
				"variant11": {
					"transitions": [{"state_filter": "query.variant != 11"}],
					"on_entry": ["/scoreboard players add @s g.biome 11"],
					"on_exit": ["/scoreboard players reset @s g.biome"]
				},
				"variant12": {
					"transitions": [{"state_filter": "query.variant != 12"}],
					"on_entry": ["/scoreboard players add @s g.biome 12"],
					"on_exit": ["/scoreboard players reset @s g.biome"]
				},
				"variant13": {
					"transitions": [{"state_filter": "query.variant != 13"}],
					"on_entry": ["/scoreboard players add @s g.biome 13"],
					"on_exit": ["/scoreboard players reset @s g.biome"]
				},
				"variant14": {
					"transitions": [{"state_filter": "query.variant != 14"}],
					"on_entry": ["/scoreboard players add @s g.biome 14"],
					"on_exit": ["/scoreboard players reset @s g.biome"]
				},
				"variant15": {
					"transitions": [{"state_filter": "query.variant != 15"}],
					"on_entry": ["/scoreboard players add @s g.biome 15"],
					"on_exit": ["/scoreboard players reset @s g.biome"]
				},
				"variant16": {
					"transitions": [{"state_filter": "query.variant != 16"}],
					"on_entry": ["/scoreboard players add @s g.biome 16"],
					"on_exit": ["/scoreboard players reset @s g.biome"]
				},
				"variant17": {
					"transitions": [{"state_filter": "query.variant != 17"}],
					"on_entry": ["/scoreboard players add @s g.biome 17"],
					"on_exit": ["/scoreboard players reset @s g.biome"]
				},
				"state_filter": {
					"transitions": [
						{"variant00": "query.variant == 0"},{"variant01": "query.variant == 1"},{"variant02": "query.variant == 2"},{"variant03": "query.variant == 3"},
						{"variant04": "query.variant == 4"},{"variant05": "query.variant == 5"},{"variant06": "query.variant == 6"},{"variant07": "query.variant == 7"},
						{"variant08": "query.variant == 8"},{"variant09": "query.variant == 9"},{"variant10": "query.variant == 10"},{"variant11": "query.variant == 11"},
						{"variant12": "query.variant == 12"},{"variant13": "query.variant == 13"},{"variant14": "query.variant == 14"},{"variant15": "query.variant == 15"},
						{"variant16": "query.variant == 16"},{"variant17": "query.variant == 17"}	
					]
				}
			}
		},
        "controller.animation.loadisk.light_level.sensor": {
			"states": {
				"l_level00": {
					"transitions": [{"state_filter": "query.mark_variant != 0"}],
					"on_entry": ["/scoreboard players set @s g.l_level 0"]
				},
				"l_level01": {
					"transitions": [{"state_filter": "query.mark_variant != 1"}],
					"on_entry": ["/scoreboard players set @s g.l_level 1"]
				},
				"l_level02": {
					"transitions": [{"state_filter": "query.mark_variant != 2"}],
					"on_entry": ["/scoreboard players set @s g.l_level 2"]
				},
				"l_level03": {
					"transitions": [{"state_filter": "query.mark_variant != 3"}],
					"on_entry": ["/scoreboard players set @s g.l_level 3"]
				},
				"l_level04": {
					"transitions": [{"state_filter": "query.mark_variant != 4"}],
					"on_entry": ["/scoreboard players set @s g.l_level 4"]
				},
				"l_level05": {
					"transitions": [{"state_filter": "query.mark_variant != 5"}],
					"on_entry": ["/scoreboard players set @s g.l_level 5"]
				},
				"l_level06": {
					"transitions": [{"state_filter": "query.mark_variant != 6"}],
					"on_entry": ["/scoreboard players set @s g.l_level 6"]
				},
				"l_level07": {
					"transitions": [{"state_filter": "query.mark_variant != 7"}],
					"on_entry": ["/scoreboard players set @s g.l_level 7"]
				},
				"l_level08": {
					"transitions": [{"state_filter": "query.mark_variant != 8"}],
					"on_entry": ["/scoreboard players set @s g.l_level 8"]
				},
				"l_level09": {
					"transitions": [{"state_filter": "query.mark_variant != 9"}],
					"on_entry": ["/scoreboard players set @s g.l_level 9"]
				},
				"l_level10": {
					"transitions": [{"state_filter": "query.mark_variant != 10"}],
					"on_entry": ["/scoreboard players set @s g.l_level 10"]
				},
				"l_level11": {
					"transitions": [{"state_filter": "query.mark_variant != 11"}],
					"on_entry": ["/scoreboard players set @s g.l_level 11"]
				},
				"l_level12": {
					"transitions": [{"state_filter": "query.mark_variant != 12"}],
					"on_entry": ["/scoreboard players set @s g.l_level 12"]
				},
				"l_level13": {
					"transitions": [{"state_filter": "query.mark_variant != 13"}],
					"on_entry": ["/scoreboard players set @s g.l_level 13"]
				},
				"l_level14": {
					"transitions": [{"state_filter": "query.mark_variant != 14"}],
					"on_entry": ["/scoreboard players set @s g.l_level 14"]
				},
				"l_level15": {
					"transitions": [{"state_filter": "query.mark_variant != 15"}],
					"on_entry": ["/scoreboard players set @s g.l_level 15"]
				},
				"l_level16": {
					"transitions": [{"state_filter": "query.mark_variant != 16"}],
					"on_entry": ["/scoreboard players set @s g.l_level 16"]
				},
				"state_filter": {
					"transitions": [
						{"l_level00": "query.mark_variant == 0"},{"l_level01": "query.mark_variant == 1"},{"l_level02": "query.mark_variant == 2"},{"l_level03": "query.mark_variant == 3"},
						{"l_level04": "query.mark_variant == 4"},{"l_level05": "query.mark_variant == 5"},{"l_level06": "query.mark_variant == 6"},{"l_level07": "query.mark_variant == 7"},
						{"l_level08": "query.mark_variant == 8"},{"l_level09": "query.mark_variant == 9"},{"l_level10": "query.mark_variant == 10"},{"l_level11": "query.mark_variant == 11"},
						{"l_level12": "query.mark_variant == 12"},{"l_level13": "query.mark_variant == 13"},{"l_level14": "query.mark_variant == 14"},{"l_level15": "query.mark_variant == 15"},
						{"l_level16": "query.mark_variant == 16"}	
					]
				}
			}
		}
	}
}