{
  "format_version": "1.10.0",
  "animation_controllers": {
  "controller.animation.loadisk.music.manager": {
    "initial_state" : "state_filter",
    "states": {
        "state_filter": {
          "transitions": [
            {"none": "q.variant == 0 && !q.can_fly"},
            {"intro": "q.variant == 1 && !q.can_fly"},
            {"cabin": "q.variant == 2 && !q.can_fly"},
            {"drone": "q.variant == 3 && !q.can_fly"},
            {"main_day": "q.variant == 4 && !q.can_fly"},
            {"main_night": "q.variant == 5 && !q.can_fly"},
            {"caves": "q.variant == 6 && !q.can_fly"},
            {"underwater": "q.variant == 7 && !q.can_fly"}
          ]
        },
        "none": {"transitions": [{"state_filter": "q.variant != 0"}]},
        "intro": {"animations": ["music.intro.loop"],"transitions": [{"state_filter": "q.variant != 1 || q.can_fly"}]},
        "cabin": {"animations": ["music.cabin.loop"],"transitions": [{"state_filter": "q.variant != 2 || q.can_fly"}]},
        "drone": {"animations": ["music.drone.loop"],"transitions": [{"state_filter": "q.variant != 3 || q.can_fly"}]},
        "main_day": {"animations": ["music.main_day.loop"],"transitions": [{"state_filter": "q.variant != 4 || q.can_fly"}]},
        "main_night": {"animations": ["music.main_night.loop"],"transitions": [{"state_filter": "q.variant != 5 || q.can_fly"}]},
        "caves": {"animations": ["music.cave.loop"],"transitions": [{"state_filter": "q.variant != 6 || q.can_fly"}]},
        "underwater": {
          "animations": ["music.underwater.loop"],
          "transitions": [{"state_filter": "q.variant != 7 || q.can_fly"}],
          "on_entry": ["/tag @s add zone.underwater","/tag @s remove zone.shore"],
          "on_exit": ["/tag @s remove zone.underwater","/tag @s add zone.shore"]
        }
      }
    },
    "controller.animation.loadisk.music2.manager": {
      "initial_state" : "state_filter",
      "states": {
          "state_filter": {"transitions": [{"shore": "q.is_ignited && !q.can_fly"}]},
          "shore": {
            "animations": [
              "music.shore.loop"
            ],
            "transitions": [{"state_filter": "!q.is_ignited || q.can_fly"}],
            "on_exit":["/playsound loadisk.music.ambient_shore.end @s[tag=!no_music] ~ ~ ~ 0.8 1 1","/stopsound @s loadisk.music.ambient_shore"]
          }
        }
      }
  }
}