{
  "format_version": "1.8.0",
  "render_controllers": {
    "controller.render.player.overlay": {
      "arrays": {
        "textures": {
          "array.achievement_types": [
            "texture.overlay",
            "texture.overlay"        
          ]
        }
      },
      "geometry": "geometry.overlay",
      "materials": [ { "*": "Material.charged" } ],
      "textures": [ "array.achievement_types[q.mark_variant]" ],
      "ignore_lighting": true,
      "is_hurt_color":{},
      "on_fire_color":{},
      "light_color_multiplier": 1.2
    }
  }
}