{
	"format_version": "1.10.0",
	"minecraft:client_entity": {
		"description": {
			"identifier": "loadisk:mask_man",
			"materials": {"default": "entity_alphatest"},
			"textures": {"default": "textures/entity/mask_man"},
			"geometry": {"default": "geometry.loadisk.mask_man"},
			"render_controllers": ["controller.render.default"],
			"animations": {
				"ac_maskman": "controller.animation.loadisk.mask_man",
				"idle":       "animation.loadisk.mask_man.idle",
				"jumpscare":  "animation.loadisk.mask_man.jumpscare"
			},
			"scripts": {"animate": ["ac_maskman"]},
			"spawn_egg": {
				"texture": "spawn_egg",
				"texture_index": 15
			}
		}
	}
}