{
    "format_version": "1.10.0",
    "animation_controllers": {
        "controller.animation.loadisk.mask_man": {
            "initial_state": "idle",
            "states": {
                "idle": {
                    "animations": ["idle"],
                    "blend_transition": 0.2,
                    "transitions": [{"jumpscare": "q.is_sheared"}]
                },
                "jumpscare": {
                    "blend_transition": 0.2,
                    "animations": ["jumpscare"],
                    "transitions": [{"idle": "!q.is_sheared"}]
                }
            }
        }
    }
}