{
    "format_version": "1.10.0",
    "animations": {
        "animation.loadisk.flipbook": {
            "anim_time_update": "(1 + q.mark_variant) * query.delta_time + query.anim_time",
            "animation_length": 0.8,
            "loop": true,
            "timeline": {
                "0.0": ["/event entity @s loadisk:frame00_event","/setblock ~ ~-1 ~ loadisk:light_block15"],
                "0.1": ["/event entity @s loadisk:frame01_event","/setblock ~ ~-1 ~ loadisk:light_block14"],
                "0.2": ["/event entity @s loadisk:frame02_event","/setblock ~ ~-1 ~ loadisk:light_block13"],
                "0.3": ["/event entity @s loadisk:frame03_event","/setblock ~ ~-1 ~ loadisk:light_block14"],
                "0.4": ["/event entity @s loadisk:frame04_event","/setblock ~ ~-1 ~ loadisk:light_block15"],
                "0.5": ["/event entity @s loadisk:frame05_event","/setblock ~ ~-1 ~ loadisk:light_block14"],
                "0.6": ["/event entity @s loadisk:frame06_event","/setblock ~ ~-1 ~ loadisk:light_block13"],
                "0.7": ["/event entity @s loadisk:frame07_event","/setblock ~ ~-1 ~ loadisk:light_block14"]
            }
        },
        "animation.loadisk.smoke_puff": {
            "animation_length": 1.0,"loop": true,
            "timeline": {"0.0": ["/particle minecraft:campfire_smoke_particle ~ ~ ~"]}
        },
        "animation.loadisk.crackle": {
            "animation_length": 0.4,"loop": true,
            "timeline": {"0.0": ["/playsound block.campfire.crackle @a[r=5] ~ ~ ~ 1 1 1"]}
        },
        "animation.loadisk.burn": {
            "animation_length": 3.0,"loop": true,
            "timeline": {
                "0.0": [
                    "/scoreboard players remove @s[scores={v.fuel=1..}] v.fuel 1",
                    "/scoreboard players add @a[r=5,scores={v.sanity=0..95}] v.sanity 5",
                    "/execute at @s[scores={v.fuel=..0}] run setblock ~ ~1 ~ air 0",
                    "/execute at @s[scores={v.fuel=..0}] run playsound loadisk.campfire.extinguish @a ~ ~ ~ 1 1 1",
                    "/event entity @s[scores={v.fuel=..0}] loadisk:flame_die_event",
                    "/execute at @s[scores={v.fuel=..0}] run function root/system/impulse/end_game"
                ]
            }
        },
        "animation.loadisk.exposed": {
            "animation_length": 0.2,"loop": true,
            "timeline": {
                "0.0": [
                    "/scoreboard players remove @s[scores={v.fuel=1..}] v.fuel 1",
                    "/scoreboard players add @a[r=5,scores={v.sanity=0..99}] v.sanity 1",
                    "/execute at @s[scores={v.fuel=..0}] run setblock ~ ~1 ~ air 0",
                    "/execute at @s[scores={v.fuel=..0}] run playsound loadisk.campfire.extinguish @a ~ ~ ~ 1 1 1",
                    "/event entity @s[scores={v.fuel=..0}] loadisk:flame_die_event"
                ]
            }
        },
        "animation.loadisk.campfire.init": {
            "animation_length": 1.0,"loop": true,
            "timeline": {
                "0.0": [
                    "/scoreboard players add @s v.fuel 60"
                ]
            }
        }
    }
}