{
    "format_version": "1.10.0",
    "animations": {
        "animation.loadisk.radio_smoke": {
            "animation_length": 1.5,
            "loop": true,
            "timeline": {
                "0.0": ["/execute @e[type=loadisk:radio] ~ ~ ~ particle minecraft:basic_smoke_particle ~ ~1 ~"],
                "0.5": ["/execute @e[type=loadisk:radio] ~ ~ ~ particle minecraft:basic_smoke_particle ~ ~2 ~1"],
                "1.0": ["/execute @e[type=loadisk:radio] ~ ~ ~ particle minecraft:basic_smoke_particle ~ ~1.1 ~-0.9"]
            }
        },
        "animation.loadisk.radio_tune": {
            "animation_length": 2.0,
            "loop": false,
            "timeline": {
                "1.5": ["/event entity @s loadisk:kill.tune_event"]
            }
        }
    }
}