{
	"format_version": "1.12.0",
	"minecraft:geometry": [
		{
			"description": {
				"identifier": "geometry.loadisk.cursed_lantern",
				"texture_width": 64,
				"texture_height": 64,
				"visible_bounds_width": 2,
				"visible_bounds_height": 2.5,
				"visible_bounds_offset": [0, 0.75, 0]
			},
			"bones": [
				{
					"name": "root",
					"pivot": [0, 11, 0],
					"cubes": [
						{
							"origin": [-3, 1, -3],
							"size": [6, 7, 6],
							"uv": {
								"north": {"uv": [0, 0], "uv_size": [12, 14]},
								"east": {"uv": [12, 0], "uv_size": [12, 14]},
								"south": {"uv": [0, 14], "uv_size": [12, 14]},
								"west": {"uv": [12, 14], "uv_size": [12, 14]},
								"up": {"uv": [24, 0], "uv_size": [12, 12]},
								"down": {"uv": [24, 24], "uv_size": [12, -12]}
							}
						},
						{
							"origin": [-2, 8, -2],
							"size": [4, 2, 4],
							"uv": {
								"north": {"uv": [0, 40], "uv_size": [8, 4]},
								"east": {"uv": [8, 40], "uv_size": [8, 4]},
								"south": {"uv": [26, 40], "uv_size": [8, 4]},
								"west": {"uv": [34, 40], "uv_size": [8, 4]},
								"up": {"uv": [30, 24], "uv_size": [8, 8]},
								"down": {"uv": [30, 40], "uv_size": [8, -8]}
							}
						},
						{
							"origin": [-1.5, 10, 0],
							"size": [3, 6, 0],
							"pivot": [0, 1, 0],
							"rotation": [0, 135, 0],
							"uv": {
								"north": {"uv": [24, 24], "uv_size": [6, 12]},
								"east": {"uv": [0, 0], "uv_size": [0, 12]},
								"south": {"uv": [0, 28], "uv_size": [6, 12]},
								"west": {"uv": [0, 0], "uv_size": [0, 12]},
								"up": {"uv": [0, 0], "uv_size": [6, 0]},
								"down": {"uv": [0, 0], "uv_size": [6, 0]}
							}
						},
						{
							"origin": [-1.5, 10, 0],
							"size": [3, 6, 0],
							"pivot": [0, 11, 0],
							"rotation": [0, 45, 0],
							"uv": {
								"north": {"uv": [6, 28], "uv_size": [6, 12]},
								"east": {"uv": [0, 0], "uv_size": [0, 12]},
								"south": {"uv": [12, 28], "uv_size": [6, 12]},
								"west": {"uv": [0, 0], "uv_size": [0, 12]},
								"up": {"uv": [0, 0], "uv_size": [6, 0]},
								"down": {"uv": [0, 0], "uv_size": [6, 0]}
							}
						},
						{
							"origin": [-2, 1.7, -2],
							"size": [4, 4, 4],
							"uv": {
								"north": {"uv": [36, 0], "uv_size": [8, 8]},
								"east": {"uv": [36, 8], "uv_size": [8, 8]},
								"south": {"uv": [36, 16], "uv_size": [8, 8]},
								"west": {"uv": [18, 36], "uv_size": [8, 8]},
								"up": {"uv": [38, 24], "uv_size": [8, 8]},
								"down": {"uv": [38, 40], "uv_size": [8, -8]}
							}
						}
					]
				}
			]
		}
	]
}