{
	"format_version": "1.10.0",
	"animation_controllers": {
			"controller.animation.loadisk.camera.sfx": {
				"initial_state": "default",
				"states": {
					"default": {
						"transitions": [
							{"error_1":    "q.property('ld:soundfx') == 1"},
							{"error_2":    "q.property('ld:soundfx') == 2"}
						]
					},
					"error_1": {
						"animations":["error_1"],
						"transitions": [
							{"default":        "q.property('ld:soundfx') == 0"},
							{"error_2":        "q.property('ld:soundfx') == 2"}
						]
					},
					"error_2": {
						"animations":["error_2"],
						"transitions": [
							{"default":        "q.property('ld:soundfx') == 0"},
							{"error_1":        "q.property('ld:soundfx') == 1"}
						]
					}
				}
	}
	}
}