{
    "format_version": "1.10.0",
    "animation_controllers": {
                "controller.animation.loadisk.ui_test": {
                    "initial_state": "off",
                    "states": {
                        "off": {
                            "transitions": [
                                {"static": "q.mark_variant == 1"},
                                {"transition": "q.mark_variant == 2"},
                                {"loading": "q.mark_variant == 3"},
                                {"report_load": "q.mark_variant == 4"},
                                {"error": "q.mark_variant == 5"},
                                {"exit": "q.mark_variant == 6"}
                            ]
                        },
                        "static": {
                            "transitions": [
                                {"off": "q.mark_variant == 0"},
                                {"transition": "q.mark_variant == 2"},
                                {"loading": "q.mark_variant == 3"},
                                {"report_load": "q.mark_variant == 4"},
                                {"error": "q.mark_variant == 5"},
                                {"exit": "q.mark_variant == 6"}
                            ]
                        },
                        "transition": {
                            "transitions": [
                                {"off": "q.mark_variant == 0"},
                                {"static": "q.mark_variant == 1"},
                                {"loading": "q.mark_variant == 3"},
                                {"report_load": "q.mark_variant == 4"},
                                {"error": "q.mark_variant == 5"},
                                {"exit": "q.mark_variant == 6"}
                            ],
                            "animations": ["transition"]
                        },
                        "loading": {
                            "transitions": [
                                {"off": "q.mark_variant == 0"},
                                {"static": "q.mark_variant == 1"},
                                {"transition": "q.mark_variant == 2"},
                                {"report_load": "q.mark_variant == 4"},
                                {"error": "q.mark_variant == 5"},
                                {"exit": "q.mark_variant == 6"}
                            ],
                            "animations": ["loading"]
                        },
                        "report_load": {
                            "transitions": [
                                {"off": "q.mark_variant == 0"},
                                {"static": "q.mark_variant == 1"},
                                {"transition": "q.mark_variant == 2"},
                                {"loading": "q.mark_variant == 3"},
                                {"error": "q.mark_variant == 5"},
                                {"exit": "q.mark_variant == 6"}
                            ],
                            "animations": ["report"]
                        },
                        "error": {
                            "transitions": [
                                {"off": "q.mark_variant == 0"},
                                {"static": "q.mark_variant == 1"},
                                {"transition": "q.mark_variant == 2"},
                                {"loading": "q.mark_variant == 3"},
                                {"report_load": "q.mark_variant == 4"},
                                {"exit": "q.mark_variant == 6"}
                            ],
                            "animations": ["error"]
                        },
                        "exit": {
                            "transitions": [
                                {"off": "q.mark_variant == 0"},
                                {"static": "q.mark_variant == 1"},
                                {"transition": "q.mark_variant == 2"},
                                {"loading": "q.mark_variant == 3"},
                                {"report_load": "q.mark_variant == 4"},
                                {"error": "q.mark_variant == 5"}
                            ],
                            "animations": ["exit"]
                        }
                    }
                },
                "controller.animation.loadisk.warning": {
                    "initial_state": "default",
                    "states": {
                        "default": {
                            "transitions": [{"warning": "q.is_stunned"}]
                        },
                        "warning": {
                            "transitions": [{"default": "!q.is_stunned"}],
                            "animations": ["warning"]
                        }
                    }
                }
            }
        }