{
    "format_version": "1.10.0",
    "animation_controllers": {
        "controller.animation.loadisk.player.handler": {
            "initial_state": "state_filter",
            "states": {
                "state_filter": {"transitions": [{"controllers": "(1.0)"}]},
                "controllers": {
                    "animations": [
                        "lifetime.c","input.c","movement.c","jump.c","sneak.c","sleep.c","ride.c","u_block.c"
                    ],
                    "transitions": [{"state_filter": "q.all_animations_finished"}]
                }
            }
        },
        "controller.animation.loadisk.player.input": {
			"initial_state": "state_filter",
			"states": {
                "state_filter": {
					"transitions": [
						{"left_click": "variable.attack_time > 0.0"},
						{"right_click": "q.is_using_item"}
					]
				},
				"left_click": {
                    "on_entry": ["/scoreboard players set @s v.left 1"],
                    "on_exit": ["/scoreboard players set @s v.left 0","/scoreboard players set @s t.left 0"],
					"transitions": [{"state_filter": "variable.attack_time == 0.0"}]
				},
				"right_click": {
                    "on_entry": ["/scoreboard players set @s v.right 1"],
                    "on_exit": ["/scoreboard players set @s v.right 0","/scoreboard players set @s t.right 0"],
					"transitions": [{"state_filter": "!q.is_using_item"}]
				}
			}
		},
        "controller.animation.loadisk.player.lifetime": {
			"initial_state": "on_death",
			"states": {
				"on_death": {
					"transitions": [
						{"on_alive": "!q.is_alive && q.death_ticks > 0"}
					],
					"on_exit": ["/scoreboard players set @s v.life 1"]
				},
				"on_alive": {
					"on_exit": ["/scoreboard players set @s v.life 0","/scoreboard players set @s t.life 0"],
					"transitions": [{"on_death": "q.is_alive"}]
				}
			}
		},
        "controller.animation.loadisk.player.movement": {
            "initial_state": "is_idle",
            "states": {
                "is_idle": {
                    "on_entry": ["/scoreboard players set @s v.idle 1"],
                    "on_exit": ["/scoreboard players set @s v.idle 0","/scoreboard players set @s v.idle 0"],
                    "transitions": [
                        {"is_moving": "q.is_moving && !q.is_in_water && !q.is_sprinting"},
                        {"is_sprinting": "!q.is_in_water && q.is_sprinting"},
                        {"is_swimming": "!q.is_moving && q.is_in_water && !q.is_sprinting"}
                    ]
                },
                "is_moving": {
                    "on_entry": ["/scoreboard players set @s v.move 1"],
                    "on_exit": ["/scoreboard players set @s v.move 0","/scoreboard players set @s t.move 0"],
                    "transitions": [
                        {"is_idle": "!q.is_moving && !q.is_in_water && !q.is_sprinting"},
                        {"is_sprinting": "!q.is_in_water && q.is_sprinting"},
                        {"is_swimming": "!q.is_moving && q.is_in_water && !q.is_sprinting"}
                    ]
                },
                "is_sprinting": {
                    "on_entry": ["/scoreboard players set @s v.sprint 1"],
                    "on_exit": ["/scoreboard players set @s v.sprint 0","/scoreboard players set @s t.sprint 0"],
                    "transitions": [
                        {"is_idle": "!q.is_moving && !q.is_in_water && !q.is_sprinting"},
                        {"is_moving": "q.is_moving && !q.is_in_water && !q.is_sprinting"},
                        {"is_swimming": "!q.is_moving && q.is_in_water && !q.is_sprinting"}
                    ]
                },
                "is_swimming": {
                    "on_entry": ["/scoreboard players set @s v.swim 1"],
                    "on_exit": ["/scoreboard players set @s v.swim 0","/scoreboard players set @s t.swim 0"],
                    "transitions": [
                        {"is_idle": "!q.is_moving && !q.is_in_water && !q.is_sprinting"},
                        {"is_moving": "q.is_moving && !q.is_in_water && !q.is_sprinting"},
                        {"is_sprinting": "!q.is_in_water && q.is_sprinting"}
                    ]
                }
            }
        },
        "controller.animation.loadisk.player.jump": {
            "initial_state": "state_filter",
            "states": {
                "state_filter": {"transitions": [{"is_jumping": "q.is_jumping"}]},
                "is_jumping": {
                    "on_entry": ["/scoreboard players set @s v.jump 1"],
                    "on_exit": ["/scoreboard players set @s v.jump 0","/scoreboard players set @s t.jump 0"],
                    "transitions": [{"state_filter": "!q.is_jumping"}]
                }
            }
        },
        "controller.animation.loadisk.player.sneak": {
            "initial_state": "state_filter",
            "states": {
                "state_filter": {"transitions": [{"is_sneaking": "q.is_sneaking"}]},
                "is_sneaking": {
                    "on_entry": ["/scoreboard players set @s v.sneak 1"],
                    "on_exit": ["/scoreboard players set @s v.sneak 0","/scoreboard players set @s t.sneak 0"],
                    "transitions": [{"state_filter": "!q.is_sneaking"}]
                }
            }
        },
        "controller.animation.loadisk.player.sleep": {
            "initial_state": "state_filter",
            "states": {
                "state_filter": {"transitions": [{"is_sleeping": "q.is_sleeping"}]},
                "is_sleeping": {
                    "on_entry": ["/scoreboard players set @s v.sleep 1"],
                    "on_exit": ["/scoreboard players set @s v.sleep 0","/scoreboard players set @s t.sleep 0"],
                    "transitions": [{"state_filter": "!q.is_sleeping"}]
                }
            }
        },
        "controller.animation.loadisk.player.ride": {
            "initial_state": "state_filter",
            "states": {
                "state_filter": {"transitions": [{"is_riding": "q.is_riding"}]},
                "is_riding": {
                    "on_entry": ["/scoreboard players set @s v.ride 1"],
                    "on_exit": ["/scoreboard players set @s v.ride 0","/scoreboard players set @s t.ride 0"],
                    "transitions": [{"state_filter": "!q.is_riding"}]
                }
            }
        },
        "controller.animation.loadisk.player.underblock": {
            "initial_state": "state_filter",
            "states": {
                "state_filter": {
                    "transitions": [
                        {"is_underground": "q.property('loadisk:underblock') && !q.is_in_water"},
                        {"is_underwater": "q.property('loadisk:underblock') && q.is_in_water"}
                    ]
                },
                "is_underground": {
                    "on_entry": ["/scoreboard players set @s v.underground 1","/scoreboard players set @s v.underblock 1"],
                    "on_exit": [
                        "/scoreboard players set @s v.underground 0","/scoreboard players set @s t.underground 0",
                        "/scoreboard players set @s v.underblock 0","/scoreboard players set @s t.underblock 0"
                    ],
                    "transitions": [{"state_filter": "!q.property('loadisk:underblock')"},{"is_underwater": "q.is_in_water"}]
                },
                "is_underwater": {
                    "on_entry": ["/scoreboard players set @s v.underwater 1","/scoreboard players set @s v.underblock 1"],
                    "on_exit": [
                        "/scoreboard players set @s v.underwater 0","/scoreboard players set @s t.underwater 0",
                        "/scoreboard players set @s v.underblock 0","/scoreboard players set @s t.underblock 0"
                    ],
                    "transitions": [{"state_filter": "!q.property('loadisk:underblock')"},{"is_underground": "!q.is_in_water"}]
                }
            }
        }
     }
}