{
	"format_version": "1.10.0",
	"animation_controllers": {
		"controller.animation.ram.run_time": {
			"initial_state": "run_time",
			"states": {
				"kill": {
					"on_entry": [],
					"on_exit": [],
					"transitions": [{"run_time": "!q.is_sheared"}]
				},
				"run_time": {
					"transitions": [{"kill": "q.is_sheared"}],
					"animations": [
						"clock.1s",//Repeater : 20 ticks
						"clock.3s",//Repeater : 60 ticks
						"clock.m"////Repeater : 1200ticks
					]
				}
			}
		},
		"controller.animation.ram.camera_init": {
			"initial_state": "camera_init",
			"states": {
				"kill": {
					"on_entry": [],
					"on_exit": [],
					"transitions": [{"camera_init": "!q.is_saddled"}]
				},
				"camera_init": {
					"transitions": [{"kill": "q.is_saddled"}],
					"animations": [
						"camera_init"
					]
				}
			}
		},
		"controller.animation.ram.sound.car": {
			"initial_state": "idle",
			"states": {
				"idle": {
					"transitions": [{"car_alarm": "q.is_stunned"}]
				},
				"car_alarm": {
					"on_exit": ["/stopsound @a loadisk.car_alarm"],
					"transitions": [{"idle": "!q.is_stunned"}],
					"animations": [
						"car_alarm"
					]
				}
			}
		},
		"controller.animation.ram.sound.smoke": {
			"initial_state": "idle",
			"states": {
				"idle": {
					"transitions": [{"smoke_alarm": "q.is_ignited"}]
				},
				"smoke_alarm": {
					"on_exit": ["/stopsound @a loadisk.smoke_alarm"],
					"transitions": [{"idle": "!q.is_ignited"}],
					"animations": [
						"smoke_alarm"
					]
				}
			}
		}
	}
}