{
    "format_version": "1.19.40",
    "minecraft:block": {
        "description": {
            "identifier": "loadisk:gravestone2"
        },
        "components": {
            "minecraft:geometry": "geometry.loadisk.gravestone2",
            "minecraft:material_instances": {
                "*": {
                  "texture": "loadisk:gravestone",
                  "render_method": "blend",
                  "ambient_occlusion": true,
                  "face_dimming": true
                }
            }
        }
    }
}