{
	"format_version": "1.10.0",
	"particle_effect": {
		"description": {
			"identifier": "loadisk:devil_soul",
			"basic_render_parameters": {
				"material": "particles_alpha",
				"texture": "textures/particle/sculk_soul"
			}
		},
		"components": {
			"minecraft:emitter_initialization": {
				"creation_expression": "variable.size = 0.2;variable.radius = 0.8;"
			},
			"minecraft:emitter_rate_steady": {
				"spawn_rate": 10,
				"max_particles": 100
			},
			"minecraft:emitter_lifetime_once": {
				"active_time": 1
			},
			"minecraft:emitter_shape_point": {
				"offset": ["variable.radius*-math.sin(variable.emitter_age*360)", 0, "variable.radius*math.cos(variable.emitter_age*360)"]
			},
			"minecraft:particle_lifetime_expression": {
				"max_lifetime": 1
			},
			"minecraft:particle_initial_speed": 0,
			"minecraft:particle_motion_dynamic": {},
			"minecraft:particle_appearance_billboard": {
				"size": ["variable.size*(1-variable.particle_age)", "variable.size*(1-variable.particle_age)"],
				"facing_camera_mode": "rotate_xyz",
				"uv": {
					"texture_width": 16,
					"texture_height": 176,
					"flipbook": {
						"base_UV": [0, 0],
						"size_UV": [16, 16],
						"step_UV": [0, 16],
						"frames_per_second": 11,
						"max_frame": 11,
						"stretch_to_lifetime": true
					}
				}
			},
			"minecraft:particle_appearance_tinting": {
				"color": [1, 0, 0, 1]
			}
		}
	}
}