{
   "content" : [
      {
         "path" : "functions/root/system/loop/quest/tower.mcfunction"
      },
      {
         "path" : "animations/system/get.json"
      },
      {
         "path" : "animations/mob/mob.common.json"
      },
      {
         "path" : "functions/cmd/print/system.mcfunction"
      },
      {
         "path" : "entities/object/branch.json"
      },
      {
         "path" : "dialogue/main.json"
      },
      {
         "path" : "animations/system/action_manager.json"
      },
      {
         "path" : "animations/system/ram.json"
      },
      {
         "path" : "animations/mob/player.json"
      },
      {
         "path" : "animations/mob/player_dud.json"
      },
      {
         "path" : "animation_controllers/object/radio.json"
      },
      {
         "path" : "functions/root/mob/player/action/sneaking.mcfunction"
      },
      {
         "path" : "entities/object/campfire.json"
      },
      {
         "path" : "blocks/light_blocks/light_block15.json"
      },
      {
         "path" : "animations/object/campfire.json"
      },
      {
         "path" : "animations/object/radio.json"
      },
      {
         "path" : "spawn_rules/vanilla/salmon.json"
      },
      {
         "path" : "animations/system/drop_xp.json"
      },
      {
         "path" : "animations/system/music_loops.json"
      },
      {
         "path" : "entities/mob/patient0.json"
      },
      {
         "path" : "functions/root/system/class/0002.mcfunction"
      },
      {
         "path" : "animation_controllers/mob/boar.json"
      },
      {
         "path" : "blocks/light_blocks/light_block09.json"
      },
      {
         "path" : "spawn_rules/vanilla/pillager.json"
      },
      {
         "path" : "spawn_rules/vanilla/creeper.json"
      },
      {
         "path" : "animation_controllers/mob/persona.controller.json"
      },
      {
         "path" : "animation_controllers/mob/cultist.json"
      },
      {
         "path" : "loot_tables/_drinks.json"
      },
      {
         "path" : "entities/mob/statue.json"
      },
      {
         "path" : "animation_controllers/mob/splitter.json"
      },
      {
         "path" : "functions/root/system/class/0003.mcfunction"
      },
      {
         "path" : "animation_controllers/mob/patient0.json"
      },
      {
         "path" : "functions/cmd/select/Medium_Stone.mcfunction"
      },
      {
         "path" : "animation_controllers/mob/handler.player.json"
      },
      {
         "path" : "animation_controllers/mob/item_controller.json"
      },
      {
         "path" : "animation_controllers/mob/mob.common.json"
      },
      {
         "path" : "contents.json"
      },
      {
         "path" : "functions/root/system/impulse/start_game.mcfunction"
      },
      {
         "path" : "animation_controllers/mob/statue.json"
      },
      {
         "path" : "blocks/light_blocks/light_block05.json"
      },
      {
         "path" : "animation_controllers/object/campfire.json"
      },
      {
         "path" : "animation_controllers/object/door.json"
      },
      {
         "path" : "blocks/gravestone2.json"
      },
      {
         "path" : "animation_controllers/object/tree.json"
      },
      {
         "path" : "functions/root/system/impulse/handler.db.mcfunction"
      },
      {
         "path" : "blocks/light_blocks/light_block02.json"
      },
      {
         "path" : "animation_controllers/system/action_manager.json"
      },
      {
         "path" : "entities/mob/rat.json"
      },
      {
         "path" : "animation_controllers/system/crafting_guide.json"
      },
      {
         "path" : "blocks/light_blocks/light_block03.json"
      },
      {
         "path" : "items/lit_torch.json"
      },
      {
         "path" : "animation_controllers/system/game_time.json"
      },
      {
         "path" : "animation_controllers/system/get.json"
      },
      {
         "path" : "animation_controllers/system/music_manager.json"
      },
      {
         "path" : "animation_controllers/system/ram.json"
      },
      {
         "path" : "items/crafting/fine_handle.json"
      },
      {
         "path" : "blocks/light_blocks/light_block08.json"
      },
      {
         "path" : "blocks/gravestone.json"
      },
      {
         "path" : "entities/mob/ghost.json"
      },
      {
         "path" : "blocks/gravestone3.json"
      },
      {
         "path" : "blocks/gravestone4.json"
      },
      {
         "path" : "blocks/light_blocks/light_block01.json"
      },
      {
         "path" : "trading/crafter/drinks.json"
      },
      {
         "path" : "spawn_rules/vanilla/llama.json"
      },
      {
         "path" : "entities/mob/smiler.json"
      },
      {
         "path" : "blocks/light_blocks/light_block04.json"
      },
      {
         "path" : "spawn_rules/rat.json"
      },
      {
         "path" : "blocks/light_blocks/light_block06.json"
      },
      {
         "path" : "blocks/light_blocks/light_block07.json"
      },
      {
         "path" : "blocks/light_blocks/light_block10.json"
      },
      {
         "path" : "items/microphone.json"
      },
      {
         "path" : "entities/mob/boar.json"
      },
      {
         "path" : "blocks/light_blocks/light_block11.json"
      },
      {
         "path" : "functions/root/system/impulse/check.ready.mcfunction"
      },
      {
         "path" : "functions/cmd/test.music.mcfunction"
      },
      {
         "path" : "blocks/light_blocks/light_block12.json"
      },
      {
         "path" : "functions/root/mob/on_alive.mcfunction"
      },
      {
         "path" : "entities/object/humanoid.json"
      },
      {
         "path" : "blocks/light_blocks/light_block13.json"
      },
      {
         "path" : "loot_tables/chest.json"
      },
      {
         "path" : "functions/cmd/select/bone.mcfunction"
      },
      {
         "path" : "blocks/light_blocks/light_block14.json"
      },
      {
         "path" : "spawn_rules/vanilla/slime.json"
      },
      {
         "path" : "dialogue/sarah.json"
      },
      {
         "path" : "functions/root/system/impulse/spawn.pat0.mcfunction"
      },
      {
         "path" : "entities/mob/cultist.json"
      },
      {
         "path" : "entities/mob/npc/npc.sarah.json"
      },
      {
         "path" : "entities/mob/splitter.json"
      },
      {
         "path" : "spawn_rules/vanilla/witch.json"
      },
      {
         "path" : "functions/cmd/structure/006.mcfunction"
      },
      {
         "path" : "entities/mob/wandering_trader.json"
      },
      {
         "path" : "entities/object/bush.json"
      },
      {
         "path" : "structures/Small_Cave.mcstructure"
      },
      {
         "path" : "functions/cmd/select/Medium_Stump.mcfunction"
      },
      {
         "path" : "entities/object/chest.json"
      },
      {
         "path" : "functions/cmd/structure/020.mcfunction"
      },
      {
         "path" : "entities/object/coffin.json"
      },
      {
         "path" : "entities/object/cooker.json"
      },
      {
         "path" : "entities/object/door.json"
      },
      {
         "path" : "functions/cmd/select/Medium_Rock.mcfunction"
      },
      {
         "path" : "entities/object/door.trap.json"
      },
      {
         "path" : "spawn_rules/rock.json"
      },
      {
         "path" : "entities/object/flint.json"
      },
      {
         "path" : "entities/object/jumper.json"
      },
      {
         "path" : "entities/object/pentagram.json"
      },
      {
         "path" : "entities/object/radio.json"
      },
      {
         "path" : "entities/object/rock.json"
      },
      {
         "path" : "functions/root/system/impulse/loot/loot.doll.mcfunction"
      },
      {
         "path" : "entities/object/skinning_rack.json"
      },
      {
         "path" : "entities/object/tree.json"
      },
      {
         "path" : "entities/player.json"
      },
      {
         "path" : "entities/system/background.json"
      },
      {
         "path" : "entities/system/button.json"
      },
      {
         "path" : "entities/system/crafter.json"
      },
      {
         "path" : "entities/system/crafter2.json"
      },
      {
         "path" : "entities/system/menu/menu.char1.json"
      },
      {
         "path" : "spawn_rules/vanilla/phantom.json"
      },
      {
         "path" : "entities/system/menu/menu.char2.json"
      },
      {
         "path" : "functions/root/system/impulse/reload.mcfunction"
      },
      {
         "path" : "entities/system/menu/menu.char3.json"
      },
      {
         "path" : "entities/system/menu/menu.char4.json"
      },
      {
         "path" : "spawn_rules/vanilla/guardian.json"
      },
      {
         "path" : "entities/system/menu/menu.json"
      },
      {
         "path" : "trading/crafter/matts.json"
      },
      {
         "path" : "entities/system/obj.json"
      },
      {
         "path" : "entities/system/ram.json"
      },
      {
         "path" : "entities/system/ride.dummy.json"
      },
      {
         "path" : "items/antenna.json"
      },
      {
         "path" : "functions/cmd/cheats/hide.fog.mcfunction"
      },
      {
         "path" : "functions/cmd/cheats/infinite_fuel.mcfunction"
      },
      {
         "path" : "functions/cmd/default.mcfunction"
      },
      {
         "path" : "functions/cmd/help.mcfunction"
      },
      {
         "path" : "functions/cmd/kill.mcfunction"
      },
      {
         "path" : "functions/cmd/no.mcfunction"
      },
      {
         "path" : "functions/cmd/print/mob.mcfunction"
      },
      {
         "path" : "functions/cmd/print/object.mcfunction"
      },
      {
         "path" : "functions/cmd/print/player.mcfunction"
      },
      {
         "path" : "functions/cmd/print/ram.mcfunction"
      },
      {
         "path" : "functions/cmd/print/rom.mcfunction"
      },
      {
         "path" : "functions/cmd/print/total.mcfunction"
      },
      {
         "path" : "functions/cmd/structure/002.mcfunction"
      },
      {
         "path" : "functions/cmd/select/Big_Log.mcfunction"
      },
      {
         "path" : "functions/cmd/select/build_wand.mcfunction"
      },
      {
         "path" : "functions/cmd/select/Large_Log.mcfunction"
      },
      {
         "path" : "functions/root/mob/player/action/jump.mcfunction"
      },
      {
         "path" : "functions/cmd/select/Large_Rock.mcfunction"
      },
      {
         "path" : "functions/root/system/loop/jump.scares.mcfunction"
      },
      {
         "path" : "functions/cmd/select/Large_RotTree.mcfunction"
      },
      {
         "path" : "functions/cmd/select/Large_Spruce.mcfunction"
      },
      {
         "path" : "spawn_rules/vanilla/goat.json"
      },
      {
         "path" : "functions/cmd/select/Large_Stone.mcfunction"
      },
      {
         "path" : "functions/cmd/select/Large_Stump.mcfunction"
      },
      {
         "path" : "loot_tables/_cursed_doll.json"
      },
      {
         "path" : "functions/root/mob/player/action/sleep.mcfunction"
      },
      {
         "path" : "functions/cmd/select/Large_Willow.mcfunction"
      },
      {
         "path" : "items/cooker.json"
      },
      {
         "path" : "functions/cmd/select/Medium_Log.mcfunction"
      },
      {
         "path" : "spawn_rules/vanilla/sheep.json"
      },
      {
         "path" : "items/quest/tower00.json"
      },
      {
         "path" : "functions/root/system/impulse/loot/loot.key.mcfunction"
      },
      {
         "path" : "functions/cmd/select/Medium_RotTree.mcfunction"
      },
      {
         "path" : "functions/cmd/select/Medium_Spruce.mcfunction"
      },
      {
         "path" : "functions/cmd/select/Medium_Willow.mcfunction"
      },
      {
         "path" : "functions/cmd/select/Outhouse.mcfunction"
      },
      {
         "path" : "functions/cmd/select/Ritual.mcfunction"
      },
      {
         "path" : "functions/cmd/select/Small_Cave.mcfunction"
      },
      {
         "path" : "functions/cmd/select/Small_Rock.mcfunction"
      },
      {
         "path" : "functions/cmd/select/Small_RotTree.mcfunction"
      },
      {
         "path" : "functions/cmd/select/Small_Spruce.mcfunction"
      },
      {
         "path" : "spawn_rules/vanilla/mooshroom.json"
      },
      {
         "path" : "functions/cmd/select/Small_Stone.mcfunction"
      },
      {
         "path" : "functions/cmd/select/Small_Stump.mcfunction"
      },
      {
         "path" : "functions/cmd/spawn.cmd_room.mcfunction"
      },
      {
         "path" : "functions/cmd/structure/001.mcfunction"
      },
      {
         "path" : "spawn_rules/vanilla/pig.json"
      },
      {
         "path" : "functions/cmd/structure/003.mcfunction"
      },
      {
         "path" : "functions/cmd/structure/004.mcfunction"
      },
      {
         "path" : "loot_tables/_porkchop.json"
      },
      {
         "path" : "functions/cmd/structure/005.mcfunction"
      },
      {
         "path" : "functions/cmd/structure/007.mcfunction"
      },
      {
         "path" : "functions/cmd/structure/008.mcfunction"
      },
      {
         "path" : "functions/cmd/structure/009.mcfunction"
      },
      {
         "path" : "functions/root/system/loop/pat_grab.mcfunction"
      },
      {
         "path" : "functions/cmd/structure/010.mcfunction"
      },
      {
         "path" : "functions/cmd/structure/011.mcfunction"
      },
      {
         "path" : "functions/cmd/structure/012.mcfunction"
      },
      {
         "path" : "functions/cmd/structure/013.mcfunction"
      },
      {
         "path" : "functions/cmd/structure/014.mcfunction"
      },
      {
         "path" : "spawn_rules/vanilla/hoglin.json"
      },
      {
         "path" : "functions/cmd/structure/015.mcfunction"
      },
      {
         "path" : "functions/root/system/loop/cultist.mcfunction"
      },
      {
         "path" : "functions/cmd/structure/016.mcfunction"
      },
      {
         "path" : "functions/cmd/structure/017.mcfunction"
      },
      {
         "path" : "functions/cmd/structure/018.mcfunction"
      },
      {
         "path" : "loot_tables/_cabin_key.json"
      },
      {
         "path" : "functions/cmd/structure/019.mcfunction"
      },
      {
         "path" : "items/crafting/quality_handle.json"
      },
      {
         "path" : "functions/cmd/structure/021.mcfunction"
      },
      {
         "path" : "functions/cmd/structure/022.mcfunction"
      },
      {
         "path" : "functions/root/system/impulse/toggle.music.mcfunction"
      },
      {
         "path" : "functions/cmd/structure/023.mcfunction"
      },
      {
         "path" : "functions/cmd/structure/024.mcfunction"
      },
      {
         "path" : "functions/cmd/test.button.mcfunction"
      },
      {
         "path" : "functions/cmd/test.music.stop.mcfunction"
      },
      {
         "path" : "spawn_rules/tree.json"
      },
      {
         "path" : "functions/cmd/toggle.debugger.mcfunction"
      },
      {
         "path" : "functions/root/mob/player/action/sprinting.mcfunction"
      },
      {
         "path" : "functions/cmd/toggle.export.mcfunction"
      },
      {
         "path" : "functions/cmd/yes.mcfunction"
      },
      {
         "path" : "functions/root/system/logic/clock.m.mcfunction"
      },
      {
         "path" : "functions/root/mob/cultist/grab.mcfunction"
      },
      {
         "path" : "functions/root/mob/on_death.mcfunction"
      },
      {
         "path" : "functions/root/mob/on_despawn.mcfunction"
      },
      {
         "path" : "functions/root/mob/player/action/idle.mcfunction"
      },
      {
         "path" : "functions/root/mob/player/action/input.left_click.mcfunction"
      },
      {
         "path" : "functions/root/mob/player/action/input.right_click.mcfunction"
      },
      {
         "path" : "functions/root/mob/player/action/moving.mcfunction"
      },
      {
         "path" : "functions/root/mob/player/action/swimming.mcfunction"
      },
      {
         "path" : "structures/Large_RotTree.mcstructure"
      },
      {
         "path" : "functions/root/mob/player/on_alive.mcfunction"
      },
      {
         "path" : "spawn_rules/vanilla/donkey.json"
      },
      {
         "path" : "functions/root/mob/player/on_death.mcfunction"
      },
      {
         "path" : "spawn_rules/vanilla/squid.json"
      },
      {
         "path" : "functions/root/mob/player/on_join.mcfunction"
      },
      {
         "path" : "spawn_rules/cave_spider.json"
      },
      {
         "path" : "functions/root/mob/splitter/relocate.mcfunction"
      },
      {
         "path" : "functions/root/object/torch/on_entry.mcfunction"
      },
      {
         "path" : "loot_tables/rat.json"
      },
      {
         "path" : "functions/root/object/torch/on_exit.mcfunction"
      },
      {
         "path" : "functions/root/system/class/0000.mcfunction"
      },
      {
         "path" : "items/fine_leather.json"
      },
      {
         "path" : "functions/root/system/class/0001.mcfunction"
      },
      {
         "path" : "functions/root/system/impulse/build.campfire_shack.mcfunction"
      },
      {
         "path" : "structures/Medium_Rock.mcstructure"
      },
      {
         "path" : "functions/root/system/impulse/check.char.mcfunction"
      },
      {
         "path" : "items/quest/cabin00.json"
      },
      {
         "path" : "functions/root/system/impulse/check.quest.mcfunction"
      },
      {
         "path" : "functions/root/system/impulse/close.doors.mcfunction"
      },
      {
         "path" : "functions/root/system/impulse/end_game.mcfunction"
      },
      {
         "path" : "items/hunting_knife.json"
      },
      {
         "path" : "functions/root/system/impulse/light_torch.mcfunction"
      },
      {
         "path" : "functions/root/system/impulse/lod/load.cabin.mcfunction"
      },
      {
         "path" : "functions/root/system/impulse/reset.jump_scares.mcfunction"
      },
      {
         "path" : "functions/root/system/impulse/lod/load.cellar.mcfunction"
      },
      {
         "path" : "functions/root/system/impulse/lod/load.tick_areas.mcfunction"
      },
      {
         "path" : "structures/Large_Spruce.mcstructure"
      },
      {
         "path" : "functions/root/system/impulse/loot/loot.essential.mcfunction"
      },
      {
         "path" : "functions/root/system/impulse/lod/unload.tick_areas.mcfunction"
      },
      {
         "path" : "functions/root/system/index.mcfunction"
      },
      {
         "path" : "functions/root/system/impulse/loot/loot.antenna.mcfunction"
      },
      {
         "path" : "functions/root/system/impulse/loot/loot.cursed.mcfunction"
      },
      {
         "path" : "functions/root/system/impulse/loot/loot.drinks.mcfunction"
      },
      {
         "path" : "structures/Outhouse.mcstructure"
      },
      {
         "path" : "spawn_rules/vanilla/wolf.json"
      },
      {
         "path" : "functions/root/system/impulse/loot/loot.mask.mcfunction"
      },
      {
         "path" : "functions/root/system/impulse/loot/loot.medallion.mcfunction"
      },
      {
         "path" : "functions/root/system/impulse/loot/loot.microphone.mcfunction"
      },
      {
         "path" : "spawn_rules/vanilla/panda.json"
      },
      {
         "path" : "functions/root/system/impulse/loot/loot.pork.mcfunction"
      },
      {
         "path" : "manifest.json"
      },
      {
         "path" : "functions/root/system/impulse/loot/loot.power_supply.mcfunction"
      },
      {
         "path" : "functions/root/system/impulse/place.loot.mcfunction"
      },
      {
         "path" : "functions/root/system/impulse/reset.blocks.mcfunction"
      },
      {
         "path" : "functions/root/system/impulse/scoreboard.mcfunction"
      },
      {
         "path" : "functions/root/system/loop/dynamic_lighting.mcfunction"
      },
      {
         "path" : "functions/root/system/impulse/settings.mcfunction"
      },
      {
         "path" : "functions/root/system/impulse/spawn.res.mcfunction"
      },
      {
         "path" : "functions/root/system/impulse/start_player.mcfunction"
      },
      {
         "path" : "functions/root/system/impulse/structures/add.fire_shack.mcfunction"
      },
      {
         "path" : "functions/root/system/impulse/structures/remove.fire_shack.mcfunction"
      },
      {
         "path" : "functions/root/system/impulse/toggle.hints.mcfunction"
      },
      {
         "path" : "functions/root/system/init.mcfunction"
      },
      {
         "path" : "functions/root/system/logic/clock.10s.mcfunction"
      },
      {
         "path" : "structures/Large_Log.mcstructure"
      },
      {
         "path" : "spawn_rules/bush.json"
      },
      {
         "path" : "functions/root/system/logic/clock.1s.mcfunction"
      },
      {
         "path" : "functions/root/system/loop/fog.mcfunction"
      },
      {
         "path" : "functions/root/system/loop/help.hints.mcfunction"
      },
      {
         "path" : "functions/root/system/loop/quest/cabin.mcfunction"
      },
      {
         "path" : "functions/root/system/loop/quest/_manager.mcfunction"
      },
      {
         "path" : "spawn_rules/flint.json"
      },
      {
         "path" : "loot_tables/iron.json"
      },
      {
         "path" : "functions/root/system/loop/sanity_drain.mcfunction"
      },
      {
         "path" : "spawn_rules/vanilla/cod.json"
      },
      {
         "path" : "functions/root/system/loop/ui.display.mcfunction"
      },
      {
         "path" : "functions/root/system/loop/zone/cabin.mcfunction"
      },
      {
         "path" : "loot_tables/_microphone.json"
      },
      {
         "path" : "functions/root/system/loop/zone/campfire.mcfunction"
      },
      {
         "path" : "functions/root/system/loop/zone/cave.mcfunction"
      },
      {
         "path" : "functions/root/system/loop/zone/main.mcfunction"
      },
      {
         "path" : "functions/root/system/loop/zone/shoreline.mcfunction"
      },
      {
         "path" : "functions/root/system/loop/zone/underwater.mcfunction"
      },
      {
         "path" : "structures/Small_Stump.mcstructure"
      },
      {
         "path" : "functions/root/system/_main.mcfunction"
      },
      {
         "path" : "functions/tick.json"
      },
      {
         "path" : "items/book.json"
      },
      {
         "path" : "spawn_rules/vanilla/axolotl.json"
      },
      {
         "path" : "items/branch.json"
      },
      {
         "path" : "items/build_wand.json"
      },
      {
         "path" : "spawn_rules/vanilla/strider.json"
      },
      {
         "path" : "items/burnt_torch.json"
      },
      {
         "path" : "items/quest/cabin07.json"
      },
      {
         "path" : "items/cabin_key.json"
      },
      {
         "path" : "items/cabin_key2.json"
      },
      {
         "path" : "items/campfire_shack.json"
      },
      {
         "path" : "items/crafting/crude_handle.json"
      },
      {
         "path" : "items/cursed_doll.json"
      },
      {
         "path" : "items/doll.json"
      },
      {
         "path" : "spawn_rules/vanilla/ocelot.json"
      },
      {
         "path" : "items/fresh_torch.json"
      },
      {
         "path" : "items/liris_mask.json"
      },
      {
         "path" : "items/quest/cabin03.json"
      },
      {
         "path" : "items/medallion.json"
      },
      {
         "path" : "items/power_supply.json"
      },
      {
         "path" : "items/skinning_rack.json"
      },
      {
         "path" : "items/quest/cabin01.json"
      },
      {
         "path" : "items/quest/cabin02.json"
      },
      {
         "path" : "structures/Medium_Stump.mcstructure"
      },
      {
         "path" : "spawn_rules/vanilla/spider.json"
      },
      {
         "path" : "items/quest/cabin04.json"
      },
      {
         "path" : "items/quest/cabin05.json"
      },
      {
         "path" : "spawn_rules/vanilla/skeleton.json"
      },
      {
         "path" : "items/quest/cabin06.json"
      },
      {
         "path" : "items/quest/cabin08.json"
      },
      {
         "path" : "items/quest/tower01.json"
      },
      {
         "path" : "items/quest/tower02.json"
      },
      {
         "path" : "items/quest/tower03.json"
      },
      {
         "path" : "list.py"
      },
      {
         "path" : "loot_tables/boar.json"
      },
      {
         "path" : "loot_tables/bush00.json"
      },
      {
         "path" : "loot_tables/bush01.json"
      },
      {
         "path" : "loot_tables/coal.json"
      },
      {
         "path" : "loot_tables/q.cabin00.json"
      },
      {
         "path" : "loot_tables/statue.json"
      },
      {
         "path" : "structures/Medium_Log.mcstructure"
      },
      {
         "path" : "spawn_rules/vanilla/pufferfish.json"
      },
      {
         "path" : "loot_tables/stone.json"
      },
      {
         "path" : "loot_tables/tree.json"
      },
      {
         "path" : "loot_tables/_antenna.json"
      },
      {
         "path" : "loot_tables/_doll.json"
      },
      {
         "path" : "loot_tables/_liris_mask.json"
      },
      {
         "path" : "structures/Big_Log.mcstructure"
      },
      {
         "path" : "loot_tables/_medallion.json"
      },
      {
         "path" : "loot_tables/_power_supply.json"
      },
      {
         "path" : "loot_tables/_spy_glass1.json"
      },
      {
         "path" : "loot_tables/_spy_glass2.json"
      },
      {
         "path" : "pack_icon.png"
      },
      {
         "path" : "spawn_rules/boar.json"
      },
      {
         "path" : "spawn_rules/branch.json"
      },
      {
         "path" : "spawn_rules/ghost.json"
      },
      {
         "path" : "spawn_rules/statue.json"
      },
      {
         "path" : "spawn_rules/vanilla/bat.json"
      },
      {
         "path" : "spawn_rules/vanilla/bee.json"
      },
      {
         "path" : "spawn_rules/vanilla/blaze.json"
      },
      {
         "path" : "spawn_rules/vanilla/cat.json"
      },
      {
         "path" : "spawn_rules/vanilla/chicken.json"
      },
      {
         "path" : "spawn_rules/vanilla/cow.json"
      },
      {
         "path" : "spawn_rules/vanilla/dolphin.json"
      },
      {
         "path" : "spawn_rules/vanilla/drowned.json"
      },
      {
         "path" : "spawn_rules/vanilla/enderman.json"
      },
      {
         "path" : "spawn_rules/vanilla/fox.json"
      },
      {
         "path" : "spawn_rules/vanilla/ghast.json"
      },
      {
         "path" : "spawn_rules/vanilla/glow_squid.json"
      },
      {
         "path" : "spawn_rules/vanilla/horse.json"
      },
      {
         "path" : "spawn_rules/vanilla/husk.json"
      },
      {
         "path" : "spawn_rules/vanilla/magma_cube.json"
      },
      {
         "path" : "spawn_rules/vanilla/parrot.json"
      },
      {
         "path" : "spawn_rules/vanilla/piglin.json"
      },
      {
         "path" : "spawn_rules/vanilla/pillager_patrol.json"
      },
      {
         "path" : "spawn_rules/vanilla/polar_bear.json"
      },
      {
         "path" : "spawn_rules/vanilla/rabbit.json"
      },
      {
         "path" : "spawn_rules/vanilla/stray.json"
      },
      {
         "path" : "spawn_rules/vanilla/tropicalfish.json"
      },
      {
         "path" : "spawn_rules/vanilla/turtle.json"
      },
      {
         "path" : "spawn_rules/vanilla/wither_skeleton.json"
      },
      {
         "path" : "spawn_rules/vanilla/zombie.json"
      },
      {
         "path" : "spawn_rules/vanilla/zombie_pigman.json"
      },
      {
         "path" : "structures/bone.mcstructure"
      },
      {
         "path" : "structures/Large_Rock.mcstructure"
      },
      {
         "path" : "structures/Large_Stone.mcstructure"
      },
      {
         "path" : "structures/Large_Stump.mcstructure"
      },
      {
         "path" : "structures/Large_Willow.mcstructure"
      },
      {
         "path" : "structures/Medium_RotTree.mcstructure"
      },
      {
         "path" : "structures/Medium_Spruce.mcstructure"
      },
      {
         "path" : "structures/Medium_Stone.mcstructure"
      },
      {
         "path" : "structures/Medium_Willow.mcstructure"
      },
      {
         "path" : "structures/Ritual.mcstructure"
      },
      {
         "path" : "structures/Small_Rock.mcstructure"
      },
      {
         "path" : "structures/Small_RotTree.mcstructure"
      },
      {
         "path" : "trading/crafter/objects.json"
      },
      {
         "path" : "structures/Small_Spruce.mcstructure"
      },
      {
         "path" : "structures/Small_Stone.mcstructure"
      },
      {
         "path" : "texts/en_US.lang"
      },
      {
         "path" : "texts/languages.json"
      },
      {
         "path" : "trading/crafter/food.json"
      },
      {
         "path" : "trading/crafter/gear.json"
      },
      {
         "path" : "trading/crafter/items.json"
      }
   ],
   "version" : 1
}
