{
    "format_version": "1.10.0",
    "animation_controllers": {
        "controller.animation.loadisk.particle": {
            "initial_state": "off",
            "states": {
                "off": {
                    "blend_transition": 0.2,
                    "transitions": [{"particle": "q.mark_variant > 0 && v.is_first_person"}]
                },
                "particle": {
                    "blend_transition": 0.2,
                    "animations": ["particle"],
                    "transitions": [{"off": "q.mark_variant <= 0 || !v.is_first_person"}]
                }
            }
        }
    }
}