{
    "format_version": "1.10.0",
    "animation_controllers": {
        "controller.animation.loadisk.pillow": {
            "initial_state": "default",
            "states": {
                "default": {
                    "transitions": [
                        {"lean": "q.is_sheared"},
                        {"float": "q.is_stunned"}
                    ]
                },
                "lean": {
                    "animations": ["lean"],
                    "blend_transition": 0.2,
                    "transitions": [{"default": "!q.is_sheared"}]
                },
                "float": {
                    "blend_transition": 0.2,
                    "animations": ["float"],
                    "transitions": [{"default": "!q.is_stunned"}]
                }
            }
        },
        "controller.animation.loadisk.door": {
            "initial_state": "close",
            "states": {
                "close": {
                    "animations": ["close"],
                    "blend_transition": 0.2,
                    "transitions": [{"open": "q.is_sheared"}]
                },
                "open": {
                    "blend_transition": 0.2,
                    "animations": ["open"],
                    "transitions": [{"close": "!q.is_sheared"}]
                }
            }
        },
        "controller.animation.loadisk.box": {
            "initial_state": "box",
            "states": {
                "box": {
                    "animations": ["box"],
                    "blend_transition": 0.2,
                    "transitions": [
                        {"boxes": "q.mark_variant == 1"},
                        {"up": "q.mark_variant == 2"},
                        {"upside_down": "q.mark_variant == 3"},
                        {"flipped": "q.mark_variant == 4"},
                        {"rolled_left": "q.mark_variant == 5"},
                        {"rolled_right": "q.mark_variant == 6"}
                    ]
                },
                "boxes": {
                    "animations": ["boxes"],
                    "blend_transition": 0.2,
                    "transitions": [
                        {"box": "q.mark_variant == 0"},
                        {"up": "q.mark_variant == 2"},
                        {"upside_down": "q.mark_variant == 3"},
                        {"flipped": "q.mark_variant == 4"},
                        {"rolled_left": "q.mark_variant == 5"},
                        {"rolled_right": "q.mark_variant == 6"}
                    ]
                },
                "up": {
                    "animations": ["up"],
                    "blend_transition": 0.2,
                    "transitions": [
                        {"box": "q.mark_variant == 0"},
                        {"boxes": "q.mark_variant == 1"},
                        {"upside_down": "q.mark_variant == 3"},
                        {"flipped": "q.mark_variant == 4"},
                        {"rolled_left": "q.mark_variant == 5"},
                        {"rolled_right": "q.mark_variant == 6"}
                ]
                },
                "upside_down": {
                    "animations": ["upside_down"],
                    "blend_transition": 0.2,
                    "transitions": [
                        {"box": "q.mark_variant == 0"},
                        {"up": "q.mark_variant == 2"},
                        {"flipped": "q.mark_variant == 4"},
                        {"rolled_left": "q.mark_variant == 5"},
                        {"rolled_right": "q.mark_variant == 6"}
                ]
                },
                "flipped": {
                    "animations": ["flipped"],
                    "blend_transition": 0.2,
                    "transitions": [
                        {"box": "q.mark_variant == 0"},
                        {"boxes": "q.mark_variant == 1"},
                        {"up": "q.mark_variant == 2"},
                        {"upside_down": "q.mark_variant == 3"},
                        {"rolled_left": "q.mark_variant == 5"},
                        {"rolled_right": "q.mark_variant == 6"}
                ]
                },
                "rolled_left": {
                    "animations": ["rolled_left"],
                    "blend_transition": 0.2,
                    "transitions": [
                        {"box": "q.mark_variant == 0"},
                        {"boxes": "q.mark_variant == 1"},
                        {"up": "q.mark_variant == 2"},
                        {"upside_down": "q.mark_variant == 3"},
                        {"flipped": "q.mark_variant == 4"},
                        {"rolled_right": "q.mark_variant == 6"}
                ]
                },
                "rolled_right": {
                    "animations": ["rolled_right"],
                    "blend_transition": 0.2,
                    "transitions": [
                        {"box": "q.mark_variant == 0"},
                        {"boxes": "q.mark_variant == 1"},
                        {"up": "q.mark_variant == 2"},
                        {"upside_down": "q.mark_variant == 3"},
                        {"flipped": "q.mark_variant == 4"},
                        {"rolled_left": "q.mark_variant == 5"}
                ]
                }
            }
        },
        "controller.animation.loadisk.radio": {
            "initial_state": "default",
            "states": {
                "default": {
                    "transitions": [
                        {"on": "q.is_sheared"}
                    ]
                },
                "on": {
                    "animations": ["on"],
                    "blend_transition": 0.2,
                    "transitions": [{"default": "!q.is_sheared"}]
                }
            }
        },
        "controller.animation.loadisk.chair": {
            "initial_state": "default",
            "states": {
                "default": {
                    "transitions": [
                        {"float": "q.is_stunned"}
                    ]
                },
                "float": {
                    "blend_transition": 0.2,
                    "animations": ["float"],
                    "transitions": [{"default": "!q.is_stunned"}]
                }
            }
        },
        "controller.animation.loadisk.knocked": {
            "initial_state": "default",
            "states": {
                "default": {
                    "transitions": [
                        {"knocked": "q.is_sheared"}
                    ]
                },
                "knocked": {
                    "blend_transition": 0.2,
                    "animations": ["knocked"],
                    "transitions": [{"default": "!q.is_sheared"}]
                }
            }
        }
    }
}