{
   "format_version": "1.14.0",
   "sound_definitions": {
      "loadisk.example": {
         "category": "neutral",
         "sounds": ["sounds/object/"]
      },
      "loadisk.switch": {
         "category": "ui",
         "sounds": ["sounds/item/switch"]
      },
      "loadisk.drone": {
         "category": "music",
         "sounds": ["sounds/ambience/drone"]
      },
      "loadisk.glitch.1": {
         "category": "ui",
         "sounds": ["sounds/ui/glitch1"]
      },
      "loadisk.glitch.2": {
         "category": "ui",
         "sounds": ["sounds/ui/glitch2"]
      },
      "loadisk.goal.win": {
         "category": "ui",
         "sounds": ["sounds/ui/goal_win"]
      },
      "loadisk.whistle": {
         "category": "ui",
         "sounds": ["sounds/object/whistle"]
      },
      "loadisk.goal": {
         "category": "ui",
         "sounds": ["sounds/object/goal"]
      },
      "loadisk.kick": {
         "category": "ui",
         "sounds": ["sounds/object/kicks/kick1","sounds/object/kicks/kick2"]
      },
      "loadisk.radio": {
         "category": "ui",
         "sounds": ["sounds/object/radio"]
      },
      "loadisk.tv": {
         "category": "neutral",
         "sounds": ["sounds/object/tv_static"]
      },
      "loadisk.car_alarm": {
         "category": "neutral",
         "sounds": ["sounds/object/car_alarm"]
      },
      "loadisk.smoke_alarm": {
         "category": "neutral",
         "sounds": ["sounds/object/smoke_alarm"]
      },
      "loadisk.chime": {
         "category": "ui",
         "sounds": ["sounds/ui/chime"]
      },
      "loadisk.click": {
         "category": "ui",
         "sounds": ["sounds/ui/click"]
      },
      "loadisk.fall": {
         "category": "ui",
         "sounds": ["sounds/ui/fall"]
      },
      "loadisk.gain": {
         "category": "ui",
         "sounds": ["sounds/ui/gain"]
      },
      "loadisk.exit": {
         "category": "ui",
         "sounds": ["sounds/ui/exit"]
      },
      "loadisk.static": {
         "category": "ui",
         "sounds": ["sounds/ui/static"]
      },
      "loadisk.error": {
         "category": "ui",
         "sounds": ["sounds/ui/error"]
      },
      "loadisk.load": {
         "category": "ui",
         "sounds": ["sounds/ui/load"]
      },
      "loadisk.null": {"category": "neutral","sounds": ["sounds/null"]},
      //Remove Vanilla Music
      "music.game":{"category":"music","sounds":[]},
      "music.game.basalt_deltas":{"category":"music","sounds":[]},
      "music.game.creative":{"category":"music","sounds":[]},
      "music.game.crimson_forest":{"category":"music","sounds":[]},
      "music.game.dripstone_caves":{"category":"music","sounds":[]},
      "music.game.end":{"category":"music","sounds":[]},
      "music.game.endboss":{"category":"music","sounds":[]},
      "music.game.frozen_peaks":{"category":"music","sounds":[]},
      "music.game.grove":{"category":"music","sounds":[]},
      "music.game.jagged_peaks":{"category":"music","sounds":[]},
      "music.game.lush_caves":{"category":"music","sounds":[]},
      "music.game.meadow":{"category":"music","sounds":[]},
      "music.game.nether":{"category":"music","sounds":[]},
      "music.game.nether_wastes":{"category":"music","sounds":[]},
      "music.game.snowy_slopes":{"category":"music","sounds":[]},
      "music.game.soul_sand_valley":{"category":"music","sounds":[]},
      "music.game.soulsand_valley":{"category":"music","sounds":[]},
      "music.game.stony_peaks":{"category":"music","sounds":[]},
      "music.game.warped_forest":{"category":"music","sounds":[]},
      "music.game.water":{"category":"music","sounds":[]},
      "music.menu":{"category":"music","sounds":[]}
   }
}