{
	"format_version": "1.19.0",
	"minecraft:entity": {
		"description": {
			"identifier": "loadisk:box",
			"is_spawnable": true,"is_summonable": true,"is_experimental": false,
			"scripts": {"animate": ["test_break"]},
			"animations": {"test_break": "controller.animation.loadisk.test_break"}
		},
		"component_groups": {
			"loadisk:despawn": {"minecraft:instant_despawn": {}},
			"loadisk:box": {"minecraft:mark_variant": {"value": 0}},
			"loadisk:boxes": {"minecraft:mark_variant": {"value": 1}},
			"loadisk:up": {"minecraft:mark_variant": {"value": 2}},
			"loadisk:upside_down": {"minecraft:mark_variant": {"value": 3}},
			"loadisk:flipped": {"minecraft:mark_variant": {"value": 4}},
			"loadisk:rolled_left": {"minecraft:mark_variant": {"value": 5}},
			"loadisk:rolled_right": {"minecraft:mark_variant": {"value": 6}}
		},
		"components": {
			"minecraft:nameable": {"always_show": false,"allow_name_tag_renaming": false},
			"minecraft:collision_box": {"width": 0.5,"height": 0.5},
			"minecraft:health": {"value": 100,"max": 100},
			"minecraft:physics": {"has_gravity": false,"has_collision": false},
			"minecraft:pushable": {"is_pushable": false,"is_pushable_by_piston": false},
			"minecraft:type_family": {"family": ["object","no_effect","system"]},
			"minecraft:damage_sensor": {
				"triggers": [
				{"on_damage": {"filters": {"all_of": [{ "test": "is_family", "subject": "other","operator": "==", "value": "player" }]}},
					"deals_damage": true
				},
				{"cause": "all","deals_damage": false}]
		}
		},
		"events": {
			"minecraft:entity_spawned": {"add": {"component_groups": ["loadisk:box"]}},
			"loadisk:despawn_event": {"add": {"component_groups": ["loadisk:despawn"]}},
			"loadisk:box_event": {"add": {"component_groups": ["loadisk:box"]},"remove": {"component_groups": ["loadisk:boxes","loadisk:up","loadisk:upside_down","loadisk:flipped","loadisk:rolled_left","loadisk:rolled_right"]}},
			"loadisk:boxes_event": {"add": {"component_groups": ["loadisk:boxes"]},"remove": {"component_groups": ["loadisk:box","loadisk:up","loadisk:upside_down","loadisk:flipped","loadisk:rolled_left","loadisk:rolled_right"]}},
			"loadisk:up_event": {"add": {"component_groups": ["loadisk:up"]},"remove": {"component_groups": ["loadisk:boxes","loadisk:box","loadisk:upside_down","loadisk:flipped","loadisk:rolled_left","loadisk:rolled_right"]}},
			"loadisk:upside_down_event": {"add": {"component_groups": ["loadisk:upside_down"]},"remove": {"component_groups": ["loadisk:boxes","loadisk:box","loadisk:up","loadisk:flipped","loadisk:rolled_left","loadisk:rolled_right"]}},
			"loadisk:flipped_event": {"add": {"component_groups": ["loadisk:flipped"]},"remove": {"component_groups": ["loadisk:boxes","loadisk:box","loadisk:up","loadisk:upside_down","loadisk:rolled_left","loadisk:rolled_right"]}},
			"loadisk:rolled_left_event": {"add": {"component_groups": ["loadisk:rolled_left"]},"remove": {"component_groups": ["loadisk:boxes","loadisk:box","loadisk:up","loadisk:upside_down","loadisk:flipped","loadisk:rolled_right"]}},
			"loadisk:rolled_right_event": {"add": {"component_groups": ["loadisk:rolled_right"]},"remove": {"component_groups": ["loadisk:boxes","loadisk:box","loadisk:up","loadisk:upside_down","loadisk:flipped","loadisk:rolled_left"]}}
		}
	}
}