{
	"format_version": "1.19.0",
	"minecraft:entity": {
		"description": {
			"identifier": "loadisk:camera",
			"is_spawnable": false,"is_summonable": true,"is_experimental": false,
			"scripts": {"animate": ["audio","controller.sfx"]},
			"properties": {
				"ld:soundfx":   {"type": "int",  "range":  [0,2], "default": 0}
			},
			"animations": {
				"audio": "animation.loadisk.drone.runtime",
				"controller.sfx": "controller.animation.loadisk.camera.sfx",
				"error_1": "animation.loadisk.glitch.1",
				"error_2": "animation.loadisk.glitch.2"}
		},
		"component_groups": {
			"loadisk:despawn": {"minecraft:instant_despawn": {}}
		},
		"components": {
			"minecraft:nameable": {"always_show": false,"allow_name_tag_renaming": false},
			"minecraft:collision_box": {"width": 0.5,"height": 0.5},
			"minecraft:health": {"value": 0.5,"max": 0.5},
			"minecraft:physics": {"has_gravity": false,"has_collision": false},
			"minecraft:pushable": {"is_pushable": false,"is_pushable_by_piston": false},
			"minecraft:type_family": {"family": ["object","no_effect","system"]},
			"minecraft:damage_sensor": {"triggers": {"cause": "all","deals_damage": false}}
		},
		"events": {
			"loadisk:despawn_event": {"add": {"component_groups": ["loadisk:despawn"]}},

			"loadisk:reset_sfx_event":     {"set_property": {"ld:soundfx": 0}},
			"loadisk:sfx_error_1_event":    {"set_property": {"ld:soundfx": 1}},
			"loadisk:sfx_error_2_event":    {"set_property": {"ld:soundfx": 2}}
		}
	}
}