{
	"format_version": "1.19.0",
	"minecraft:entity": {
		"description": {
			"identifier": "loadisk:counter_blue",
			"is_spawnable": true,"is_summonable": true,"is_experimental": false,
			"properties": {
				"ld:score":   {"type": "int",  "range":  [0,5], "default": 0, "client_sync": true}
			}
		},
		"component_groups": {
			"loadisk:despawn": {"minecraft:instant_despawn": {}}
		},
		"components": {
			"minecraft:nameable": {"always_show": false,"allow_name_tag_renaming": false},
			"minecraft:collision_box": {"width": 0.0,"height": 0.0},
			"minecraft:scale":{"value": 0.6},
			"minecraft:health": {"value": 100,"max": 100},
			"minecraft:physics": {"has_gravity": false,"has_collision": false},
			"minecraft:pushable": {"is_pushable": false,"is_pushable_by_piston": false},
			"minecraft:type_family": {"family": ["object","counter","system"]},
			"minecraft:damage_sensor": {
				"triggers": [
				{
					"on_damage": {
						"filters": {
							"all_of": [
							  { "test": "is_family", "subject": "other","operator": "==", "value": "player" }
							]
						  }
					},
					"deals_damage": false
				},
				{"cause": "all","deals_damage": false}
			]
		}
		},
		"events": {
			"loadisk:despawn_event": {"add": {"component_groups": ["loadisk:despawn"]}},
			"loadisk:score_clear_event": {"set_property": {"ld:score": 0}},
			"loadisk:score_up_event": {"set_property": {"ld:score": "q.property('ld:score') + 1"}}
		}
	}
}