{
	"format_version": "1.19.0",
	"minecraft:entity": {
		"description": {
			"identifier": "loadisk:pillow",
			"is_spawnable": true,"is_summonable": true,"is_experimental": false,
			"scripts": {"animate": ["test_break"]},
			"animations": {"test_break": "controller.animation.loadisk.test_break"}
		},
		"component_groups": {
			"loadisk:despawn": {"minecraft:instant_despawn": {}},
			"loadisk:lean": {"minecraft:is_sheared": {}},
			"loadisk:float": {"minecraft:is_stunned": {}}
		},
		"components": {
			"minecraft:nameable": {"always_show": false,"allow_name_tag_renaming": false},
			"minecraft:collision_box": {"width": 0.5,"height": 0.5},
			"minecraft:health": {"value": 100,"max": 100},
			"minecraft:physics": {"has_gravity": true,"has_collision": true},
			"minecraft:pushable": {"is_pushable": false,"is_pushable_by_piston": false},
			"minecraft:type_family": {"family": ["object","no_effect","system"]},
			"minecraft:damage_sensor": {
				"triggers": [
				{"on_damage": {"filters": {"all_of": [{ "test": "is_family", "subject": "other","operator": "==", "value": "player" }]}},
					"deals_damage": true
				},
				{"cause": "all","deals_damage": false}]
		}
		},
		"events": {
			"loadisk:despawn_event": {"add": {"component_groups": ["loadisk:despawn"]}},
			"loadisk:lean_event": {"add": {"component_groups": ["loadisk:lean"]},"remove": {"component_groups": ["loadisk:float"]}},
			"loadisk:float_event": {"add": {"component_groups": ["loadisk:float"]},"remove": {"component_groups": ["loadisk:lean"]}},
			"loadisk:kill_lean_event": {"remove": {"component_groups": ["loadisk:lean"]}},
			"loadisk:kill_float_event": {"remove": {"component_groups": ["loadisk:float"]}}
		}
	}
}