{
	"format_version": "1.19.0",
	"minecraft:entity": {
		"description": {
			"identifier": "loadisk:soccer_ball",
			"is_spawnable": true,"is_summonable": true,"is_experimental": false
		},
		"component_groups": {
			"loadisk:despawn": {"minecraft:instant_despawn": {}},
			"loadisk:obj_tag": {"minecraft:is_ignited": {}}
		},
		"components": {
			"minecraft:nameable": {"always_show": false,"allow_name_tag_renaming": false},
			"minecraft:collision_box": {"width": 0.4,"height": 0.4},
			"minecraft:scale":{"value": 1},
			"minecraft:health": {"value": 100,"max": 100},
			"minecraft:physics": {"has_gravity": true,"has_collision": true},
			"minecraft:pushable": {"is_pushable": true,"is_pushable_by_piston": false},
			"minecraft:type_family": {"family": ["object","no_effect","system"]},
			"minecraft:damage_sensor": {
				"triggers": [
				{
					"on_damage": {
						"filters": {
							"all_of": [
								{ "test": "is_family", "subject": "other","operator": "==", "value": "player" }
							]
						}
					},
					"deals_damage": true
				},
				{"cause": "all","deals_damage": false}
			]
		}
		},
		"events": {
			"loadisk:despawn_event": {"add": {"component_groups": ["loadisk:despawn"]}}
		}
	}
}