{
	"entity_sounds": {
		"entities": {
			"loadisk:example": {
				"volume": 0.75,"pitch" : [ 0.80, 1.20 ],
				"events": {
					"ambient": "",
					"ambient.tame" : "",
					"shoot": "",
					"hurt": "",
					"fall_small": "",
					"fall_big": "",
					"death": "",
					"step": "",
					"eat": {
						"pitch": [0.80,1.20],
						"volume": [0.75,1.10],
						"sound": ""
					},
					"ambient.baby" : {
						"pitch": [1.90,2.00],
						"volume": [0.75,1.10],
						"sound": ""
					},
					"death.baby" : {
						"pitch": [1.90,2.00],
						"volume": [0.75,1.10],
						"sound": ""
					},
					"hurt.baby" : {
						"pitch": [1.90,2.00],
						"volume": [0.75,1.10],
						"sound": ""
					}
				}
			},
			"loadisk:soccer_ball": {
				"volume": 100,"pitch" : [ 0.9, 1.0 ],
				"events": {
				"hurt": {
					"pitch": [0.80,1.20],
					"sound": "loadisk.kick"
				}
				}
			},
			"loadisk:obj": {
				"volume": 100,"pitch" : [ 0.9, 1.0 ],
				"events": {
				"step": "null"
				}
			},
			"loadisk:cursor": {
				"volume": 100,"pitch" : [ 0.9, 1.0 ],
				"events": {
				"step": "null"
				}
			}
		}
	}
}