{
	"format_version": "1.15.0",
	"minecraft:entity": {
		"description": {
			"identifier": "loadisk:ram",
			"is_spawnable": false,"is_summonable": true,"is_experimental": false,
			"scripts": {"animate": ["run_time","world.time","init_controller","car_controller","smoke_controller"]},
			"animations": {
				"run_time": "controller.animation.ram.run_time",
				"clock.1s": "animation.loadisk.clock.1s",
				"clock.3s": "animation.loadisk.clock.3s",
				"clock.m":"animation.loadisk.clock.m",
				"world.time": "controller.animation.loadisk.world_time",
				"init_controller": "controller.animation.ram.camera_init",
				"camera_init": "animation.loadisk.camera.init",
				"car_controller": "controller.animation.ram.sound.car",
				"smoke_controller": "controller.animation.ram.sound.smoke",
				"car_alarm": "animation.loadisk.car",
				"smoke_alarm": "animation.loadisk.smoke"
			}
		},
		"component_groups": {
			"loadisk:despawn": {"minecraft:instant_despawn": {}},
			"loadisk:start.run_time": {"minecraft:is_sheared": {}},
			"loadisk:camera_init": {"minecraft:is_saddled": {}},
			"loadisk:car_alarm": {"minecraft:is_stunned": {}},
			"loadisk:smoke_alarm": {"minecraft:is_ignited": {}}
		},
		"components": {
			"minecraft:health": {"value": 0.5,"max": 0.5},
			"minecraft:collision_box": {"width": 0.5,"height": 0.5},
			"minecraft:physics": {"has_gravity": false,"has_collision": false},
			"minecraft:pushable": {"is_pushable": false,"is_pushable_by_piston": false},
			"minecraft:type_family": {"family": ["ram","no_effect","game_object"]},
			"minecraft:damage_sensor": {"triggers": {"cause": "all","deals_damage": false}}
		},
		"events": {
			"minecraft:entity_spawned": {"add": {"component_groups": ["loadisk:start.run_time"]}},
			"loadisk:start.runtime_event": {"add": {"component_groups": ["loadisk:start.run_time"]}},
			"loadisk:kill.runtime_event": {"remove": {"component_groups": ["loadisk:start.run_time"]}},
			"loadisk:despawn_event": {"add": {"component_groups": ["loadisk:despawn"]}},
			"loadisk:camera_init_event": {"add": {"component_groups": ["loadisk:camera_init"]}},
			"loadisk:start.camera_init_event": {"remove": {"component_groups": ["loadisk:camera_init"]}},
			"loadisk:car_alarm_event": {"add": {"component_groups": ["loadisk:car_alarm"]}},
			"loadisk:kill_car_alarm_event": {"remove": {"component_groups": ["loadisk:car_alarm"]}},
			"loadisk:smoke_alarm_event": {"add": {"component_groups": ["loadisk:smoke_alarm"]}},
			"loadisk:kill_smoke_alarm_event": {"remove": {"component_groups": ["loadisk:smoke_alarm"]}}
		}
	}
}