{
	"format_version": "1.8.0",
	"animations": {
		"animation.loadisk.box_up": {
			"loop": "hold_on_last_frame",
			"animation_length": 0.04167,
			"bones": {
				"box1": {
					"rotation": {
						"0.0": [90, 0, 0],
						"0.0417": [90, 0, 0]
					}
				},
				"box2": {
					"scale": [0, 0, 0]
				},
				"box3": {
					"scale": [0, 0, 0]
				}
			}
		},
		"animation.loadisk.box_upside_down": {
			"loop": "hold_on_last_frame",
			"animation_length": 0.04167,
			"bones": {
				"box1": {
					"rotation": {
						"0.0": [-180, 0, 0],
						"0.0417": [-180, 0, 0]
					}
				},
				"box2": {
					"scale": [0, 0, 0]
				},
				"box3": {
					"scale": [0, 0, 0]
				}
			}
		},
		"animation.loadisk.box_flipped": {
			"loop": "hold_on_last_frame",
			"animation_length": 0.04167,
			"bones": {
				"box1": {
					"rotation": {
						"0.0": [270, 0, 0],
						"0.0417": [270, 0, 0]
					}
				},
				"box2": {
					"scale": [0, 0, 0]
				},
				"box3": {
					"scale": [0, 0, 0]
				}
			}
		},
		"animation.loadisk.box_rolled_left": {
			"loop": "hold_on_last_frame",
			"animation_length": 0.04167,
			"bones": {
				"box1": {
					"rotation": {
						"0.0": [0, 0, 90],
						"0.0417": [270, 0, 0]
					}
				},
				"box2": {
					"scale": [0, 0, 0]
				},
				"box3": {
					"scale": [0, 0, 0]
				}
			}
		},
		"animation.loadisk.box_rolled_right": {
			"loop": "hold_on_last_frame",
			"animation_length": 0.04167,
			"bones": {
				"box1": {
					"rotation": {
						"0.0": [0, 0, -90],
						"0.0417": [0, 0, -90]
					}
				},
				"box2": {
					"scale": [0, 0, 0]
				},
				"box3": {
					"scale": [0, 0, 0]
				}
			}
		},
		"animation.loadisk.box": {
			"loop": "hold_on_last_frame",
			"bones": {
				"box2": {
					"scale": [0, 0, 0]
				},
				"box3": {
					"scale": [0, 0, 0]
				}
			}
		},
		"animation.loadisk.boxes": {
			"loop": "hold_on_last_frame",
			"bones": {
				"box2": {
					"scale": [1, 1, 1]
				},
				"box3": {
					"scale": [1, 1, 1]
				}
			}
		}
	}
}