{
	"format_version": "1.8.0",
	"animations": {
		"animation.loadisk.chair.float": {
			"loop": true,
			"animation_length": 2.5,
			"bones": {
				"root": {
					"rotation": {
						"0.0": {
							"post": [0, 0, 180],
							"lerp_mode": "catmullrom"
						},
						"0.5": {
							"post": [0, 0, 177.5],
							"lerp_mode": "catmullrom"
						},
						"1.3333": {
							"post": [0, 0, 187.5],
							"lerp_mode": "catmullrom"
						},
						"2.0417": {
							"post": [0, 0, 175],
							"lerp_mode": "catmullrom"
						},
						"2.5": {
							"post": [0, 0, 180],
							"lerp_mode": "catmullrom"
						}
					},
					"position": {
						"0.0": {
							"post": [0, 17, 0],
							"lerp_mode": "catmullrom"
						},
						"0.5417": {
							"post": [0, 20, 0],
							"lerp_mode": "catmullrom"
						},
						"1.1667": {
							"post": [0, 17.58, 0],
							"lerp_mode": "catmullrom"
						},
						"1.6667": {
							"post": [0, 19, 0],
							"lerp_mode": "catmullrom"
						},
						"2.5": {
							"post": [0, 17, 0],
							"lerp_mode": "catmullrom"
						}
					}
				}
			}
		}
	}
}