{
	"format_version": "1.8.0",
	"animations": {
		"animation.loadisk.static": {
			"anim_time_update": "0.5 * query.delta_time + query.anim_time",
			"loop": true,
			"animation_length": 0.375,
			"bones": {
				"static_3": {
					"position": {
						"0.0": [0, 0, 0],
						"0.0833": {
							"pre": [0, 0, 0],
							"post": [0, -700, 0]
						},
						"0.125": {
							"pre": [0, -700, 0],
							"post": [0, 0, 0]
						}
					}
				},
				"static_1": {
					"position": {
						"0.0": [0, -700, 0],
						"0.0417": {
							"pre": [0, -700, 0],
							"post": [0, 0, 0]
						}
					}
				},
				"static_2": {
					"position": {
						"0.0": [0, 0, 0],
						"0.0417": {
							"pre": [0, 0, 0],
							"post": [0, -700, 0]
						},
						"0.0833": {
							"pre": [0, -700, 0],
							"post": [0, 0, 0]
						}
					}
				},
				"static_4": {
					"position": {
						"0.0": [0, 0, 0],
						"0.125": {
							"pre": [0, 0, 0],
							"post": [0, -700, 0]
						},
						"0.1667": {
							"pre": [0, -700, 0],
							"post": [0, 0, 0]
						}
					}
				},
				"static_5": {
					"position": {
						"0.0": [0, 0, 0],
						"0.1667": {
							"pre": [0, 0, 0],
							"post": [0, -700, 0]
						},
						"0.2083": {
							"pre": [0, -700, 0],
							"post": [0, 0, 0]
						}
					}
				},
				"static_6": {
					"position": {
						"0.0": [0, 0, 0],
						"0.2083": {
							"pre": [0, 0, 0],
							"post": [0, -700, 0]
						},
						"0.25": {
							"pre": [0, -700, 0],
							"post": [0, 0, 0]
						}
					}
				},
				"static_7": {
					"position": {
						"0.0": [0, 0, 0],
						"0.25": {
							"pre": [0, 0, 0],
							"post": [0, -700, 0]
						},
						"0.2917": {
							"pre": [0, -700, 0],
							"post": [0, 0, 0]
						}
					}
				},
				"static_8": {
					"position": {
						"0.0": [0, 0, 0],
						"0.2917": {
							"pre": [0, 0, 0],
							"post": [0, -700, 0]
						},
						"0.3333": {
							"pre": [0, -700, 0],
							"post": [0, 0, 0]
						}
					}
				},
				"static_9": {
					"position": {
						"0.0": [0, 0, 0],
						"0.3333": {
							"pre": [0, 0, 0],
							"post": [0, -700, 0]
						},
						"0.375": {
							"pre": [0, -700, 0],
							"post": [0, 0, 0]
						}
					}
				},
				"static": {
					"position": [0, -828, 0],
					"scale": [4, 4, 4]
				},
				"static_10": {
					"position": {
						"0.3333": [0, 0, 0],
						"0.375": {
							"pre": [0, 0, 0],
							"post": [0, -700, 0]
						}
					}
				}
			}
		},
		"animation.loadisk.transition": {
			"loop": true,
			"animation_length": 0.83333,
			"bones": {
				"transition_1": {
					"position": {
						"0.0": [0, -800, 0],
						"0.0417": {
							"pre": [0, -800, 0],
							"post": [0, 0, 0]
						}
					}
				},
				"transition_3": {
					"position": {
						"0.125": [0, 0, 0],
						"0.1667": {
							"pre": [0, 0, 0],
							"post": [0, -800, 0]
						},
						"0.25": {
							"pre": [0, -800, 0],
							"post": [0, -800, 0]
						},
						"0.2917": {
							"pre": [0, -800, 0],
							"post": [0, 0, 0]
						}
					}
				},
				"transition_4": {
					"position": {
						"0.25": [0, 0, 0],
						"0.2917": {
							"pre": [0, 0, 0],
							"post": [0, -800, 0]
						},
						"0.375": {
							"pre": [0, -800, 0],
							"post": [0, -800, 0]
						},
						"0.4167": {
							"pre": [0, -800, 0],
							"post": [0, 0, 0]
						}
					}
				},
				"transition_5": {
					"position": {
						"0.375": [0, 0, 0],
						"0.4167": {
							"pre": [0, 0, 0],
							"post": [0, -800, 0]
						},
						"0.5": {
							"pre": [0, -800, 0],
							"post": [0, -800, 0]
						},
						"0.5417": {
							"pre": [0, -800, 0],
							"post": [0, 0, 0]
						}
					}
				},
				"transition_6": {
					"position": {
						"0.5": [0, 0, 0],
						"0.5417": {
							"pre": [0, 0, 0],
							"post": [0, -800, 0]
						},
						"0.625": {
							"pre": [0, -800, 0],
							"post": [0, -800, 0]
						},
						"0.6667": {
							"pre": [0, -800, 0],
							"post": [0, 0, 0]
						}
					}
				},
				"transition_7": {
					"position": {
						"0.625": [0, 0, 0],
						"0.6667": {
							"pre": [0, 0, 0],
							"post": [0, -800, 0]
						},
						"0.75": {
							"pre": [0, -800, 0],
							"post": [0, -800, 0]
						},
						"0.7917": {
							"pre": [0, -800, 0],
							"post": [0, 0, 0]
						}
					}
				},
				"transition_8": {
					"position": {
						"0.75": [0, 0, 0],
						"0.7917": {
							"pre": [0, 0, 0],
							"post": [0, -800, 0]
						},
						"0.8333": {
							"pre": [0, -800, 0],
							"post": [0, -800, 0]
						}
					}
				},
				"transition_2": {
					"position": {
						"0.0": [0, 0, 0],
						"0.0417": {
							"pre": [0, 0, 0],
							"post": [0, -800, 0]
						},
						"0.125": {
							"pre": [0, -800, 0],
							"post": [0, -800, 0]
						},
						"0.1667": {
							"pre": [0, -800, 0],
							"post": [0, 0, 0]
						}
					}
				},
				"static_transition": {
					"position": [0, -900, 4],
					"scale": [3, 3, 3]
				}
			}
		},
		"animation.loadisk.warning": {
			"loop": "hold_on_last_frame",
			"animation_length": 0.04167,
			"bones": {
				"warning_ui": {
					"position": {
						"0.0": [0, -1155, 0],
						"0.0417": {"pre": [0, -1155, 0], "post": [0, -1155, 0]}
					}
				}
			}
		},
		"animation.loadisk.report_load": {
			"animation_length": 4,
			"bones": {
				"report_ui": {
					"position": {
						"0.0": [0, -1384, 0],
						"0.0417": {
							"pre": [0, -1384, 0],
							"post": [0, -1384, 0]
						}
					},
					"scale": [1.15, 1.1, 1]
				},
				"bar_1": {
					"position": {
						"0.125": [0, 0, 1],
						"0.1667": {
							"pre": [0, 0, 1],
							"post": [0, 0, -1]
						}
					}
				},
				"bar_2": {
					"position": {
						"0.25": [0, 0, 1],
						"0.2917": {
							"pre": [0, 0, 1],
							"post": [0, 0, -1]
						}
					}
				},
				"bar_3": {
					"position": {
						"0.375": [0, 0, 1],
						"0.4167": {
							"pre": [0, 0, 1],
							"post": [0, 0, -1]
						}
					}
				},
				"bar_4": {
					"position": {
						"0.5": [0, 0, 1],
						"0.5417": {
							"pre": [0, 0, 1],
							"post": [0, 0, -1]
						}
					}
				},
				"bar_5": {
					"position": {
						"0.625": [0, 0, 1],
						"0.6667": {
							"pre": [0, 0, 1],
							"post": [0, 0, -1]
						}
					}
				},
				"bar_6": {
					"position": {
						"0.7917": [0, 0, 1],
						"0.8333": {
							"pre": [0, 0, 1],
							"post": [0, 0, -1]
						}
					}
				},
				"bar_7": {
					"position": {
						"0.875": [0, 0, 1],
						"0.9167": {
							"pre": [0, 0, 1],
							"post": [0, 0, -1]
						}
					}
				},
				"bar_8": {
					"position": {
						"1.0417": [0, 0, 1],
						"1.0833": {
							"pre": [0, 0, 1],
							"post": [0, 0, -1]
						}
					}
				},
				"bar_9": {
					"position": {
						"1.1667": [0, 0, 1],
						"1.2083": {
							"pre": [0, 0, 1],
							"post": [0, 0, -1]
						}
					}
				},
				"bar_10": {
					"position": {
						"1.375": [0, 0, 1],
						"1.4167": {
							"pre": [0, 0, 1],
							"post": [0, 0, -1]
						}
					}
				},
				"bar_11": {
					"position": {
						"1.625": [0, 0, 1],
						"1.6667": {
							"pre": [0, 0, 1],
							"post": [0, 0, -1]
						}
					}
				},
				"bar_12": {
					"position": {
						"1.875": [0, 0, 1],
						"1.9167": {
							"pre": [0, 0, 1],
							"post": [0, 0, -1]
						}
					}
				},
				"bar_13": {
					"position": {
						"2.0833": [0, 0, 1],
						"2.125": {
							"pre": [0, 0, 1],
							"post": [0, 0, -1]
						}
					}
				},
				"bar_14": {
					"position": {
						"2.9167": [0, 0, 1],
						"2.9583": {
							"pre": [0, 0, 1],
							"post": [0, 0, -1]
						}
					}
				}
			}
		},
		"animation.loadisk.loading": {
			"animation_length": 2,
			"bones": {
				"loading_ui": {
					"position": {
						"0.25": [0, -1035, 0],
						"0.2917": {
							"pre": [0, -1035, 0],
							"post": [0, -1035, 0]
						}
					}
				},
				"bar_15": {
					"position": {
						"0.25": [0, 0, 1],
						"0.2917": {
							"pre": [0, 0, 1],
							"post": [0, 0, 0.2]
						}
					}
				},
				"bar_16": {
					"position": {
						"0.2917": [0, 0, 1],
						"0.3333": {
							"pre": [0, 0, 1],
							"post": [0, 0, 0.2]
						}
					}
				},
				"bar_17": {
					"position": {
						"0.2917": [0, 0, 1],
						"0.3333": {
							"pre": [0, 0, 1],
							"post": [0, 0, 0.2]
						}
					}
				},
				"bar_18": {
					"position": {
						"0.3333": [0, 0, 1],
						"0.375": {
							"pre": [0, 0, 1],
							"post": [0, 0, 0.2]
						}
					}
				},
				"bar_19": {
					"position": {
						"0.375": [0, 0, 1],
						"0.4167": {
							"pre": [0, 0, 1],
							"post": [0, 0, 0.2]
						}
					}
				},
				"bar_20": {
					"position": {
						"0.4167": [0, 0, 1],
						"0.4583": {
							"pre": [0, 0, 1],
							"post": [0, 0, 0.2]
						}
					}
				},
				"bar_21": {
					"position": {
						"0.4583": [0, 0, 1],
						"0.5": {
							"pre": [0, 0, 1],
							"post": [0, 0, 0.2]
						}
					}
				},
				"bar_22": {
					"position": {
						"0.5": [0, 0, 1],
						"0.5417": {
							"pre": [0, 0, 1],
							"post": [0, 0, 0.2]
						}
					}
				},
				"bar_23": {
					"position": {
						"0.5417": [0, 0, 1],
						"0.5833": {
							"pre": [0, 0, 1],
							"post": [0, 0, 0.2]
						}
					}
				},
				"bar_24": {
					"position": {
						"0.5833": [0, 0, 1],
						"0.625": {
							"pre": [0, 0, 1],
							"post": [0, 0, 0.2]
						}
					}
				},
				"bar_25": {
					"position": {
						"0.625": [0, 0, 1],
						"0.6667": {
							"pre": [0, 0, 1],
							"post": [0, 0, 0.2]
						}
					}
				},
				"bar_26": {
					"position": {
						"0.7083": [0, 0, 1],
						"0.75": {
							"pre": [0, 0, 1],
							"post": [0, 0, 0.2]
						}
					}
				},
				"bar_27": {
					"position": {
						"0.75": [0, 0, 1],
						"0.7917": {
							"pre": [0, 0, 1],
							"post": [0, 0, 0.2]
						}
					}
				},
				"bar_28": {
					"position": {
						"0.9583": [0, 0, 1],
						"1.0": {
							"pre": [0, 0, 1],
							"post": [0, 0, 0.2]
						}
					}
				}
			}
		},
		"animation.loadisk.error": {
			"loop": "hold_on_last_frame",
			"bones": {
				"error_ui": {
					"position": [0, -1271, 0]
				},
				"bone": {
					"position": [66, 0, 0]
				}
			}
		}
	}
}