{
	"format_version": "1.8.0",
	"animations": {
		"animation.loadisk.pillow.float": {
			"loop": true,
			"animation_length": 20.04167,
			"bones": {
				"root": {
					"rotation": {
						"0.0": [93.21873, 176.17179, -130.1076],
						"20.0": [93.21873, 176.17179, -130.1076]
					},
					"position": {
						"0.0": [0, 14, 0],
						"10.0833": [0, 16.75, 0],
						"20.0": [0, 14, 0]
					}
				},
				"pillow": {
					"rotation": {
						"0.0417": [0, 0, 0],
						"9.8333": [-180, 0, 0],
						"20.0": [-360, 0, 0]
					}
				}
			}
		},
		"animation.loadisk.pillow.lean": {
			"loop": "hold_on_last_frame",
			"bones": {
				"root": {
					"rotation": [-62.5, 0, 0],
					"position": [0, 4, 4.75]
				}
			}
		},
		"animation.loadisk.pillow.size_fix": {
			"loop": true,
			"bones": {
				"root": {
					"scale": [2, 2, 2]
				}
			}
		}
	}
}