{
	"format_version": "1.8.0",
	"animations": {
		"animation.loadisk.radio.on": {
			"loop": true,
			"animation_length": 0.83333,
			"bones": {
				"tuner": {
					"position": {
						"0.0": [0, 0, 0],
						"0.0833": {"pre": [0, 0, 0], "post": [1, 0, 0]},
						"0.1667": {"pre": [1, 0, 0], "post": [2, 0, 0]},
						"0.25": {"pre": [2, 0, 0], "post": [3, 0, 0]},
						"0.3333": {"pre": [3, 0, 0], "post": [4, 0, 0]},
						"0.4167": {"pre": [4, 0, 0], "post": [5, 0, 0]},
						"0.5": {"pre": [5, 0, 0], "post": [4, 0, 0]},
						"0.5833": {"pre": [4, 0, 0], "post": [3, 0, 0]},
						"0.6667": {"pre": [3, 0, 0], "post": [2, 0, 0]},
						"0.75": {"pre": [2, 0, 0], "post": [1, 0, 0]},
						"0.8333": {"pre": [1, 0, 0], "post": [0, 0, 0]}
					}
				}
			}
		}
	}
}