{
	"format_version": "1.8.0",
	"animations": {
		"animation.player.overlay_offsets": {
			"loop": true,
			"bones": {
				"overlay": {
					"position": ["v.overlay_fade_dist", "(q.is_swimming ? -18.35) - 900", 1],
					"scale": [0.45, 0.45, 0.45]
				}
			}
		},
		"animation.player.size_fix": {
			"loop": true,
			"bones": {
				"overlay": {
					"scale": [20, 20, 20]
				}
			}
		},
		"animation.overlay.particle": {
			"loop": true,
			"animation_length": 1,
			"particle_effects": {
				"0.0": {
					"effect": "static",
					"locator": "locator"
				}
			}
		}
	}
}