{
	"format_version": "1.8.0",
	"animations": {
		"animation.left_door_open": {
			"loop": "hold_on_last_frame",
			"animation_length": 0.5,
			"bones": {
				"door": {
					"rotation": {
						"0.0": [0, 0, 0],
						"0.125": [0, 115, 0],
						"0.2917": [0, 113, 0],
						"0.4167": [0, 116, 0],
						"0.5": [0, 115, 0]
					}
				}
			}
		},
		"animation.left_door_close": {
			"loop": "hold_on_last_frame",
			"animation_length": 0.5,
			"bones": {
				"door": {
					"rotation": {
						"0.0": [0, 115, 0],
						"0.2083": [0, 0, 0],
						"0.3333": [0, 2, 0],
						"0.4167": [0, -1, 0],
						"0.5": [0, 0, 0]
					}
				}
			}
		}
	}
}