{
	"format_version": "1.8.0",
	"animations": {
		"animation.loadisk.soccer_ball.move": {
			"animation_length": 0.5,
			"bones": {
				"root": {
					"rotation": {
						"0.0": [0, 0, 0],
						"0.0417": [-14.41383, 0, 0],
						"0.0833": [-29.67705, 0, 0],
						"0.125": [-46.02305, 0, 0],
						"0.1667": [-63.41845, 0, 0],
						"0.2083": [-79.01462, 0, 0],
						"0.25": [-86.42653, 0, 0],
						"0.2917": [-88.64079, 0, 0],
						"0.3333": [-89.32567, 0, 0],
						"0.375": [-89.565, 0, 0],
						"0.5": [-90, 0, 0]
					}
				}
			}
		}
	}
}