{
	"format_version": "1.8.0",
	"animations": {
		"animation.loadisk.mask_man.jumpscare": {
			"loop": "hold_on_last_frame",
			"animation_length": 8.20833,
			"bones": {
				"root": {
					"rotation": {
						"0.0": [0, 0, 0],
						"4.125": [0, 0, 0],
						"4.4167": [0, 175, 0],
						"8.1667": [0, 175, 0]
					},
					"scale": {
						"8.1667": [1, 1, 1],
						"8.2083": [0, 0, 0]
					}
				},
				"arms": {
					"rotation": {
						"0.0": [-92.5, 0, 0],
						"4.125": [-110, 0, 0],
						"4.4167": [-72.5, 0, 0]
					}
				},
				"right_arm": {
					"rotation": {
						"4.0833": [0, 0, 0],
						"4.4167": [80, 0, 0]
					}
				},
				"legs": {
					"rotation": {
						"0.0": [40, 0, 0],
						"4.125": [40, 0, 0],
						"4.4167": [26.36, 0, 0],
						"5.0": [0, 0, 0]
					},
					"position": {
						"0.0": [0, 2, 0.25],
						"4.125": [0, 2, 0.25],
						"4.4167": [0, 1.32, 0.16],
						"5.0": [0, 0, 0]
					}
				}
			}
		},
		"animation.loadisk.mask_man.idle": {
			"loop": true,
			"animation_length": 16,
			"bones": {
				"left_arm": {
					"rotation": {
						"0.0": {
							"post": [0, 0, 0],
							"lerp_mode": "catmullrom"
						},
						"4.0": {
							"post": [-4, 0, -5],
							"lerp_mode": "catmullrom"
						},
						"8.0": {
							"post": [0, 0, 0],
							"lerp_mode": "catmullrom"
						},
						"12.0": {
							"post": [4, 0, -5],
							"lerp_mode": "catmullrom"
						},
						"16.0": {
							"post": [0, 0, 0],
							"lerp_mode": "catmullrom"
						}
					}
				},
				"right_arm": {
					"rotation": {
						"0.0": {
							"post": [0, 0, 0],
							"lerp_mode": "catmullrom"
						},
						"4.0": {
							"post": [3, 0, 5],
							"lerp_mode": "catmullrom"
						},
						"8.0": {
							"post": [0, 0, 0],
							"lerp_mode": "catmullrom"
						},
						"12.0": {
							"post": [-3, 0, 5],
							"lerp_mode": "catmullrom"
						},
						"16.0": {
							"post": [0, 0, 0],
							"lerp_mode": "catmullrom"
						}
					}
				}
			}
		}
	}
}