{
    "format_version": "1.17",
    "minecraft:npc_dialogue": {
      "scenes": 
      [
        {
          "scene_tag": "class.start",
          "npc_name": { "rawtext": [ { "translate": "character.name.npc.roll_menu", "with": ["\n"] } ] },
          "text": { "rawtext": [ { "translate": "npcdialogue.roll_menu.start", "with": ["\n"] } ] },
          "buttons": 
          [
            {
                "name": { "rawtext": [ { "translate": "dialogue.button.char1" } ] },
                "commands": [
                  "/dialogue open @e[type=loadisk:menu.char1] @initiator class.char1",
                  "/scoreboard players set @initiator v.char 1"
                ]
            },
            {
              "name": { "rawtext": [ { "translate": "dialogue.button.char2" } ] },
              "commands": [
                "/dialogue open @e[type=loadisk:menu.char2] @initiator class.char2",
                "/scoreboard players set @initiator v.char 2"
              ]
            },
            {
              "name": { "rawtext": [ { "translate": "dialogue.button.char3" } ] },
              "commands": [
                "/dialogue open @e[type=loadisk:menu.char3] @initiator class.char3",
                "/scoreboard players set @initiator v.char 3"
              ]
            },
            {
              "name": { "rawtext": [ { "translate": "dialogue.button.char4" } ] },
              "commands": [
                "/dialogue open @e[type=loadisk:menu.char4] @initiator class.char4",
                "/scoreboard players set @initiator v.char 4"
              ]
            }
          ]
        },
        {
          "scene_tag": "class.char1",
          "npc_name": { "rawtext": [ { "translate": "character.name.npc.roll_menu", "with": ["\n"] } ] },
          "text": { "rawtext": [ { "translate": "npcdialogue.roll_menu.char1", "with": ["\n"] } ] },
          "buttons": 
          [
            {
                "name": { "rawtext": [ { "translate": "dialogue.button.select" } ] },
                "commands": [
                  "/dialogue open @e[type=loadisk:menu] @initiator class.end"
                ]
            },
            {
              "name": { "rawtext": [ { "translate": "dialogue.button.back" } ] },
              "commands": [
                "/dialogue open @e[type=loadisk:menu] @initiator class.start",
                "/scoreboard players set @initiator v.char 0"
              ]
            }
          ]
        },
        {
          "scene_tag": "class.char2",
          "npc_name": { "rawtext": [ { "translate": "character.name.npc.roll_menu", "with": ["\n"] } ] },
          "text": { "rawtext": [ { "translate": "npcdialogue.roll_menu.char2", "with": ["\n"] } ] },
          "buttons": 
          [
            {
                "name": { "rawtext": [ { "translate": "dialogue.button.select" } ] },
                "commands": [
                  "/dialogue open @e[type=loadisk:menu] @initiator class.end"
                ]
            },
            {
              "name": { "rawtext": [ { "translate": "dialogue.button.back" } ] },
              "commands": [
                "/dialogue open @e[type=loadisk:menu] @initiator class.start",
                "/scoreboard players set @initiator v.char 0"
              ]
            }
          ]
        },
        {
          "scene_tag": "class.char3",
          "npc_name": { "rawtext": [ { "translate": "character.name.npc.roll_menu", "with": ["\n"] } ] },
          "text": { "rawtext": [ { "translate": "npcdialogue.roll_menu.char3", "with": ["\n"] } ] },
          "buttons": 
          [
            {
                "name": { "rawtext": [ { "translate": "dialogue.button.select" } ] },
                "commands": [
                  "/dialogue open @e[type=loadisk:menu] @initiator class.end"
                ]
            },
            {
              "name": { "rawtext": [ { "translate": "dialogue.button.back" } ] },
              "commands": [
                "/dialogue open @e[type=loadisk:menu] @initiator class.start",
                "/scoreboard players set @initiator v.char 0"
              ]
            }
          ]
        },
        {
          "scene_tag": "class.char4",
          "npc_name": { "rawtext": [ { "translate": "character.name.npc.roll_menu", "with": ["\n"] } ] },
          "text": { "rawtext": [ { "translate": "npcdialogue.roll_menu.char4", "with": ["\n"] } ] },
          "buttons": 
          [
            {
                "name": { "rawtext": [ { "translate": "dialogue.button.select" } ] },
                "commands": [
                  "/dialogue open @e[type=loadisk:menu] @initiator class.end"
                ]
            },
            {
              "name": { "rawtext": [ { "translate": "dialogue.button.back" } ] },
              "commands": [
                "/dialogue open @e[type=loadisk:menu] @initiator class.start",
                "/scoreboard players set @initiator v.char 0"
              ]
            }
          ]
        },
        {
          "scene_tag": "class.end",
          "npc_name": { "rawtext": [ { "translate": "character.name.npc.roll_menu", "with": ["\n"] } ] },
          "text": { "rawtext": [ { "translate": "npcdialogue.roll_menu.end", "with": ["\n"] } ] },
          "buttons": 
          [
            {
                "name": { "rawtext": [ { "translate": "dialogue.button.yes" } ] },
                "commands": [
                  "/scoreboard players add @e[type=loadisk:ram] check.ready 1",
                  "/event entity @initiator[scores={v.char=1}] loadisk:become.char01_event",
                  "/event entity @initiator[scores={v.char=3}] loadisk:become.char02_event",
                  "/event entity @initiator[scores={v.char=4}] loadisk:become.char03_event",
                  "/event entity @initiator[scores={v.char=2}] loadisk:become.char04_event",
                  "/function root/system/impulse/check.ready"
                ]
            },
            {
              "name": { "rawtext": [ { "translate": "dialogue.button.back" } ] },
              "commands": [
                "/dialogue open @e[type=loadisk:menu] @initiator class.start",
                "/scoreboard players set @initiator v.char 0"
              ]
            }
          ]
        }
      ]
    }
  }