{
    "format_version": "1.17",
    "minecraft:npc_dialogue": {
      "scenes": 
      [
        {
          "scene_tag": "sarah.page00",
          "npc_name": { "rawtext": [ { "translate": "character.name.npc.sarah.unknown", "with": ["\n"] } ] },
          "text": { "rawtext": [ { "translate": "npcdialogue.sarah.page00", "with": ["\n"] } ] },
          "buttons": 
          [
            {
                "name": { "rawtext": [ { "translate": "dialogue.button.welcome" } ] },
                "commands": [
                  "/dialogue open @e[type=loadisk:npc.sarah] @initiator sarah.page01"
                ]
            }
          ]
        },
        {
          "scene_tag": "sarah.page01",
          "npc_name": { "rawtext": [ { "translate": "character.name.npc.sarah.unknown", "with": ["\n"] } ] },
          "text": { "rawtext": [ { "translate": "npcdialogue.sarah.page01", "with": ["\n"] } ] },
          "buttons": 
          [
            {
                "name": { "rawtext": [ { "translate": "dialogue.button.who_did" } ] },
                "commands": [
                  "/dialogue open @e[type=loadisk:npc.sarah] @initiator sarah.page02"
                ]
            }
          ]
        },
        {
          "scene_tag": "sarah.page02",
          "npc_name": { "rawtext": [ { "translate": "character.name.npc.sarah.unknown", "with": ["\n"] } ] },
          "text": { "rawtext": [ { "translate": "npcdialogue.sarah.page02", "with": ["\n"] } ] },
          "buttons": 
          [
            {
                "name": { "rawtext": [ { "translate": "dialogue.button.dots" } ] },
                "commands": [
                  "/dialogue open @e[type=loadisk:npc.sarah] @initiator sarah.page03"
                ]
            }
          ]
        },
        {
          "scene_tag": "sarah.page03",
          "npc_name": { "rawtext": [ { "translate": "character.name.npc.sarah.unknown", "with": ["\n"] } ] },
          "text": { "rawtext": [ { "translate": "npcdialogue.sarah.page03", "with": ["\n"] } ] },
          "buttons": 
          [
            {
                "name": { "rawtext": [ { "translate": "dialogue.button.no" } ] },
                "commands": [
                  "/dialogue open @e[type=loadisk:npc.sarah] @initiator sarah.page04"
                ]
            }
          ]
        },
        {
          "scene_tag": "sarah.page04",
          "npc_name": { "rawtext": [ { "translate": "character.name.npc.sarah.unknown", "with": ["\n"] } ] },
          "text": { "rawtext": [ { "translate": "npcdialogue.sarah.page04", "with": ["\n"] } ] },
          "buttons": 
          [
            {
                "name": { "rawtext": [ { "translate": "dialogue.button.who_are_you" } ] },
                "commands": [
                  "/dialogue open @e[type=loadisk:npc.sarah] @initiator sarah.page05"
                ]
            },
            {
              "name": { "rawtext": [ { "translate": "dialogue.button.where" } ] },
              "commands": [
                "/dialogue open @e[type=loadisk:npc.sarah] @initiator sarah.page06"
              ]
            }
          ]
        },
        {
          "scene_tag": "sarah.page05",
          "npc_name": { "rawtext": [ { "translate": "character.name.npc.sarah.unknown", "with": ["\n"] } ] },
          "text": { "rawtext": [ { "translate": "npcdialogue.sarah.page05", "with": ["\n"] } ] },
          "buttons": 
          [
            {
                "name": { "rawtext": [ { "translate": "dialogue.button.i_see" } ] },
                "commands": [
                  "/dialogue open @e[type=loadisk:npc.sarah] @initiator sarah.page04"
                ]
            }
          ]
        },
        {
          "scene_tag": "sarah.page06",
          "npc_name": { "rawtext": [ { "translate": "character.name.npc.sarah.unknown", "with": ["\n"] } ] },
          "text": { "rawtext": [ { "translate": "npcdialogue.sarah.page06", "with": ["\n"] } ] },
          "buttons": 
          [
            {
                "name": { "rawtext": [ { "translate": "dialogue.button.thank_you" } ] },
                "commands": [
                 // "/dialogue open @e[type=loadisk:npc.sarah] @initiator sarah.page04"
                ]
            }
          ]
        },
        {
          "scene_tag": "sarah.page07",
          "npc_name": { "rawtext": [ { "translate": "character.name.npc.sarah.unknown", "with": ["\n"] } ] },
          "text": { "rawtext": [ { "translate": "npcdialogue.sarah.page07", "with": ["\n"] } ] }
        }
      ]
    }
  }