{
	"format_version": "1.10.0",
	"particle_effect": {
		"description": {
			"identifier": "loadisk:brakelights",
			"basic_render_parameters": {
				"material": "particles_add",
				"texture": "textures/particle/headlight_glow"
			}
		},
		"components": {
			"minecraft:emitter_rate_instant": {
				"num_particles": 1
			},
			"minecraft:emitter_lifetime_looping": {
				"active_time": 1
			},
			"minecraft:emitter_shape_point": {},
			"minecraft:particle_lifetime_expression": {
				"max_lifetime": 1
			},
			"minecraft:particle_appearance_billboard": {
				"size": [0.8, 0.8],
				"facing_camera_mode": "rotate_xyz",
				"uv": {
					"texture_width": 16,
					"texture_height": 16,
					"uv": [0, 0],
					"uv_size": [16, 16]
				}
			},
			"minecraft:particle_appearance_tinting": {
				"color": [1, 0, 0, 1]
			}
		}
	}
}