{
	"format_version": "1.10.0",
	"particle_effect": {
		"description": {
			"identifier": "loadisk:confetti_red",
			"basic_render_parameters": {
				"material": "particles_alpha",
				"texture": "textures/particle/particles"
			}
		},
		"components": {
			"minecraft:emitter_local_space": {
				"position": true,
				"rotation": true,
				"velocity": true
			},
			"minecraft:emitter_rate_instant": {
				"num_particles": 20
			},
			"minecraft:emitter_lifetime_once": {
				"active_time": 1
			},
			"minecraft:emitter_shape_point": {
				"offset": [0, 0.1, 0]
			},
			"minecraft:particle_lifetime_expression": {
				"max_lifetime": 2
			},
			"minecraft:particle_initial_spin": {
				"rotation": "variable.particle_random_2*90"
			},
			"minecraft:particle_initial_speed": 4,
			"minecraft:particle_motion_dynamic": {
				"linear_acceleration": [0, -2, 0],
				"linear_drag_coefficient": 2,
				"rotation_acceleration": "variable.particle_random_2"
			},
			"minecraft:particle_appearance_billboard": {
				"size": ["0.1*variable.particle_random_2", "0.2*variable.particle_random_2"],
				"facing_camera_mode": "rotate_xyz",
				"uv": {
					"texture_width": 128,
					"texture_height": 128,
					"uv": [16, 89],
					"uv_size": [8, 8]
				}
			},
			"minecraft:particle_motion_collision": {
				"collision_drag": 10,
				"coefficient_of_restitution": 0.1,
				"collision_radius": 0.01
			},
			"minecraft:particle_appearance_tinting": {
				"color": {
					"interpolant": "variable.particle_random_1",
					"gradient": {
						"0.18": "#FFFF6B6B",
						"0.51": "#FFFF0000"
					}
				}
			}
		}
	}
}