{
	"format_version": "1.19.0",
	"minecraft:entity": {
		"description": {
			"identifier": "loadisk:camera",
			"is_spawnable": false,"is_summonable": true,"is_experimental": false,
			"scripts": {"animate": ["audio"]},
			"animations": {"audio": "animation.loadisk.drone.runtime"}
		},
		"component_groups": {
			"loadisk:despawn": {"minecraft:instant_despawn": {}}
		},
		"components": {
			"minecraft:nameable": {"always_show": false,"allow_name_tag_renaming": false},
			"minecraft:collision_box": {"width": 0.5,"height": 0.5},
			"minecraft:health": {"value": 0.5,"max": 0.5},
			"minecraft:physics": {"has_gravity": false,"has_collision": false},
			"minecraft:pushable": {"is_pushable": false,"is_pushable_by_piston": false},
			"minecraft:type_family": {"family": ["object","no_effect","system"]},
			"minecraft:damage_sensor": {"triggers": {"cause": "all","deals_damage": false}}
		},
		"events": {
			"loadisk:despawn_event": {"add": {"component_groups": ["loadisk:despawn"]}}
		}
	}
}