{
	"format_version": "1.19.0",
	"minecraft:entity": {
		"description": {
			"identifier": "loadisk:caulk",
			"is_spawnable": true,"is_summonable": true,"is_experimental": false,
			"scripts": {"animate": ["test_break"]},
			"animations": {"test_break": "controller.animation.loadisk.test_break"}
		},
		"component_groups": {
			"loadisk:despawn": {"minecraft:instant_despawn": {}},
			"loadisk:default": {
				"minecraft:skin_id": {"value": 0},
				"minecraft:scale":{"value": 1.3}
			  },
			"loadisk:big": {
				"minecraft:skin_id": {"value": 1},
				"minecraft:scale":{"value": 3}
			  }
		},
		"components": {
			"minecraft:nameable": {"always_show": false,"allow_name_tag_renaming": false},
			"minecraft:collision_box": {"width": 0.2,"height": 0.2},
			"minecraft:health": {"value": 100,"max": 100},
			"minecraft:physics": {"has_gravity": true,"has_collision": true},
			"minecraft:pushable": {"is_pushable": false,"is_pushable_by_piston": false},
			"minecraft:type_family": {"family": ["object","no_effect","system"]},
			"minecraft:damage_sensor": {
				"triggers": [
				{"on_damage": {"filters": {"all_of": [{ "test": "is_family", "subject": "other","operator": "==", "value": "player" }]}},
					"deals_damage": true
				},
				{"cause": "all","deals_damage": false}]
		}
		},
		"events": {
			"minecraft:entity_spawned": {"add": {"component_groups": ["loadisk:default"]}},
			"loadisk:despawn_event": {"add": {"component_groups": ["loadisk:despawn"]}},
			"loadisk:big_event": {"add": {"component_groups": ["loadisk:big"]},"remove": {"component_groups": ["loadisk:default"]}},
			"loadisk:default_event": {"add": {"component_groups": ["loadisk:default"]},"remove": {"component_groups": ["loadisk:big"]}}
		}
	}
}