{
	"format_version": "1.19.0",
	"minecraft:entity": {
		"description": {
			"identifier": "loadisk:doll",
			"is_spawnable": true,"is_summonable": true,"is_experimental": false,
			"scripts": {"animate": ["test_break","add_obj_tag"]},
			"animations": {
				"test_break": "controller.animation.loadisk.test_break",
				"add_obj_tag": "controller.animation.loadisk.tag_ex_obj"
			}
		},
		"component_groups": {
			"loadisk:despawn": {"minecraft:instant_despawn": {}},
			"loadisk:obj_tag": {"minecraft:is_ignited": {}}
		},
		"components": {
			"minecraft:nameable": {"always_show": false,"allow_name_tag_renaming": false},
			"minecraft:collision_box": {"width": 0.3,"height": 0.3},
			"minecraft:scale":{"value": 1.4},
			"minecraft:health": {"value": 100,"max": 100},
			"minecraft:physics": {"has_gravity": false,"has_collision": false},
			"minecraft:pushable": {"is_pushable": false,"is_pushable_by_piston": false},
			"minecraft:type_family": {"family": ["object","no_effect","system"]},
			"minecraft:damage_sensor": {
				"triggers": [
				{
					"on_damage": {
						"filters": {
							"all_of": [
							  { "test": "is_family", "subject": "other","operator": "==", "value": "player" }
							]
						  }
					},
					"deals_damage": true
				},
				{"cause": "all","deals_damage": false}
			]
		}
		},
		"events": {
			"loadisk:despawn_event": {"add": {"component_groups": ["loadisk:despawn"]}},
			"loadisk:obj_tag_event": {"add": {"component_groups": ["loadisk:obj_tag"]}}
		}
	}
}