{
	"format_version": "1.17.10",
	"minecraft:entity": {
		"description": {
			"identifier": "minecraft:player",
			"is_spawnable": false,
			"is_summonable": false,
			"is_experimental": false,
			"scripts": {
				"animate": ["handler","music.c","music2.c",{"on_join":"q.is_alive && q.death_ticks == 0"},"heartbeat"]
			},
			"animations": {
			  "null": "animation.null",
			  "handler": "controller.animation.loadisk.handler.player",
			  "lifetime.c": "controller.animation.loadisk.player.lifetime",
			  "input.c": "controller.animation.loadisk.player.input",
			  "jump.c": "controller.animation.loadisk.player.jump",
			  "sleep.c": "controller.animation.loadisk.player.sleep",
			  "movment.c": "controller.animation.loadisk.player.movment",
			  "items.c": "controller.animation.loadisk.player.items",
			  "l_level.c": "controller.animation.loadisk.light_level.sensor",
			  "music.c": "controller.animation.loadisk.music.manager",
			  "music2.c": "controller.animation.loadisk.music2.manager",
			  "crafting_book": "controller.animation.loadisk.player.crafting_book",
			  "on_join": "animation.loadisk.player.join",
			  //"rx_sensor": "animation.loadisk.rx_sensor",
			  //"ry_sensor": "animation.loadisk.ry_sensor",
			  "tp.crafter": "animation.loadisk.player.tp.crafter",
			  "music.intro.loop": "animation.loadisk.intro.loop",
			  "music.cabin.loop": "animation.loadisk.ambient_cabin.loop",
			  "music.drone.loop": "animation.loadisk.ambient_drone.loop",
			  "music.main_day.loop": "animation.loadisk.ambient_main_day.loop",
			  "music.main_night.loop": "animation.loadisk.ambient_main_night.loop",
			  "music.cave.loop": "animation.loadisk.ambient_cave.loop",
			  "music.underwater.loop": "animation.loadisk.ambient_underwater.loop",
			  "music.shore.loop": "animation.loadisk.ambient_shore.loop",
			  "heartbeat": "animation.loadisk.player.heartbeat"
			}
		},
		"component_groups": {
			"loadisk:derender":{"minecraft:is_stunned":{}},
			"loadisk:is_char00":{"minecraft:skin_id":{"value": 0}},
			"loadisk:is_char01":{"minecraft:skin_id":{"value": 1}},
			"loadisk:is_char02":{"minecraft:skin_id":{"value": 2}},
			"loadisk:is_char03":{"minecraft:skin_id":{"value": 3}},
			"loadisk:is_char04":{"minecraft:skin_id":{"value": 4}},
			"loadisk:light_level00":{"minecraft:mark_variant":{"value": 0}},"loadisk:light_level01":{"minecraft:mark_variant":{"value": 1}},
			"loadisk:light_level02":{"minecraft:mark_variant":{"value": 2}},"loadisk:light_level03":{"minecraft:mark_variant":{"value": 3}},
			"loadisk:light_level04":{"minecraft:mark_variant":{"value": 4}},"loadisk:light_level05":{"minecraft:mark_variant":{"value": 5}},
			"loadisk:light_level06":{"minecraft:mark_variant":{"value": 6}},"loadisk:light_level07":{"minecraft:mark_variant":{"value": 7}},
			"loadisk:light_level08":{"minecraft:mark_variant":{"value": 8}},"loadisk:light_level09":{"minecraft:mark_variant":{"value": 9}},
			"loadisk:light_level10":{"minecraft:mark_variant":{"value": 10}},"loadisk:light_level11":{"minecraft:mark_variant":{"value": 11}},
			"loadisk:light_level12":{"minecraft:mark_variant":{"value": 12}},"loadisk:light_level13":{"minecraft:mark_variant":{"value": 13}},
			"loadisk:light_level14":{"minecraft:mark_variant":{"value": 14}},"loadisk:light_level15":{"minecraft:mark_variant":{"value": 15}},
			"loadisk:light_level16":{"minecraft:mark_variant":{"value": 16}},
			"loadisk:music.none":{"minecraft:variant":{"value": 0}},
			"loadisk:music.intro":{"minecraft:variant":{"value": 1}},
			"loadisk:music.cabin":{"minecraft:variant":{"value": 2}},
			"loadisk:music.drone":{"minecraft:variant":{"value": 3}},
			"loadisk:music.forest":{"minecraft:variant":{"value": 4}},
			"loadisk:music.main":{"minecraft:variant":{"value": 5}},
			"loadisk:music.cave":{"minecraft:variant":{"value": 6}},
			"loadisk:music.underwater":{"minecraft:variant":{"value": 7}},
			"loadisk:music.shore":{"minecraft:is_ignited":{}},
			"loadisk:cycle_music":{"minecraft:can_fly":{},"minecraft:timer": {"time": 0.5,"looping": false,"time_down_event": {"event": "loadisk:kill.cycle_music_event","target": "self"}}},
		//Vanilla Groups	
			"minecraft:add_bad_omen": {
				"minecraft:spell_effects": {"add_effects": [{"effect": "bad_omen","duration": 6000,"display_on_screen_animation": true}]},
				"minecraft:timer": {"time": [0.0,0.0],"looping": false,
				"time_down_event": {"event": "minecraft:clear_add_bad_omen","target": "self"}}
			},
			"minecraft:clear_bad_omen_spell_effect": {"minecraft:spell_effects": {}},
			"minecraft:raid_trigger": {
				"minecraft:raid_trigger": {"triggered_event": {"event": "minecraft:remove_raid_trigger","target": "self"}},
				"minecraft:spell_effects": {"remove_effects": "bad_omen"}
			}
		},
		"components": {
			"minecraft:experience_reward": {"on_death": "Math.Min(query.player_level * 7, 100)"},
			"minecraft:type_family": {"family": ["player"]},
			"minecraft:is_hidden_when_invisible": {},
			"minecraft:loot": {"table": "loot_tables/empty.json"},
			"minecraft:collision_box": {"width": 0.6,"height": 1.8},
			"minecraft:can_climb": {},
			"minecraft:movement": {"value": 0.1},
			"minecraft:hurt_on_condition": {
				"damage_conditions": [
					{
						"filters": {"test": "in_lava","subject": "self","operator": "==","value": true},
						"cause": "lava","damage_per_tick": 4
					}
				]
			},
			"minecraft:attack": {"damage": 1},
			"minecraft:player.saturation": {"value": 20},
			"minecraft:player.exhaustion": {"value": 0,"max": 4},
			"minecraft:player.level": {"value": 0,"max": 24791},
			"minecraft:player.experience": {"value": 0,"max": 1},
			"minecraft:breathable": {"total_supply": 15,"suffocate_time": -1,"inhale_time": 3.75,"generates_bubbles": false},
			"minecraft:nameable": {"always_show": true,"allow_name_tag_renaming": false},
			"minecraft:physics": {},
			"minecraft:pushable": {"is_pushable": false,"is_pushable_by_piston": true},
			"minecraft:insomnia": {"days_until_insomnia": 3},
			"minecraft:rideable": {
				"seat_count": 2,
				"family_types": ["parrot_tame"],
				"pull_in_entities": true,
				"seats": [
					{
						"position": [0.4,-0.2,-0.1],
						"min_rider_count": 0,
						"max_rider_count": 0,
						"lock_rider_rotation": 0
					},
					{
						"position": [-0.4,-0.2,-0.1],
						"min_rider_count": 1,
						"max_rider_count": 2,
						"lock_rider_rotation": 0
					}
				]
			},
			"minecraft:conditional_bandwidth_optimization": {},
			"minecraft:block_climber": {},
			"minecraft:environment_sensor": {
				"triggers": [
				{"filters": {"all_of": [{"test": "light_level","operator": "==","value": 0}]},"event": "loadisk:light_level00_event"},
				{"filters": {"all_of": [{"test": "light_level","operator": "==","value": 1}]},"event": "loadisk:light_level01_event"},
				{"filters": {"all_of": [{"test": "light_level","operator": "==","value": 2}]},"event": "loadisk:light_level02_event"},
				{"filters": {"all_of": [{"test": "light_level","operator": "==","value": 3}]},"event": "loadisk:light_level03_event"},
				{"filters": {"all_of": [{"test": "light_level","operator": "==","value": 4}]},"event": "loadisk:light_level04_event"},
				{"filters": {"all_of": [{"test": "light_level","operator": "==","value": 5}]},"event": "loadisk:light_level05_event"},
				{"filters": {"all_of": [{"test": "light_level","operator": "==","value": 6}]},"event": "loadisk:light_level06_event"},
				{"filters": {"all_of": [{"test": "light_level","operator": "==","value": 7}]},"event": "loadisk:light_level07_event"},
				{"filters": {"all_of": [{"test": "light_level","operator": "==","value": 8}]},"event": "loadisk:light_level08_event"},
				{"filters": {"all_of": [{"test": "light_level","operator": "==","value": 9}]},"event": "loadisk:light_level09_event"},
				{"filters": {"all_of": [{"test": "light_level","operator": "==","value": 10}]},"event": "loadisk:light_level10_event"},
				{"filters": {"all_of": [{"test": "light_level","operator": "==","value": 11}]},"event": "loadisk:light_level11_event"},
				{"filters": {"all_of": [{"test": "light_level","operator": "==","value": 12}]},"event": "loadisk:light_level12_event"},
				{"filters": {"all_of": [{"test": "light_level","operator": "==","value": 13}]},"event": "loadisk:light_level13_event"},
				{"filters": {"all_of": [{"test": "light_level","operator": "==","value": 14}]},"event": "loadisk:light_level14_event"},
				{"filters": {"all_of": [{"test": "light_level","operator": "==","value": 15}]},"event": "loadisk:light_level15_event"},
				{"filters": {"all_of": [{"test": "light_level","operator": "==","value": 16}]},"event": "loadisk:light_level16_event"},
				{
					"filters": {
						"all_of": [
							{"test": "has_tag","operator": "==","value": "no_music"}
						]
					},
					"event": "loadisk:play_music.none_event"
				},
				{
					"filters": {
						"all_of": [
							{"test": "has_tag","operator": "==","value": "zone.spawn"},
							{"test": "has_tag","operator": "!=","value": "zone.cabin"},
							{"test": "has_tag","operator": "!=","value": "zone.main_day"},
							{"test": "has_tag","operator": "!=","value": "zone.main_night"},
							{"test": "has_tag","operator": "!=","value": "zone.cave"}
						]
					},
					"event": "loadisk:play_music.intro_event"
				},
				{
					"filters": {
						"all_of": [
							{"test": "has_tag","operator": "==","value": "zone.cabin"},
							{"test": "has_tag","operator": "!=","value": "zone.spawn"},
							{"test": "has_tag","operator": "!=","value": "zone.main_day"},
							{"test": "has_tag","operator": "!=","value": "zone.main_night"},
							{"test": "has_tag","operator": "!=","value": "zone.cave"}
						]
					},
					"event": "loadisk:play_music.cabin_event"
				},
				{
					"filters": {
						"all_of": [
							{"test": "has_tag","operator": "==","value": "zone.main_day"},
							{"test": "has_tag","operator": "!=","value": "zone.spawn"},
							{"test": "has_tag","operator": "!=","value": "zone.cabin"},
							{"test": "has_tag","operator": "!=","value": "zone.main_night"},
							{"test": "has_tag","operator": "!=","value": "zone.cave"}
						]
					},
					"event": "loadisk:play_music.forest_event"
				},
				{
					"filters": {
						"all_of": [
							{"test": "has_tag","operator": "==","value": "zone.main_night"},
							{"test": "has_tag","operator": "!=","value": "zone.spawn"},
							{"test": "has_tag","operator": "!=","value": "zone.cabin"},
							{"test": "has_tag","operator": "!=","value": "zone.main_day"},
							{"test": "has_tag","operator": "!=","value": "zone.cave"}
						]
					},
					"event": "loadisk:play_music.main_event"
				},
				{
					"filters": {
						"all_of": [
							{"test": "has_tag","operator": "==","value": "zone.cave"},
							{"test": "has_tag","operator": "!=","value": "zone.spawn"},
							{"test": "has_tag","operator": "!=","value": "zone.cabin"},
							{"test": "has_tag","operator": "!=","value": "zone.main_day"},
							{"test": "has_tag","operator": "!=","value": "zone.main_night"}
						]
					},
					"event": "loadisk:play_music.cave_event"
				},
				{
					"filters": {
						"all_of": [
							{"test": "is_underwater","operator": "==","value": true},
							{"test": "has_tag","operator": "!=","value": "zone.cave"},
							{"test": "has_tag","operator": "!=","value": "zone.spawn"},
							{"test": "has_tag","operator": "!=","value": "zone.cabin"}
						]
					},
					"event": "loadisk:play_music.underwater_event"
				},
				{
					"filters": {
						"all_of": [
							{"test": "has_tag","operator": "==","value": "zone.shore"}
						]
					},
					"event": "loadisk:play_music.shore_event"
				},
				{
					"filters": {
						"all_of": [
							{"test": "has_tag","operator": "!=","value": "zone.shore"}
						]
					},
					"event": "loadisk:kill_music.shore_event"
				}
			  ]
			}
		},
		"events": {
			"minecraft:entity_spawned": {"add": {"component_groups": ["loadisk:light_level00","loadisk:music.none","loadisk:is_char00"]}},
			   "loadisk:light_level00_event": {
				"remove": {
				  "component_groups": [
					"loadisk:light_level01","loadisk:light_level02","loadisk:light_level03","loadisk:light_level04","loadisk:light_level05",
					"loadisk:light_level06","loadisk:light_level07","loadisk:light_level08","loadisk:light_level09","loadisk:light_level10",
					"loadisk:light_level11","loadisk:light_level12","loadisk:light_level13","loadisk:light_level14","loadisk:light_level15",
					"loadisk:light_level16"
				  ]
				},
				"add": {
				  "component_groups": [
					"loadisk:light_level00"
				  ]
				}
			  },
			  "loadisk:light_level01_event": {
				"remove": {
				  "component_groups": [
					"loadisk:light_level00","loadisk:light_level02","loadisk:light_level03","loadisk:light_level04","loadisk:light_level05",
					"loadisk:light_level06","loadisk:light_level07","loadisk:light_level08","loadisk:light_level09","loadisk:light_level10",
					"loadisk:light_level11","loadisk:light_level12","loadisk:light_level13","loadisk:light_level14","loadisk:light_level15",
					"loadisk:light_level16"
				  ]
				},
				"add": {
				  "component_groups": [
					"loadisk:light_level01"
				  ]
				}
			  },
			  "loadisk:light_level02_event": {
				"remove": {
				  "component_groups": [
					"loadisk:light_level01","loadisk:light_level00","loadisk:light_level03","loadisk:light_level04","loadisk:light_level05",
					"loadisk:light_level06","loadisk:light_level07","loadisk:light_level08","loadisk:light_level09","loadisk:light_level10",
					"loadisk:light_level11","loadisk:light_level12","loadisk:light_level13","loadisk:light_level14","loadisk:light_level15",
					"loadisk:light_level16"
				  ]
				},
				"add": {
				  "component_groups": [
					"loadisk:light_level02"
				  ]
				}
			  },
			  "loadisk:light_level03_event": {
				"remove": {
				  "component_groups": [
					"loadisk:light_level01","loadisk:light_level02","loadisk:light_level00","loadisk:light_level04","loadisk:light_level05",
					"loadisk:light_level06","loadisk:light_level07","loadisk:light_level08","loadisk:light_level09","loadisk:light_level10",
					"loadisk:light_level11","loadisk:light_level12","loadisk:light_level13","loadisk:light_level14","loadisk:light_level15",
					"loadisk:light_level16"
				  ]
				},
				"add": {
				  "component_groups": [
					"loadisk:light_level03"
				  ]
				}
			  },
			  "loadisk:light_level04_event": {
				"remove": {
				  "component_groups": [
					"loadisk:light_level01","loadisk:light_level02","loadisk:light_level03","loadisk:light_level00","loadisk:light_level05",
					"loadisk:light_level06","loadisk:light_level07","loadisk:light_level08","loadisk:light_level09","loadisk:light_level10",
					"loadisk:light_level11","loadisk:light_level12","loadisk:light_level13","loadisk:light_level14","loadisk:light_level15",
					"loadisk:light_level16"
				  ]
				},
				"add": {
				  "component_groups": [
					"loadisk:light_level04"
				  ]
				}
			  },
			  "loadisk:light_level05_event": {
				"remove": {
				  "component_groups": [
					"loadisk:light_level01","loadisk:light_level02","loadisk:light_level03","loadisk:light_level04","loadisk:light_level00",
					"loadisk:light_level06","loadisk:light_level07","loadisk:light_level08","loadisk:light_level09","loadisk:light_level10",
					"loadisk:light_level11","loadisk:light_level12","loadisk:light_level13","loadisk:light_level14","loadisk:light_level15",
					"loadisk:light_level16"
				  ]
				},
				"add": {
				  "component_groups": [
					"loadisk:light_level05"
				  ]
				}
			  },
			  "loadisk:light_level06_event": {
				"remove": {
				  "component_groups": [
					"loadisk:light_level01","loadisk:light_level02","loadisk:light_level03","loadisk:light_level04","loadisk:light_level05",
					"loadisk:light_level00","loadisk:light_level07","loadisk:light_level08","loadisk:light_level09","loadisk:light_level10",
					"loadisk:light_level11","loadisk:light_level12","loadisk:light_level13","loadisk:light_level14","loadisk:light_level15",
					"loadisk:light_level16"
				  ]
				},
				"add": {
				  "component_groups": [
					"loadisk:light_level06"
				  ]
				}
			  },
			  "loadisk:light_level07_event": {
				"remove": {
				  "component_groups": [
					"loadisk:light_level01","loadisk:light_level02","loadisk:light_level03","loadisk:light_level04","loadisk:light_level05",
					"loadisk:light_level06","loadisk:light_level00","loadisk:light_level08","loadisk:light_level09","loadisk:light_level10",
					"loadisk:light_level11","loadisk:light_level12","loadisk:light_level13","loadisk:light_level14","loadisk:light_level15",
					"loadisk:light_level16"
				  ]
				},
				"add": {
				  "component_groups": [
					"loadisk:light_level07"
				  ]
				}
			  },
			  "loadisk:light_level08_event": {
				"remove": {
				  "component_groups": [
					"loadisk:light_level01","loadisk:light_level02","loadisk:light_level03","loadisk:light_level04","loadisk:light_level05",
					"loadisk:light_level06","loadisk:light_level07","loadisk:light_level00","loadisk:light_level09","loadisk:light_level10",
					"loadisk:light_level11","loadisk:light_level12","loadisk:light_level13","loadisk:light_level14","loadisk:light_level15",
					"loadisk:light_level16"
				  ]
				},
				"add": {
				  "component_groups": [
					"loadisk:light_level08"
				  ]
				}
			  },
			  "loadisk:light_level09_event": {
				"remove": {
				  "component_groups": [
					"loadisk:light_level01","loadisk:light_level02","loadisk:light_level03","loadisk:light_level04","loadisk:light_level05",
					"loadisk:light_level06","loadisk:light_level07","loadisk:light_level08","loadisk:light_level00","loadisk:light_level10",
					"loadisk:light_level11","loadisk:light_level12","loadisk:light_level13","loadisk:light_level14","loadisk:light_level15",
					"loadisk:light_level16"
				  ]
				},
				"add": {
				  "component_groups": [
					"loadisk:light_level09"
				  ]
				}
			  },
			  "loadisk:light_level10_event": {
				"remove": {
				  "component_groups": [
					"loadisk:light_level01","loadisk:light_level02","loadisk:light_level03","loadisk:light_level04","loadisk:light_level05",
					"loadisk:light_level06","loadisk:light_level07","loadisk:light_level08","loadisk:light_level09","loadisk:light_level00",
					"loadisk:light_level11","loadisk:light_level12","loadisk:light_level13","loadisk:light_level14","loadisk:light_level15",
					"loadisk:light_level16"
				  ]
				},
				"add": {
				  "component_groups": [
					"loadisk:light_level10"
				  ]
				}
			  },
			  "loadisk:light_level11_event": {
				"remove": {
				  "component_groups": [
					"loadisk:light_level01","loadisk:light_level02","loadisk:light_level03","loadisk:light_level04","loadisk:light_level05",
					"loadisk:light_level06","loadisk:light_level07","loadisk:light_level08","loadisk:light_level09","loadisk:light_level10",
					"loadisk:light_level00","loadisk:light_level12","loadisk:light_level13","loadisk:light_level14","loadisk:light_level15",
					"loadisk:light_level16"
				  ]
				},
				"add": {
				  "component_groups": [
					"loadisk:light_level11"
				  ]
				}
			  },
			  "loadisk:light_level12_event": {
				"remove": {
				  "component_groups": [
					"loadisk:light_level01","loadisk:light_level02","loadisk:light_level03","loadisk:light_level04","loadisk:light_level05",
					"loadisk:light_level06","loadisk:light_level07","loadisk:light_level08","loadisk:light_level09","loadisk:light_level10",
					"loadisk:light_level11","loadisk:light_level00","loadisk:light_level13","loadisk:light_level14","loadisk:light_level15",
					"loadisk:light_level16"
				  ]
				},
				"add": {
				  "component_groups": [
					"loadisk:light_level12"
				  ]
				}
			  },
			  "loadisk:light_level13_event": {
				"remove": {
				  "component_groups": [
					"loadisk:light_level01","loadisk:light_level02","loadisk:light_level03","loadisk:light_level04","loadisk:light_level05",
					"loadisk:light_level06","loadisk:light_level07","loadisk:light_level08","loadisk:light_level09","loadisk:light_level10",
					"loadisk:light_level11","loadisk:light_level12","loadisk:light_level00","loadisk:light_level14","loadisk:light_level15",
					"loadisk:light_level16"
				  ]
				},
				"add": {
				  "component_groups": [
					"loadisk:light_level13"
				  ]
				}
			  },
			  "loadisk:light_level14_event": {
				"remove": {
				  "component_groups": [
					"loadisk:light_level01","loadisk:light_level02","loadisk:light_level03","loadisk:light_level04","loadisk:light_level05",
					"loadisk:light_level06","loadisk:light_level07","loadisk:light_level08","loadisk:light_level09","loadisk:light_level10",
					"loadisk:light_level11","loadisk:light_level12","loadisk:light_level13","loadisk:light_level00","loadisk:light_level15",
					"loadisk:light_level16"
				  ]
				},
				"add": {
				  "component_groups": [
					"loadisk:light_level14"
				  ]
				}
			  },
			  "loadisk:light_level15_event": {
				"remove": {
				  "component_groups": [
					"loadisk:light_level01","loadisk:light_level02","loadisk:light_level03","loadisk:light_level04","loadisk:light_level05",
					"loadisk:light_level06","loadisk:light_level07","loadisk:light_level08","loadisk:light_level09","loadisk:light_level10",
					"loadisk:light_level11","loadisk:light_level12","loadisk:light_level13","loadisk:light_level14","loadisk:light_level00",
					"loadisk:light_level16"
				  ]
				},
				"add": {
				  "component_groups": [
					"loadisk:light_level15"
				  ]
				}
			  },
			  "loadisk:light_level16_event": {
				"remove": {
				  "component_groups": [
					"loadisk:light_level01","loadisk:light_level02","loadisk:light_level03","loadisk:light_level04","loadisk:light_level05",
					"loadisk:light_level06","loadisk:light_level07","loadisk:light_level08","loadisk:light_level09","loadisk:light_level10",
					"loadisk:light_level11","loadisk:light_level12","loadisk:light_level13","loadisk:light_level14","loadisk:light_level15",
					"loadisk:light_level00"
				  ]
				},
				"add": {
				  "component_groups": [
					"loadisk:light_level16"
					]
				}
			},
			"loadisk:derender_event": {"add": {"component_groups": ["loadisk:derender"]}},
			"loadisk:render_event": {"remove": {"component_groups": ["loadisk:derender"]}},
			"loadisk:cycle_music_event": {"add": {"component_groups": ["loadisk:cycle_music"]}},
			"loadisk:kill.cycle_music_event": {"remove": {"component_groups": ["loadisk:cycle_music"]}},
			"loadisk:play_music.none_event": {
				"remove": {"component_groups": ["loadisk:music.cabin","loadisk:music.drone","loadisk:music.forest","loadisk:music.main","loadisk:music.intro","loadisk:music.cave","loadisk:music.underwater"]},
				"add": {"component_groups": ["loadisk:music.none"]}
			},
			"loadisk:play_music.intro_event": {
				"remove": {"component_groups": ["loadisk:music.cabin","loadisk:music.drone","loadisk:music.forest","loadisk:music.main","loadisk:music.none","loadisk:music.cave","loadisk:music.underwater"]},
				"add": {"component_groups": ["loadisk:music.intro"]}
			},
			"loadisk:play_music.cabin_event": {
				"remove": {"component_groups": ["loadisk:music.intro","loadisk:music.drone","loadisk:music.forest","loadisk:music.main","loadisk:music.none","loadisk:music.cave","loadisk:music.underwater"]},
				"add": {"component_groups": ["loadisk:music.cabin"]}
			},
			"loadisk:play_music.drone_event": {
				"remove": {"component_groups": ["loadisk:music.cabin","loadisk:music.intro","loadisk:music.forest","loadisk:music.main","loadisk:music.none","loadisk:music.cave","loadisk:music.underwater"]},
				"add": {"component_groups": ["loadisk:music.drone"]}
			},
			"loadisk:play_music.forest_event": {
				"remove": {"component_groups": ["loadisk:music.cabin","loadisk:music.drone","loadisk:music.intro","loadisk:music.main","loadisk:music.none","loadisk:music.cave","loadisk:music.underwater"]},
				"add": {"component_groups": ["loadisk:music.forest"]}
			},
			"loadisk:play_music.main_event": {
				"remove": {"component_groups": ["loadisk:music.cabin","loadisk:music.drone","loadisk:music.forest","loadisk:music.intro","loadisk:music.none","loadisk:music.cave","loadisk:music.underwater"]},
				"add": {"component_groups": ["loadisk:music.main"]}
			},
			"loadisk:play_music.cave_event": {
				"remove": {"component_groups": ["loadisk:music.main","loadisk:music.cabin","loadisk:music.drone","loadisk:music.forest","loadisk:music.intro","loadisk:music.none","loadisk:music.underwater"]},
				"add": {"component_groups": ["loadisk:music.cave"]}
			},
			"loadisk:play_music.underwater_event": {
				"remove": {"component_groups": ["loadisk:music.main","loadisk:music.cabin","loadisk:music.drone","loadisk:music.forest","loadisk:music.intro","loadisk:music.none","loadisk:music.cave"]},
				"add": {"component_groups": ["loadisk:music.underwater"]}
			},
			"loadisk:become.char00_event": {
				"remove": {"component_groups": ["loadisk:is_char01","loadisk:is_char02","loadisk:is_char03","loadisk:is_char04"]},
				"add": {"component_groups": ["loadisk:is_char00"]}
			},
			"loadisk:become.char01_event": {
				"remove": {"component_groups": ["loadisk:is_char00","loadisk:is_char02","loadisk:is_char03","loadisk:is_char04"]},
				"add": {"component_groups": ["loadisk:is_char01"]}
			},
			"loadisk:become.char02_event": {
				"remove": {"component_groups": ["loadisk:is_char01","loadisk:is_char00","loadisk:is_char03","loadisk:is_char04"]},
				"add": {"component_groups": ["loadisk:is_char02"]}
			},
			"loadisk:become.char03_event": {
				"remove": {"component_groups": ["loadisk:is_char01","loadisk:is_char02","loadisk:is_char00","loadisk:is_char04"]},
				"add": {"component_groups": ["loadisk:is_char03"]}
			},
			"loadisk:become.char04_event": {
				"remove": {"component_groups": ["loadisk:is_char01","loadisk:is_char02","loadisk:is_char03","loadisk:is_char00"]},
				"add": {"component_groups": ["loadisk:is_char04"]}
			},
			"loadisk:play_music.shore_event": {"add": {"component_groups": ["loadisk:music.shore"]}},
			"loadisk:kill_music.shore_event": {"remove": {"component_groups": ["loadisk:music.shore"]}},
			"minecraft:gain_bad_omen": {
				"add": {
					"component_groups": [
						"minecraft:add_bad_omen"
					]
				}
			},
			"minecraft:clear_add_bad_omen": {
				"remove": {"component_groups": ["minecraft:add_bad_omen"]},
				"add": {"component_groups": ["minecraft:clear_bad_omen_spell_effect"]}
			},
			"minecraft:trigger_raid": {"add": {"component_groups": ["minecraft:raid_trigger"]}},
			"minecraft:remove_raid_trigger": {"remove": {"component_groups": ["minecraft:raid_trigger"]}}
		}
	}
}