{
  "format_version": "1.19.50",
  "minecraft:entity": {
    "description": {
      "identifier": "minecraft:player",
      "is_spawnable": false,"is_summonable": false,"is_experimental": false,
      "scripts": {"animate": ["handler","ui_test","ui_warning",{"on_join":"q.is_alive && q.death_ticks == 0"}]},
			"animations": {
			  "handler": "controller.animation.loadisk.player.handler",
        "lifetime.c": "controller.animation.loadisk.player.lifetime",
        "movement.c": "controller.animation.loadisk.player.movement",
        "jump.c": "controller.animation.loadisk.player.jump",
        "sneak.c": "controller.animation.loadisk.player.sneak",
        "ride.c": "controller.animation.loadisk.player.ride",
        "sleep.c": "controller.animation.loadisk.player.sleep",
        "input.c": "controller.animation.loadisk.player.input",
        "u_block.c": "controller.animation.loadisk.player.underblock",
        "light_level.c": "controller.animation.loadisk.player.light_level",
        "hurt.c": "controller.animation.loadisk.player.hurt",
        "hit.c": "controller.animation.loadisk.player.hit",
        "temp.c": "controller.animation.loadisk.player.temperature",
        "on_join": "animation.loadisk.player.join",

        "ui_test": "controller.animation.loadisk.ui_test",
        "ui_warning": "controller.animation.loadisk.warning",
        "loading": "animation.loadisk.loading.runtime",
        "exit": "animation.loadisk.exit.runtime",
        "report": "animation.loadisk.report.runtime",
        "transition": "animation.loadisk.transition.runtime",
        "error": "animation.loadisk.error.runtime",
        "warning": "animation.loadisk.warning.runtime"
			},
      "properties": {
          "loadisk:underblock": {"type": "bool", "default": false},
          "loadisk:light_level": {"type": "int",  "range":  [0,15],"default": 0},
          "loadisk:near_player": {"type": "int",  "range":  [0,10],"default": 0},
          "loadisk:temperature": {"type": "int",  "range":  [0,3],"default": 0},
          "loadisk:hurt": {"type": "bool", "default": false}
      }
    },
    "component_groups": {
      "loadisk:overlay_off":{
        "minecraft:mark_variant":{"value": 0}
      },
      "loadisk:overlay_static":{
        "minecraft:mark_variant":{"value": 1}
      },
      "loadisk:overlay_transition":{
        "minecraft:mark_variant":{"value": 2}
      },
      "loadisk:overlay_loading":{
        "minecraft:mark_variant":{"value": 3}
      },
      "loadisk:overlay_report_load":{
        "minecraft:mark_variant":{"value": 4}
      },
      "loadisk:overlay_error":{
        "minecraft:mark_variant":{"value": 5},
        "minecraft:timer": {
          "time": 3.5,
          "time_down_event": {
              "event": "loadisk:overlay_static_event"
          }
        }
      },
      "loadisk:overlay_exit":{
        "minecraft:mark_variant":{"value": 6}
      },
      "loadisk:overlay_warning":{
        "minecraft:is_stunned": {}
      },
      "loadisk:reset.overlay":{"minecraft:mark_variant":{"value": 0},"minecraft:is_tamed": {}},
      "loadisk:derender":{"minecraft:is_sheared": {}},

      "minecraft:add_bad_omen": {
        "minecraft:spell_effects": {"add_effects": [{"effect": "bad_omen","duration": 6000,"visible": false,"display_on_screen_animation": true}]},
        "minecraft:timer": {"time": [ 0.0, 0.0 ],"looping": false,"time_down_event": {"event": "minecraft:clear_add_bad_omen","target": "self"}}
      },
      "minecraft:clear_bad_omen_spell_effect": {"minecraft:spell_effects": {}},
      "minecraft:raid_trigger": {
        "minecraft:raid_trigger": {"triggered_event": {"event": "minecraft:remove_raid_trigger","target": "self"}},
        "minecraft:spell_effects": {"remove_effects": "bad_omen"}
      }
    },
    "components": {
      "minecraft:experience_reward": {"on_death": "Math.Min(query.player_level * 7, 100)"},
      "minecraft:type_family": {"family": [ "player" ]},
      "minecraft:is_hidden_when_invisible": {},
      "minecraft:loot": {"table": "loot_tables/empty.json"},
      "minecraft:collision_box": {"width": 0.6,"height": 1.8},
      "minecraft:can_climb": {},
      "minecraft:movement": {"value": 0.1},
      "minecraft:hurt_on_condition": {
        "damage_conditions": [
          {
            "filters": { "test": "in_lava", "subject": "self", "operator": "==", "value": true },
            "cause": "lava","damage_per_tick": 4
          }
        ]
      },
      "minecraft:attack": {"damage": 1},
      "minecraft:exhaustion_values": {
        "heal": 6,"jump": 0.05,"sprint_jump": 0.2,"mine": 0.005,
        "attack": 0.1,"damage": 0.1,"walk": 0.0,"sprint": 0.1,"swim": 0.01
      },
      "minecraft:player.saturation": {"value": 5,"max": 20},
      "minecraft:player.exhaustion": {"value": 0,"max": 20},
      "minecraft:player.level": {"value": 0,"max": 24791},
      "minecraft:player.experience": {"value": 0,"max": 1},
      "minecraft:breathable": {"total_supply": 15,"suffocate_time": -1,"inhale_time": 3.75,"generates_bubbles": false},
      "minecraft:nameable": {"always_show": true,"allow_name_tag_renaming": false},
      "minecraft:physics": {},
      "minecraft:pushable": {"is_pushable": false,"is_pushable_by_piston": true},
      "minecraft:insomnia": {"days_until_insomnia": 3},
      "minecraft:rideable": {
        "seat_count": 2,"family_types": ["parrot_tame"],"pull_in_entities": true,
        "seats": [
          {"position": [0.4,-0.2,-0.1],"min_rider_count": 0,"max_rider_count": 0,"lock_rider_rotation": 0},
          {"position": [-0.4,-0.2,-0.1],"min_rider_count": 1,"max_rider_count": 2,"lock_rider_rotation": 0}
        ]
      },
      "minecraft:conditional_bandwidth_optimization": {},
      "minecraft:block_climber": {},
      "minecraft:environment_sensor": {
				"triggers": [
        //Check if underblock & or in water
        {"filters": {"any_of": [{"test": "is_underground","value": true},{"test": "is_underwater","value": true}]},"event": "loadisk:is_underblock_event"},
        {"filters": {"all_of": [{"test": "is_underground","value": false},{"test": "is_underwater","value": false}]},"event": "loadisk:kill.is_underblock_event"},
        //Check light level
        {"filters": {"all_of": [{"test": "light_level","operator": "==","value": 0}]},"event": "loadisk:set.ll00_event"},
				{"filters": {"all_of": [{"test": "light_level","operator": "==","value": 1}]},"event": "loadisk:set.ll01_event"},
				{"filters": {"all_of": [{"test": "light_level","operator": "==","value": 2}]},"event": "loadisk:set.ll02_event"},
				{"filters": {"all_of": [{"test": "light_level","operator": "==","value": 3}]},"event": "loadisk:set.ll03_event"},
				{"filters": {"all_of": [{"test": "light_level","operator": "==","value": 4}]},"event": "loadisk:set.ll04_event"},
				{"filters": {"all_of": [{"test": "light_level","operator": "==","value": 5}]},"event": "loadisk:set.ll05_event"},
				{"filters": {"all_of": [{"test": "light_level","operator": "==","value": 6}]},"event": "loadisk:set.ll06_event"},
				{"filters": {"all_of": [{"test": "light_level","operator": "==","value": 7}]},"event": "loadisk:set.ll07_event"},
				{"filters": {"all_of": [{"test": "light_level","operator": "==","value": 8}]},"event": "loadisk:set.ll08_event"},
				{"filters": {"all_of": [{"test": "light_level","operator": "==","value": 9}]},"event": "loadisk:set.ll09_event"},
				{"filters": {"all_of": [{"test": "light_level","operator": "==","value": 10}]},"event": "loadisk:set.ll10_event"},
				{"filters": {"all_of": [{"test": "light_level","operator": "==","value": 11}]},"event": "loadisk:set.ll11_event"},
				{"filters": {"all_of": [{"test": "light_level","operator": "==","value": 12}]},"event": "loadisk:set.ll12_event"},
				{"filters": {"all_of": [{"test": "light_level","operator": "==","value": 13}]},"event": "loadisk:set.ll13_event"},
				{"filters": {"all_of": [{"test": "light_level","operator": "==","value": 14}]},"event": "loadisk:set.ll14_event"},
				{"filters": {"all_of": [{"test": "light_level","operator": "==","value": 15}]},"event": "loadisk:set.ll15_event"},

        {"filters": {"all_of": [{"test": "is_missing_health","value": false}]},"event": "loadisk:set.hurt00_event"},
        {"filters": {"all_of": [{"test": "is_missing_health","value": true}]},"event": "loadisk:set.hurt01_event"},

        {"filters": {"all_of": [{"test": "is_temperature_type","value": "cold"}]},"event": "loadisk:set.temp_cold_event"},
        {"filters": {"all_of": [{"test": "is_temperature_type","value": "mild"}]},"event": "loadisk:set.temp_mild_event"},
        {"filters": {"all_of": [{"test": "is_temperature_type","value": "ocean"}]},"event": "loadisk:set.temp_ocean_event"},
        {"filters": {"all_of": [{"test": "is_temperature_type","value": "warm"}]},"event": "loadisk:set.temp_warm_event"},
        //Vanilla
				{"filters": {"all_of": [{"test": "has_mob_effect","subject": "self","value": "bad_omen"},
				{"test": "is_in_village","subject": "self","value": true}]},"event": "minecraft:trigger_raid"}
			  ]
			}
    },
    "events": {
      "minecraft:gain_bad_omen": {"add": {"component_groups": ["minecraft:add_bad_omen"]}},
      "minecraft:clear_add_bad_omen": {
        "remove": {"component_groups": ["minecraft:add_bad_omen"]},
        "add": {"component_groups": ["minecraft:clear_bad_omen_spell_effect"]}
      },
      "minecraft:trigger_raid": {"add": {"component_groups": ["minecraft:raid_trigger"]}},
      "minecraft:remove_raid_trigger": {"remove": {"component_groups": ["minecraft:raid_trigger"]}},

      "loadisk:is_underblock_event": {"set_property": { "loadisk:underblock": true}},
			"loadisk:kill.is_underblock_event": {"set_property": { "loadisk:underblock": false}},
      
      "loadisk:derender_event":  {"add": {"component_groups": ["loadisk:derender"]}},
      "loadisk:render_event":  {"remove": {"component_groups": ["loadisk:derender"]}},

      "loadisk:clear.overlays_event":  {
        "remove": {"component_groups": ["loadisk:overlay_exit","loadisk:overlay_static","loadisk:overlay_transition","loadisk:overlay_loading","loadisk:overlay_report_load","loadisk:overlay_error"]},
        "add": {"component_groups": ["loadisk:overlay_off"]}
      },
      "loadisk:overlay_static_event":  {
        "remove": {"component_groups": ["loadisk:overlay_exit","loadisk:overlay_transition","loadisk:overlay_loading","loadisk:overlay_report_load","loadisk:overlay_error","loadisk:overlay_off"]},
        "add": {"component_groups": ["loadisk:overlay_static"]}
      },
      "loadisk:overlay_transition_event":  {
        "remove": {"component_groups": ["loadisk:overlay_exit","loadisk:overlay_static","loadisk:overlay_loading","loadisk:overlay_report_load","loadisk:overlay_error","loadisk:overlay_off"]},
        "add": {"component_groups": ["loadisk:overlay_transition"]}
      },
      "loadisk:overlay_loading_event":  {
        "remove": {"component_groups": ["loadisk:overlay_exit","loadisk:overlay_transition","loadisk:overlay_static","loadisk:overlay_report_load","loadisk:overlay_error","loadisk:overlay_off"]},
        "add": {"component_groups": ["loadisk:overlay_loading"]}
      },
      "loadisk:overlay_report_load_event":  {
        "remove": {"component_groups": ["loadisk:overlay_exit","loadisk:overlay_transition","loadisk:overlay_static","loadisk:overlay_loading","loadisk:overlay_error","loadisk:overlay_off"]},
        "add": {"component_groups": ["loadisk:overlay_report_load"]}
      },
      "loadisk:overlay_error_event":  {
        "remove": {"component_groups": ["loadisk:overlay_exit","loadisk:overlay_transition","loadisk:overlay_static","loadisk:overlay_loading","loadisk:overlay_report_load","loadisk:overlay_off"]},
        "add": {"component_groups": ["loadisk:overlay_error"]}
      },
      "loadisk:overlay_exit":  {
        "remove": {"component_groups": ["loadisk:overlay_error","loadisk:overlay_transition","loadisk:overlay_static","loadisk:overlay_loading","loadisk:overlay_report_load","loadisk:overlay_off"]},
        "add": {"component_groups": ["loadisk:overlay_exit"]}
      },
      "loadisk:overlay_warning_event":  {
        "add": {"component_groups": ["loadisk:overlay_warning"]}
      },
      "loadisk:clear_warning_event":  {
        "remove": {"component_groups": ["loadisk:overlay_warning"]}
      },
      "loadisk:set.ll00_event": {"set_property": { "loadisk:light_level": 0}},
      "loadisk:set.ll01_event": {"set_property": { "loadisk:light_level": 1}},
      "loadisk:set.ll02_event": {"set_property": { "loadisk:light_level": 2}},
      "loadisk:set.ll03_event": {"set_property": { "loadisk:light_level": 3}},
      "loadisk:set.ll04_event": {"set_property": { "loadisk:light_level": 4}},
      "loadisk:set.ll05_event": {"set_property": { "loadisk:light_level": 5}},
      "loadisk:set.ll06_event": {"set_property": { "loadisk:light_level": 6}},
      "loadisk:set.ll07_event": {"set_property": { "loadisk:light_level": 7}},
      "loadisk:set.ll08_event": {"set_property": { "loadisk:light_level": 8}},
      "loadisk:set.ll09_event": {"set_property": { "loadisk:light_level": 9}},
      "loadisk:set.ll10_event": {"set_property": { "loadisk:light_level": 10}},
      "loadisk:set.ll11_event": {"set_property": { "loadisk:light_level": 11}},
      "loadisk:set.ll12_event": {"set_property": { "loadisk:light_level": 12}},
      "loadisk:set.ll13_event": {"set_property": { "loadisk:light_level": 13}},
      "loadisk:set.ll14_event": {"set_property": { "loadisk:light_level": 14}},
      "loadisk:set.ll15_event": {"set_property": { "loadisk:light_level": 15}},

      "loadisk:set.hurt00_event": {"set_property": { "loadisk:hurt": false}},
      "loadisk:set.hurt01_event": {"set_property": { "loadisk:hurt": true}},

      "loadisk:set.temp_cold_event": {"set_property": { "loadisk:temperature": 0}},
      "loadisk:set.temp_mild_event": {"set_property": { "loadisk:temperature": 1}},
      "loadisk:set.temp_ocean_event": {"set_property": { "loadisk:temperature": 2}},
      "loadisk:set.temp_warm_event": {"set_property": { "loadisk:temperature": 3}}
    }
  }
}