{
  "format_version": "1.16.0",
  "minecraft:entity": {
    "description": {
      "identifier": "loadisk:statue",
      "is_spawnable": true,
      "is_summonable": true,
      "is_experimental": false, 
			"scripts": {"animate": ["test_break","add_obj_tag"]},
      "animations": {
        "test_break": "controller.animation.loadisk.test_break",
				"add_obj_tag": "controller.animation.loadisk.tag_ex_obj"
      }
    },
    "component_groups": {
			"loadisk:despawn": {"minecraft:instant_despawn": {}},
			"loadisk:obj_tag": {"minecraft:is_ignited": {}},

      "loadisk:is_male": {"minecraft:skin_id": {"value": 0}},
      "loadisk:is_female": {"minecraft:skin_id": {"value": 1}},
			"loadisk:default": {
				"minecraft:scale":{"value": 1}
			  },
			"loadisk:big": {
				"minecraft:scale":{"value": 1.4}
			  }
		},
    "components": {
      "minecraft:knockback_resistance": {"value": 100},
      "minecraft:is_hidden_when_invisible": {},
      "minecraft:type_family": {"family": [ "statue", "monster", "mob" ]},
      "minecraft:health": {"value": 100,"max": 100},
      "minecraft:attack": {"damage": 2},
      "minecraft:collision_box": {"width": 0.5,"height": 1.8},
      "minecraft:movement": {"value": 0.35},
      "minecraft:navigation.walk": {"can_path_over_water": false},
      "minecraft:movement.basic": {},
      "minecraft:jump.static": {},
      "minecraft:can_climb": {},
      "minecraft:fire_immune": {},
      "minecraft:despawn": {"despawn_from_distance": {}},
      "minecraft:physics": {"has_gravity": true,"has_collision": true},
      "minecraft:conditional_bandwidth_optimization": {},
      "minecraft:lookat": {
        "search_radius": 8.0,"set_target": true,"look_cooldown": 5.0,
        "filters": {"all_of": [{"subject": "other","test": "is_family","value": "player"}]}
      }
    },
    "events": {
      "minecraft:entity_spawned": {
				"randomize": [
					{"weight": 50,"add": {"component_groups": ["loadisk:is_male"]}},
					{"weight": 50,"add": {"component_groups": ["loadisk:is_female"]}}
				]
			},
      "loadisk:big_event": {"add": {"component_groups": ["loadisk:big"]},"remove": {"component_groups": ["loadisk:default"]}},
			"loadisk:default_event": {"add": {"component_groups": ["loadisk:default"]},"remove": {"component_groups": ["loadisk:big"]}},  
      "loadisk:is_male_event": {"add": {"component_groups": ["loadisk:is_male"]},"remove": {"component_groups": ["loadisk:is_female"]}},  
      "loadisk:is_female_event": {"add": {"component_groups": ["loadisk:is_female"]},"remove": {"component_groups": ["loadisk:is_male"]}},  
			"loadisk:despawn_event": {"add": {"component_groups": ["loadisk:despawn"]}},
			"loadisk:obj_tag_event": {"add": {"component_groups": ["loadisk:obj_tag"]}}
    }
  }
}