{
	"format_version": "1.19.0",
	"minecraft:entity": {
		"description": {
			"identifier": "loadisk:tv",
			"is_spawnable": true,"is_summonable": true,"is_experimental": false,
			"scripts": {"animate": ["test_break","tv_controller"]},
			"animations": {
				"test_break": "controller.animation.loadisk.test_break",
				"tv_controller": "controller.animation.loadisk.tv",
				"on": "animation.loadisk.tv",
				"particle": "animation.loadisk.tv.particle"
		}
		},
		"component_groups": {
			"loadisk:despawn": {"minecraft:instant_despawn": {}},
			"loadisk:off": {
				"minecraft:skin_id": {"value": 0}
			  },
			"loadisk:on": {
				"minecraft:skin_id": {"value": 1}
			  }
		},
		"components": {
			"minecraft:nameable": {"always_show": false,"allow_name_tag_renaming": false},
			"minecraft:collision_box": {"width": 1,"height": 1},
			"minecraft:health": {"value": 100,"max": 100},
			"minecraft:physics": {"has_gravity": true,"has_collision": true},
			"minecraft:pushable": {"is_pushable": false,"is_pushable_by_piston": false},
			"minecraft:type_family": {"family": ["object","no_effect","system"]},
			"minecraft:damage_sensor": {
				"triggers": [
				{"on_damage": {"filters": {"all_of": [{ "test": "is_family", "subject": "other","operator": "==", "value": "player" }]}},
					"deals_damage": true
				},
				{"cause": "all","deals_damage": false}]
		}
		},
		"events": {
			"minecraft:entity_spawned": {"add": {"component_groups": ["loadisk:off"]}},
			"loadisk:despawn_event": {"add": {"component_groups": ["loadisk:despawn"]}},
			"loadisk:on_event": {"add": {"component_groups": ["loadisk:on"]},"remove": {"component_groups": ["loadisk:off"]}},
			"loadisk:off_event": {"add": {"component_groups": ["loadisk:off"]},"remove": {"component_groups": ["loadisk:on"]}}
		}
	}
}