{
	"format_version": "1.10.0",
	"minecraft:client_entity": {
		"description": {
			"identifier": "loadisk:gawk",
			"materials": {"default": "entity_alphatest"},
			"textures": {"default": "textures/entity/gawk"},
			"geometry": {"default": "geometry.loadisk.gawk"},
			"render_controllers": ["controller.render.default"],
			"animations": {
				"idle":       "animation.loadisk.gawk.idle"
			},
			"scripts": {"animate": ["idle"]},
			"spawn_egg": {
				"texture": "spawn_egg",
				"texture_index": 15
			}
		}
	}
}