{
    "format_version": "1.10.0",
    "animations": {
        "animation.loadisk.player.join": {
            "animation_length": 10.5,
            "loop": false,
            "timeline": {
                "10.0": [
                    "/function root/system/class/0001",  
                    "/function root/mob/player/on_join"
                ]
            }
        },
        "animation.loadisk.player.action.move": {
            "animation_length": 10.5,
            "loop": true,
            "timeline": {"0.0": ["/function root/call/action.move"]}
        }
    }
}