{
    "format_version": "1.10.0",
    "animations": {
        "animation.drop.xp1": {
            "animation_length": 2.5,"loop": false,
            "timeline": {
                "2.0": [
                    "/summon xp_orb ~ ~ ~"
                ]
            }
        },
        "animation.drop.xp2": {
            "animation_length": 2.5,"loop": false,
            "timeline": {
                "2.0": [
                    "/summon xp_orb ~ ~ ~","/summon xp_orb ~ ~ ~"
                ]
            }
        },
        "animation.drop.xp3": {
            "animation_length": 2.5,"loop": false,
            "timeline": {
                "2.0": [
                    "/summon xp_orb ~ ~ ~","/summon xp_orb ~ ~ ~","/summon xp_orb ~ ~ ~"
                ]
            }
        },
        "animation.drop.xp4": {
            "animation_length": 2.5,"loop": false,
            "timeline": {
                "2.0": [
                    "/summon xp_orb ~ ~ ~","/summon xp_orb ~ ~ ~","/summon xp_orb ~ ~ ~","/summon xp_orb ~ ~ ~"
                ]
            }
        },
        "animation.drop.xp5": {
            "animation_length": 2.5,"loop": false,
            "timeline": {
                "2.0": [
                    "/summon xp_orb ~ ~ ~","/summon xp_orb ~ ~ ~","/summon xp_orb ~ ~ ~","/summon xp_orb ~ ~ ~","/summon xp_orb ~ ~ ~"
                ]
            }
        },
        "animation.drop.xp10": {
            "animation_length": 2.5,"loop": false,
            "timeline": {
                "2.0": [
                    "/summon xp_orb ~ ~ ~","/summon xp_orb ~ ~ ~","/summon xp_orb ~ ~ ~","/summon xp_orb ~ ~ ~","/summon xp_orb ~ ~ ~",
                    "/summon xp_orb ~ ~ ~","/summon xp_orb ~ ~ ~","/summon xp_orb ~ ~ ~","/summon xp_orb ~ ~ ~","/summon xp_orb ~ ~ ~"
                ]
            }
        },
        "animation.drop.xp15": {
            "animation_length": 2.5,"loop": false,
            "timeline": {
                "2.0": [
                    "/summon xp_orb ~ ~ ~","/summon xp_orb ~ ~ ~","/summon xp_orb ~ ~ ~","/summon xp_orb ~ ~ ~","/summon xp_orb ~ ~ ~",
                    "/summon xp_orb ~ ~ ~","/summon xp_orb ~ ~ ~","/summon xp_orb ~ ~ ~","/summon xp_orb ~ ~ ~","/summon xp_orb ~ ~ ~",
                    "/summon xp_orb ~ ~ ~","/summon xp_orb ~ ~ ~","/summon xp_orb ~ ~ ~","/summon xp_orb ~ ~ ~","/summon xp_orb ~ ~ ~"
                ]
            }
        },
        "animation.drop.xp20": {
            "animation_length": 2.5,"loop": false,
            "timeline": {
                "2.0": [
                    "/summon xp_orb ~ ~ ~","/summon xp_orb ~ ~ ~","/summon xp_orb ~ ~ ~","/summon xp_orb ~ ~ ~","/summon xp_orb ~ ~ ~",
                    "/summon xp_orb ~ ~ ~","/summon xp_orb ~ ~ ~","/summon xp_orb ~ ~ ~","/summon xp_orb ~ ~ ~","/summon xp_orb ~ ~ ~",
                    "/summon xp_orb ~ ~ ~","/summon xp_orb ~ ~ ~","/summon xp_orb ~ ~ ~","/summon xp_orb ~ ~ ~","/summon xp_orb ~ ~ ~",
                    "/summon xp_orb ~ ~ ~","/summon xp_orb ~ ~ ~","/summon xp_orb ~ ~ ~","/summon xp_orb ~ ~ ~","/summon xp_orb ~ ~ ~"
                ]
            }
        },
        "animation.drop.xp25": {
            "animation_length": 2.5,"loop": false,
            "timeline": {
                "2.0": [
                    "/summon xp_orb ~ ~ ~","/summon xp_orb ~ ~ ~","/summon xp_orb ~ ~ ~","/summon xp_orb ~ ~ ~","/summon xp_orb ~ ~ ~",
                    "/summon xp_orb ~ ~ ~","/summon xp_orb ~ ~ ~","/summon xp_orb ~ ~ ~","/summon xp_orb ~ ~ ~","/summon xp_orb ~ ~ ~",
                    "/summon xp_orb ~ ~ ~","/summon xp_orb ~ ~ ~","/summon xp_orb ~ ~ ~","/summon xp_orb ~ ~ ~","/summon xp_orb ~ ~ ~",
                    "/summon xp_orb ~ ~ ~","/summon xp_orb ~ ~ ~","/summon xp_orb ~ ~ ~","/summon xp_orb ~ ~ ~","/summon xp_orb ~ ~ ~",
                    "/summon xp_orb ~ ~ ~","/summon xp_orb ~ ~ ~","/summon xp_orb ~ ~ ~","/summon xp_orb ~ ~ ~","/summon xp_orb ~ ~ ~"
                ]
            }
        },
        "animation.drop.xp30": {
            "animation_length": 2.5,"loop": false,
            "timeline": {
                "2.0": [
                    "/summon xp_orb ~ ~ ~","/summon xp_orb ~ ~ ~","/summon xp_orb ~ ~ ~","/summon xp_orb ~ ~ ~","/summon xp_orb ~ ~ ~",
                    "/summon xp_orb ~ ~ ~","/summon xp_orb ~ ~ ~","/summon xp_orb ~ ~ ~","/summon xp_orb ~ ~ ~","/summon xp_orb ~ ~ ~",
                    "/summon xp_orb ~ ~ ~","/summon xp_orb ~ ~ ~","/summon xp_orb ~ ~ ~","/summon xp_orb ~ ~ ~","/summon xp_orb ~ ~ ~",
                    "/summon xp_orb ~ ~ ~","/summon xp_orb ~ ~ ~","/summon xp_orb ~ ~ ~","/summon xp_orb ~ ~ ~","/summon xp_orb ~ ~ ~",
                    "/summon xp_orb ~ ~ ~","/summon xp_orb ~ ~ ~","/summon xp_orb ~ ~ ~","/summon xp_orb ~ ~ ~","/summon xp_orb ~ ~ ~",
                    "/summon xp_orb ~ ~ ~","/summon xp_orb ~ ~ ~","/summon xp_orb ~ ~ ~","/summon xp_orb ~ ~ ~","/summon xp_orb ~ ~ ~"
                ]
            }
        },
        "animation.drop.xp35": {
            "animation_length": 2.5,"loop": false,
            "timeline": {
                "2.0": [
                    "/summon xp_orb ~ ~ ~","/summon xp_orb ~ ~ ~","/summon xp_orb ~ ~ ~","/summon xp_orb ~ ~ ~","/summon xp_orb ~ ~ ~",
                    "/summon xp_orb ~ ~ ~","/summon xp_orb ~ ~ ~","/summon xp_orb ~ ~ ~","/summon xp_orb ~ ~ ~","/summon xp_orb ~ ~ ~",
                    "/summon xp_orb ~ ~ ~","/summon xp_orb ~ ~ ~","/summon xp_orb ~ ~ ~","/summon xp_orb ~ ~ ~","/summon xp_orb ~ ~ ~",
                    "/summon xp_orb ~ ~ ~","/summon xp_orb ~ ~ ~","/summon xp_orb ~ ~ ~","/summon xp_orb ~ ~ ~","/summon xp_orb ~ ~ ~",
                    "/summon xp_orb ~ ~ ~","/summon xp_orb ~ ~ ~","/summon xp_orb ~ ~ ~","/summon xp_orb ~ ~ ~","/summon xp_orb ~ ~ ~",
                    "/summon xp_orb ~ ~ ~","/summon xp_orb ~ ~ ~","/summon xp_orb ~ ~ ~","/summon xp_orb ~ ~ ~","/summon xp_orb ~ ~ ~",
                    "/summon xp_orb ~ ~ ~","/summon xp_orb ~ ~ ~","/summon xp_orb ~ ~ ~","/summon xp_orb ~ ~ ~","/summon xp_orb ~ ~ ~"
                ]
            }
        },
        "animation.drop.xp40": {
            "animation_length": 2.5,"loop": false,
            "timeline": {
                "2.0": [
                    "/summon xp_orb ~ ~ ~","/summon xp_orb ~ ~ ~","/summon xp_orb ~ ~ ~","/summon xp_orb ~ ~ ~","/summon xp_orb ~ ~ ~",
                    "/summon xp_orb ~ ~ ~","/summon xp_orb ~ ~ ~","/summon xp_orb ~ ~ ~","/summon xp_orb ~ ~ ~","/summon xp_orb ~ ~ ~",
                    "/summon xp_orb ~ ~ ~","/summon xp_orb ~ ~ ~","/summon xp_orb ~ ~ ~","/summon xp_orb ~ ~ ~","/summon xp_orb ~ ~ ~",
                    "/summon xp_orb ~ ~ ~","/summon xp_orb ~ ~ ~","/summon xp_orb ~ ~ ~","/summon xp_orb ~ ~ ~","/summon xp_orb ~ ~ ~",
                    "/summon xp_orb ~ ~ ~","/summon xp_orb ~ ~ ~","/summon xp_orb ~ ~ ~","/summon xp_orb ~ ~ ~","/summon xp_orb ~ ~ ~",
                    "/summon xp_orb ~ ~ ~","/summon xp_orb ~ ~ ~","/summon xp_orb ~ ~ ~","/summon xp_orb ~ ~ ~","/summon xp_orb ~ ~ ~",
                    "/summon xp_orb ~ ~ ~","/summon xp_orb ~ ~ ~","/summon xp_orb ~ ~ ~","/summon xp_orb ~ ~ ~","/summon xp_orb ~ ~ ~",
                    "/summon xp_orb ~ ~ ~","/summon xp_orb ~ ~ ~","/summon xp_orb ~ ~ ~","/summon xp_orb ~ ~ ~","/summon xp_orb ~ ~ ~"
                ]
            }
        },
        "animation.drop.xp45": {
            "animation_length": 2.5,"loop": false,
            "timeline": {
                "2.0": [
                    "/summon xp_orb ~ ~ ~","/summon xp_orb ~ ~ ~","/summon xp_orb ~ ~ ~","/summon xp_orb ~ ~ ~","/summon xp_orb ~ ~ ~",
                    "/summon xp_orb ~ ~ ~","/summon xp_orb ~ ~ ~","/summon xp_orb ~ ~ ~","/summon xp_orb ~ ~ ~","/summon xp_orb ~ ~ ~",
                    "/summon xp_orb ~ ~ ~","/summon xp_orb ~ ~ ~","/summon xp_orb ~ ~ ~","/summon xp_orb ~ ~ ~","/summon xp_orb ~ ~ ~",
                    "/summon xp_orb ~ ~ ~","/summon xp_orb ~ ~ ~","/summon xp_orb ~ ~ ~","/summon xp_orb ~ ~ ~","/summon xp_orb ~ ~ ~",
                    "/summon xp_orb ~ ~ ~","/summon xp_orb ~ ~ ~","/summon xp_orb ~ ~ ~","/summon xp_orb ~ ~ ~","/summon xp_orb ~ ~ ~",
                    "/summon xp_orb ~ ~ ~","/summon xp_orb ~ ~ ~","/summon xp_orb ~ ~ ~","/summon xp_orb ~ ~ ~","/summon xp_orb ~ ~ ~",
                    "/summon xp_orb ~ ~ ~","/summon xp_orb ~ ~ ~","/summon xp_orb ~ ~ ~","/summon xp_orb ~ ~ ~","/summon xp_orb ~ ~ ~",
                    "/summon xp_orb ~ ~ ~","/summon xp_orb ~ ~ ~","/summon xp_orb ~ ~ ~","/summon xp_orb ~ ~ ~","/summon xp_orb ~ ~ ~",
                    "/summon xp_orb ~ ~ ~","/summon xp_orb ~ ~ ~","/summon xp_orb ~ ~ ~","/summon xp_orb ~ ~ ~","/summon xp_orb ~ ~ ~"
                ]
            }
        },
        "animation.drop.xp50": {
            "animation_length": 2.5,"loop": false,
            "timeline": {
                "2.0": [
                    "/summon xp_orb ~ ~ ~","/summon xp_orb ~ ~ ~","/summon xp_orb ~ ~ ~","/summon xp_orb ~ ~ ~","/summon xp_orb ~ ~ ~",
                    "/summon xp_orb ~ ~ ~","/summon xp_orb ~ ~ ~","/summon xp_orb ~ ~ ~","/summon xp_orb ~ ~ ~","/summon xp_orb ~ ~ ~",
                    "/summon xp_orb ~ ~ ~","/summon xp_orb ~ ~ ~","/summon xp_orb ~ ~ ~","/summon xp_orb ~ ~ ~","/summon xp_orb ~ ~ ~",
                    "/summon xp_orb ~ ~ ~","/summon xp_orb ~ ~ ~","/summon xp_orb ~ ~ ~","/summon xp_orb ~ ~ ~","/summon xp_orb ~ ~ ~",
                    "/summon xp_orb ~ ~ ~","/summon xp_orb ~ ~ ~","/summon xp_orb ~ ~ ~","/summon xp_orb ~ ~ ~","/summon xp_orb ~ ~ ~",
                    "/summon xp_orb ~ ~ ~","/summon xp_orb ~ ~ ~","/summon xp_orb ~ ~ ~","/summon xp_orb ~ ~ ~","/summon xp_orb ~ ~ ~",
                    "/summon xp_orb ~ ~ ~","/summon xp_orb ~ ~ ~","/summon xp_orb ~ ~ ~","/summon xp_orb ~ ~ ~","/summon xp_orb ~ ~ ~",
                    "/summon xp_orb ~ ~ ~","/summon xp_orb ~ ~ ~","/summon xp_orb ~ ~ ~","/summon xp_orb ~ ~ ~","/summon xp_orb ~ ~ ~",
                    "/summon xp_orb ~ ~ ~","/summon xp_orb ~ ~ ~","/summon xp_orb ~ ~ ~","/summon xp_orb ~ ~ ~","/summon xp_orb ~ ~ ~",
                    "/summon xp_orb ~ ~ ~","/summon xp_orb ~ ~ ~","/summon xp_orb ~ ~ ~","/summon xp_orb ~ ~ ~","/summon xp_orb ~ ~ ~"
                ]
            }
        },
        "animation.drop.xp60": {
            "animation_length": 2.5,"loop": false,
            "timeline": {
                "2.0": [
                    "/summon xp_orb ~ ~ ~","/summon xp_orb ~ ~ ~","/summon xp_orb ~ ~ ~","/summon xp_orb ~ ~ ~","/summon xp_orb ~ ~ ~",
                    "/summon xp_orb ~ ~ ~","/summon xp_orb ~ ~ ~","/summon xp_orb ~ ~ ~","/summon xp_orb ~ ~ ~","/summon xp_orb ~ ~ ~",
                    "/summon xp_orb ~ ~ ~","/summon xp_orb ~ ~ ~","/summon xp_orb ~ ~ ~","/summon xp_orb ~ ~ ~","/summon xp_orb ~ ~ ~",
                    "/summon xp_orb ~ ~ ~","/summon xp_orb ~ ~ ~","/summon xp_orb ~ ~ ~","/summon xp_orb ~ ~ ~","/summon xp_orb ~ ~ ~",
                    "/summon xp_orb ~ ~ ~","/summon xp_orb ~ ~ ~","/summon xp_orb ~ ~ ~","/summon xp_orb ~ ~ ~","/summon xp_orb ~ ~ ~",
                    "/summon xp_orb ~ ~ ~","/summon xp_orb ~ ~ ~","/summon xp_orb ~ ~ ~","/summon xp_orb ~ ~ ~","/summon xp_orb ~ ~ ~",
                    "/summon xp_orb ~ ~ ~","/summon xp_orb ~ ~ ~","/summon xp_orb ~ ~ ~","/summon xp_orb ~ ~ ~","/summon xp_orb ~ ~ ~",
                    "/summon xp_orb ~ ~ ~","/summon xp_orb ~ ~ ~","/summon xp_orb ~ ~ ~","/summon xp_orb ~ ~ ~","/summon xp_orb ~ ~ ~",
                    "/summon xp_orb ~ ~ ~","/summon xp_orb ~ ~ ~","/summon xp_orb ~ ~ ~","/summon xp_orb ~ ~ ~","/summon xp_orb ~ ~ ~",
                    "/summon xp_orb ~ ~ ~","/summon xp_orb ~ ~ ~","/summon xp_orb ~ ~ ~","/summon xp_orb ~ ~ ~","/summon xp_orb ~ ~ ~",
                    "/summon xp_orb ~ ~ ~","/summon xp_orb ~ ~ ~","/summon xp_orb ~ ~ ~","/summon xp_orb ~ ~ ~","/summon xp_orb ~ ~ ~",
                    "/summon xp_orb ~ ~ ~","/summon xp_orb ~ ~ ~","/summon xp_orb ~ ~ ~","/summon xp_orb ~ ~ ~","/summon xp_orb ~ ~ ~"
                ]
            }
        },
        "animation.drop.xp70": {
            "animation_length": 2.5,"loop": false,
            "timeline": {
                "2.0": [
                    "/summon xp_orb ~ ~ ~","/summon xp_orb ~ ~ ~","/summon xp_orb ~ ~ ~","/summon xp_orb ~ ~ ~","/summon xp_orb ~ ~ ~",
                    "/summon xp_orb ~ ~ ~","/summon xp_orb ~ ~ ~","/summon xp_orb ~ ~ ~","/summon xp_orb ~ ~ ~","/summon xp_orb ~ ~ ~",
                    "/summon xp_orb ~ ~ ~","/summon xp_orb ~ ~ ~","/summon xp_orb ~ ~ ~","/summon xp_orb ~ ~ ~","/summon xp_orb ~ ~ ~",
                    "/summon xp_orb ~ ~ ~","/summon xp_orb ~ ~ ~","/summon xp_orb ~ ~ ~","/summon xp_orb ~ ~ ~","/summon xp_orb ~ ~ ~",
                    "/summon xp_orb ~ ~ ~","/summon xp_orb ~ ~ ~","/summon xp_orb ~ ~ ~","/summon xp_orb ~ ~ ~","/summon xp_orb ~ ~ ~",
                    "/summon xp_orb ~ ~ ~","/summon xp_orb ~ ~ ~","/summon xp_orb ~ ~ ~","/summon xp_orb ~ ~ ~","/summon xp_orb ~ ~ ~",
                    "/summon xp_orb ~ ~ ~","/summon xp_orb ~ ~ ~","/summon xp_orb ~ ~ ~","/summon xp_orb ~ ~ ~","/summon xp_orb ~ ~ ~",
                    "/summon xp_orb ~ ~ ~","/summon xp_orb ~ ~ ~","/summon xp_orb ~ ~ ~","/summon xp_orb ~ ~ ~","/summon xp_orb ~ ~ ~",
                    "/summon xp_orb ~ ~ ~","/summon xp_orb ~ ~ ~","/summon xp_orb ~ ~ ~","/summon xp_orb ~ ~ ~","/summon xp_orb ~ ~ ~",
                    "/summon xp_orb ~ ~ ~","/summon xp_orb ~ ~ ~","/summon xp_orb ~ ~ ~","/summon xp_orb ~ ~ ~","/summon xp_orb ~ ~ ~",
                    "/summon xp_orb ~ ~ ~","/summon xp_orb ~ ~ ~","/summon xp_orb ~ ~ ~","/summon xp_orb ~ ~ ~","/summon xp_orb ~ ~ ~",
                    "/summon xp_orb ~ ~ ~","/summon xp_orb ~ ~ ~","/summon xp_orb ~ ~ ~","/summon xp_orb ~ ~ ~","/summon xp_orb ~ ~ ~",
                    "/summon xp_orb ~ ~ ~","/summon xp_orb ~ ~ ~","/summon xp_orb ~ ~ ~","/summon xp_orb ~ ~ ~","/summon xp_orb ~ ~ ~",
                    "/summon xp_orb ~ ~ ~","/summon xp_orb ~ ~ ~","/summon xp_orb ~ ~ ~","/summon xp_orb ~ ~ ~","/summon xp_orb ~ ~ ~"
                ]
            }
        },
        "animation.drop.xp80": {
            "animation_length": 2.5,"loop": false,
            "timeline": {
                "2.0": [
                    "/summon xp_orb ~ ~ ~","/summon xp_orb ~ ~ ~","/summon xp_orb ~ ~ ~","/summon xp_orb ~ ~ ~","/summon xp_orb ~ ~ ~",
                    "/summon xp_orb ~ ~ ~","/summon xp_orb ~ ~ ~","/summon xp_orb ~ ~ ~","/summon xp_orb ~ ~ ~","/summon xp_orb ~ ~ ~",
                    "/summon xp_orb ~ ~ ~","/summon xp_orb ~ ~ ~","/summon xp_orb ~ ~ ~","/summon xp_orb ~ ~ ~","/summon xp_orb ~ ~ ~",
                    "/summon xp_orb ~ ~ ~","/summon xp_orb ~ ~ ~","/summon xp_orb ~ ~ ~","/summon xp_orb ~ ~ ~","/summon xp_orb ~ ~ ~",
                    "/summon xp_orb ~ ~ ~","/summon xp_orb ~ ~ ~","/summon xp_orb ~ ~ ~","/summon xp_orb ~ ~ ~","/summon xp_orb ~ ~ ~",
                    "/summon xp_orb ~ ~ ~","/summon xp_orb ~ ~ ~","/summon xp_orb ~ ~ ~","/summon xp_orb ~ ~ ~","/summon xp_orb ~ ~ ~",
                    "/summon xp_orb ~ ~ ~","/summon xp_orb ~ ~ ~","/summon xp_orb ~ ~ ~","/summon xp_orb ~ ~ ~","/summon xp_orb ~ ~ ~",
                    "/summon xp_orb ~ ~ ~","/summon xp_orb ~ ~ ~","/summon xp_orb ~ ~ ~","/summon xp_orb ~ ~ ~","/summon xp_orb ~ ~ ~",
                    "/summon xp_orb ~ ~ ~","/summon xp_orb ~ ~ ~","/summon xp_orb ~ ~ ~","/summon xp_orb ~ ~ ~","/summon xp_orb ~ ~ ~",
                    "/summon xp_orb ~ ~ ~","/summon xp_orb ~ ~ ~","/summon xp_orb ~ ~ ~","/summon xp_orb ~ ~ ~","/summon xp_orb ~ ~ ~",
                    "/summon xp_orb ~ ~ ~","/summon xp_orb ~ ~ ~","/summon xp_orb ~ ~ ~","/summon xp_orb ~ ~ ~","/summon xp_orb ~ ~ ~",
                    "/summon xp_orb ~ ~ ~","/summon xp_orb ~ ~ ~","/summon xp_orb ~ ~ ~","/summon xp_orb ~ ~ ~","/summon xp_orb ~ ~ ~",
                    "/summon xp_orb ~ ~ ~","/summon xp_orb ~ ~ ~","/summon xp_orb ~ ~ ~","/summon xp_orb ~ ~ ~","/summon xp_orb ~ ~ ~",
                    "/summon xp_orb ~ ~ ~","/summon xp_orb ~ ~ ~","/summon xp_orb ~ ~ ~","/summon xp_orb ~ ~ ~","/summon xp_orb ~ ~ ~",
                    "/summon xp_orb ~ ~ ~","/summon xp_orb ~ ~ ~","/summon xp_orb ~ ~ ~","/summon xp_orb ~ ~ ~","/summon xp_orb ~ ~ ~",
                    "/summon xp_orb ~ ~ ~","/summon xp_orb ~ ~ ~","/summon xp_orb ~ ~ ~","/summon xp_orb ~ ~ ~","/summon xp_orb ~ ~ ~"
                ]
            }
        },
        "animation.drop.xp90": {
            "animation_length": 2.5,"loop": false,
            "timeline": {
                "2.0": [
                    "/summon xp_orb ~ ~ ~","/summon xp_orb ~ ~ ~","/summon xp_orb ~ ~ ~","/summon xp_orb ~ ~ ~","/summon xp_orb ~ ~ ~",
                    "/summon xp_orb ~ ~ ~","/summon xp_orb ~ ~ ~","/summon xp_orb ~ ~ ~","/summon xp_orb ~ ~ ~","/summon xp_orb ~ ~ ~",
                    "/summon xp_orb ~ ~ ~","/summon xp_orb ~ ~ ~","/summon xp_orb ~ ~ ~","/summon xp_orb ~ ~ ~","/summon xp_orb ~ ~ ~",
                    "/summon xp_orb ~ ~ ~","/summon xp_orb ~ ~ ~","/summon xp_orb ~ ~ ~","/summon xp_orb ~ ~ ~","/summon xp_orb ~ ~ ~",
                    "/summon xp_orb ~ ~ ~","/summon xp_orb ~ ~ ~","/summon xp_orb ~ ~ ~","/summon xp_orb ~ ~ ~","/summon xp_orb ~ ~ ~",
                    "/summon xp_orb ~ ~ ~","/summon xp_orb ~ ~ ~","/summon xp_orb ~ ~ ~","/summon xp_orb ~ ~ ~","/summon xp_orb ~ ~ ~",
                    "/summon xp_orb ~ ~ ~","/summon xp_orb ~ ~ ~","/summon xp_orb ~ ~ ~","/summon xp_orb ~ ~ ~","/summon xp_orb ~ ~ ~",
                    "/summon xp_orb ~ ~ ~","/summon xp_orb ~ ~ ~","/summon xp_orb ~ ~ ~","/summon xp_orb ~ ~ ~","/summon xp_orb ~ ~ ~",
                    "/summon xp_orb ~ ~ ~","/summon xp_orb ~ ~ ~","/summon xp_orb ~ ~ ~","/summon xp_orb ~ ~ ~","/summon xp_orb ~ ~ ~",
                    "/summon xp_orb ~ ~ ~","/summon xp_orb ~ ~ ~","/summon xp_orb ~ ~ ~","/summon xp_orb ~ ~ ~","/summon xp_orb ~ ~ ~",
                    "/summon xp_orb ~ ~ ~","/summon xp_orb ~ ~ ~","/summon xp_orb ~ ~ ~","/summon xp_orb ~ ~ ~","/summon xp_orb ~ ~ ~",
                    "/summon xp_orb ~ ~ ~","/summon xp_orb ~ ~ ~","/summon xp_orb ~ ~ ~","/summon xp_orb ~ ~ ~","/summon xp_orb ~ ~ ~",
                    "/summon xp_orb ~ ~ ~","/summon xp_orb ~ ~ ~","/summon xp_orb ~ ~ ~","/summon xp_orb ~ ~ ~","/summon xp_orb ~ ~ ~",
                    "/summon xp_orb ~ ~ ~","/summon xp_orb ~ ~ ~","/summon xp_orb ~ ~ ~","/summon xp_orb ~ ~ ~","/summon xp_orb ~ ~ ~",
                    "/summon xp_orb ~ ~ ~","/summon xp_orb ~ ~ ~","/summon xp_orb ~ ~ ~","/summon xp_orb ~ ~ ~","/summon xp_orb ~ ~ ~",
                    "/summon xp_orb ~ ~ ~","/summon xp_orb ~ ~ ~","/summon xp_orb ~ ~ ~","/summon xp_orb ~ ~ ~","/summon xp_orb ~ ~ ~",
                    "/summon xp_orb ~ ~ ~","/summon xp_orb ~ ~ ~","/summon xp_orb ~ ~ ~","/summon xp_orb ~ ~ ~","/summon xp_orb ~ ~ ~",
                    "/summon xp_orb ~ ~ ~","/summon xp_orb ~ ~ ~","/summon xp_orb ~ ~ ~","/summon xp_orb ~ ~ ~","/summon xp_orb ~ ~ ~"
                ]
            }
        },
        "animation.drop.xp100": {
            "animation_length": 2.5,"loop": false,
            "timeline": {
                "2.0": [
                    "/summon xp_orb ~ ~ ~","/summon xp_orb ~ ~ ~","/summon xp_orb ~ ~ ~","/summon xp_orb ~ ~ ~","/summon xp_orb ~ ~ ~",
                    "/summon xp_orb ~ ~ ~","/summon xp_orb ~ ~ ~","/summon xp_orb ~ ~ ~","/summon xp_orb ~ ~ ~","/summon xp_orb ~ ~ ~",
                    "/summon xp_orb ~ ~ ~","/summon xp_orb ~ ~ ~","/summon xp_orb ~ ~ ~","/summon xp_orb ~ ~ ~","/summon xp_orb ~ ~ ~",
                    "/summon xp_orb ~ ~ ~","/summon xp_orb ~ ~ ~","/summon xp_orb ~ ~ ~","/summon xp_orb ~ ~ ~","/summon xp_orb ~ ~ ~",
                    "/summon xp_orb ~ ~ ~","/summon xp_orb ~ ~ ~","/summon xp_orb ~ ~ ~","/summon xp_orb ~ ~ ~","/summon xp_orb ~ ~ ~",
                    "/summon xp_orb ~ ~ ~","/summon xp_orb ~ ~ ~","/summon xp_orb ~ ~ ~","/summon xp_orb ~ ~ ~","/summon xp_orb ~ ~ ~",
                    "/summon xp_orb ~ ~ ~","/summon xp_orb ~ ~ ~","/summon xp_orb ~ ~ ~","/summon xp_orb ~ ~ ~","/summon xp_orb ~ ~ ~",
                    "/summon xp_orb ~ ~ ~","/summon xp_orb ~ ~ ~","/summon xp_orb ~ ~ ~","/summon xp_orb ~ ~ ~","/summon xp_orb ~ ~ ~",
                    "/summon xp_orb ~ ~ ~","/summon xp_orb ~ ~ ~","/summon xp_orb ~ ~ ~","/summon xp_orb ~ ~ ~","/summon xp_orb ~ ~ ~",
                    "/summon xp_orb ~ ~ ~","/summon xp_orb ~ ~ ~","/summon xp_orb ~ ~ ~","/summon xp_orb ~ ~ ~","/summon xp_orb ~ ~ ~",
                    "/summon xp_orb ~ ~ ~","/summon xp_orb ~ ~ ~","/summon xp_orb ~ ~ ~","/summon xp_orb ~ ~ ~","/summon xp_orb ~ ~ ~",
                    "/summon xp_orb ~ ~ ~","/summon xp_orb ~ ~ ~","/summon xp_orb ~ ~ ~","/summon xp_orb ~ ~ ~","/summon xp_orb ~ ~ ~",
                    "/summon xp_orb ~ ~ ~","/summon xp_orb ~ ~ ~","/summon xp_orb ~ ~ ~","/summon xp_orb ~ ~ ~","/summon xp_orb ~ ~ ~",
                    "/summon xp_orb ~ ~ ~","/summon xp_orb ~ ~ ~","/summon xp_orb ~ ~ ~","/summon xp_orb ~ ~ ~","/summon xp_orb ~ ~ ~",
                    "/summon xp_orb ~ ~ ~","/summon xp_orb ~ ~ ~","/summon xp_orb ~ ~ ~","/summon xp_orb ~ ~ ~","/summon xp_orb ~ ~ ~",
                    "/summon xp_orb ~ ~ ~","/summon xp_orb ~ ~ ~","/summon xp_orb ~ ~ ~","/summon xp_orb ~ ~ ~","/summon xp_orb ~ ~ ~",
                    "/summon xp_orb ~ ~ ~","/summon xp_orb ~ ~ ~","/summon xp_orb ~ ~ ~","/summon xp_orb ~ ~ ~","/summon xp_orb ~ ~ ~",
                    "/summon xp_orb ~ ~ ~","/summon xp_orb ~ ~ ~","/summon xp_orb ~ ~ ~","/summon xp_orb ~ ~ ~","/summon xp_orb ~ ~ ~",
                    "/summon xp_orb ~ ~ ~","/summon xp_orb ~ ~ ~","/summon xp_orb ~ ~ ~","/summon xp_orb ~ ~ ~","/summon xp_orb ~ ~ ~",
                    "/summon xp_orb ~ ~ ~","/summon xp_orb ~ ~ ~","/summon xp_orb ~ ~ ~","/summon xp_orb ~ ~ ~","/summon xp_orb ~ ~ ~"
                ]
            }
        },
        "animation.drop.xp150": {
            "animation_length": 2.5,"loop": false,
            "timeline": {
                "2.0": [
                    "/summon xp_orb ~ ~ ~","/summon xp_orb ~ ~ ~","/summon xp_orb ~ ~ ~","/summon xp_orb ~ ~ ~","/summon xp_orb ~ ~ ~",
                    "/summon xp_orb ~ ~ ~","/summon xp_orb ~ ~ ~","/summon xp_orb ~ ~ ~","/summon xp_orb ~ ~ ~","/summon xp_orb ~ ~ ~",
                    "/summon xp_orb ~ ~ ~","/summon xp_orb ~ ~ ~","/summon xp_orb ~ ~ ~","/summon xp_orb ~ ~ ~","/summon xp_orb ~ ~ ~",
                    "/summon xp_orb ~ ~ ~","/summon xp_orb ~ ~ ~","/summon xp_orb ~ ~ ~","/summon xp_orb ~ ~ ~","/summon xp_orb ~ ~ ~",
                    "/summon xp_orb ~ ~ ~","/summon xp_orb ~ ~ ~","/summon xp_orb ~ ~ ~","/summon xp_orb ~ ~ ~","/summon xp_orb ~ ~ ~",
                    "/summon xp_orb ~ ~ ~","/summon xp_orb ~ ~ ~","/summon xp_orb ~ ~ ~","/summon xp_orb ~ ~ ~","/summon xp_orb ~ ~ ~",
                    "/summon xp_orb ~ ~ ~","/summon xp_orb ~ ~ ~","/summon xp_orb ~ ~ ~","/summon xp_orb ~ ~ ~","/summon xp_orb ~ ~ ~",
                    "/summon xp_orb ~ ~ ~","/summon xp_orb ~ ~ ~","/summon xp_orb ~ ~ ~","/summon xp_orb ~ ~ ~","/summon xp_orb ~ ~ ~",
                    "/summon xp_orb ~ ~ ~","/summon xp_orb ~ ~ ~","/summon xp_orb ~ ~ ~","/summon xp_orb ~ ~ ~","/summon xp_orb ~ ~ ~",
                    "/summon xp_orb ~ ~ ~","/summon xp_orb ~ ~ ~","/summon xp_orb ~ ~ ~","/summon xp_orb ~ ~ ~","/summon xp_orb ~ ~ ~",
                    "/summon xp_orb ~ ~ ~","/summon xp_orb ~ ~ ~","/summon xp_orb ~ ~ ~","/summon xp_orb ~ ~ ~","/summon xp_orb ~ ~ ~",
                    "/summon xp_orb ~ ~ ~","/summon xp_orb ~ ~ ~","/summon xp_orb ~ ~ ~","/summon xp_orb ~ ~ ~","/summon xp_orb ~ ~ ~",
                    "/summon xp_orb ~ ~ ~","/summon xp_orb ~ ~ ~","/summon xp_orb ~ ~ ~","/summon xp_orb ~ ~ ~","/summon xp_orb ~ ~ ~",
                    "/summon xp_orb ~ ~ ~","/summon xp_orb ~ ~ ~","/summon xp_orb ~ ~ ~","/summon xp_orb ~ ~ ~","/summon xp_orb ~ ~ ~",
                    "/summon xp_orb ~ ~ ~","/summon xp_orb ~ ~ ~","/summon xp_orb ~ ~ ~","/summon xp_orb ~ ~ ~","/summon xp_orb ~ ~ ~",
                    "/summon xp_orb ~ ~ ~","/summon xp_orb ~ ~ ~","/summon xp_orb ~ ~ ~","/summon xp_orb ~ ~ ~","/summon xp_orb ~ ~ ~",
                    "/summon xp_orb ~ ~ ~","/summon xp_orb ~ ~ ~","/summon xp_orb ~ ~ ~","/summon xp_orb ~ ~ ~","/summon xp_orb ~ ~ ~",
                    "/summon xp_orb ~ ~ ~","/summon xp_orb ~ ~ ~","/summon xp_orb ~ ~ ~","/summon xp_orb ~ ~ ~","/summon xp_orb ~ ~ ~",
                    "/summon xp_orb ~ ~ ~","/summon xp_orb ~ ~ ~","/summon xp_orb ~ ~ ~","/summon xp_orb ~ ~ ~","/summon xp_orb ~ ~ ~",
                    "/summon xp_orb ~ ~ ~","/summon xp_orb ~ ~ ~","/summon xp_orb ~ ~ ~","/summon xp_orb ~ ~ ~","/summon xp_orb ~ ~ ~",
                    "/summon xp_orb ~ ~ ~","/summon xp_orb ~ ~ ~","/summon xp_orb ~ ~ ~","/summon xp_orb ~ ~ ~","/summon xp_orb ~ ~ ~",
                    "/summon xp_orb ~ ~ ~","/summon xp_orb ~ ~ ~","/summon xp_orb ~ ~ ~","/summon xp_orb ~ ~ ~","/summon xp_orb ~ ~ ~",
                    "/summon xp_orb ~ ~ ~","/summon xp_orb ~ ~ ~","/summon xp_orb ~ ~ ~","/summon xp_orb ~ ~ ~","/summon xp_orb ~ ~ ~",
                    "/summon xp_orb ~ ~ ~","/summon xp_orb ~ ~ ~","/summon xp_orb ~ ~ ~","/summon xp_orb ~ ~ ~","/summon xp_orb ~ ~ ~",
                    "/summon xp_orb ~ ~ ~","/summon xp_orb ~ ~ ~","/summon xp_orb ~ ~ ~","/summon xp_orb ~ ~ ~","/summon xp_orb ~ ~ ~",
                    "/summon xp_orb ~ ~ ~","/summon xp_orb ~ ~ ~","/summon xp_orb ~ ~ ~","/summon xp_orb ~ ~ ~","/summon xp_orb ~ ~ ~",
                    "/summon xp_orb ~ ~ ~","/summon xp_orb ~ ~ ~","/summon xp_orb ~ ~ ~","/summon xp_orb ~ ~ ~","/summon xp_orb ~ ~ ~",
                    "/summon xp_orb ~ ~ ~","/summon xp_orb ~ ~ ~","/summon xp_orb ~ ~ ~","/summon xp_orb ~ ~ ~","/summon xp_orb ~ ~ ~",
                    "/summon xp_orb ~ ~ ~","/summon xp_orb ~ ~ ~","/summon xp_orb ~ ~ ~","/summon xp_orb ~ ~ ~","/summon xp_orb ~ ~ ~",
                    "/summon xp_orb ~ ~ ~","/summon xp_orb ~ ~ ~","/summon xp_orb ~ ~ ~","/summon xp_orb ~ ~ ~","/summon xp_orb ~ ~ ~"
                ]
            }
        },
        "animation.drop.xp200": {
            "animation_length": 2.5,"loop": false,
            "timeline": {
                "2.0": [
                    "/summon xp_orb ~ ~ ~","/summon xp_orb ~ ~ ~","/summon xp_orb ~ ~ ~","/summon xp_orb ~ ~ ~","/summon xp_orb ~ ~ ~",
                    "/summon xp_orb ~ ~ ~","/summon xp_orb ~ ~ ~","/summon xp_orb ~ ~ ~","/summon xp_orb ~ ~ ~","/summon xp_orb ~ ~ ~",
                    "/summon xp_orb ~ ~ ~","/summon xp_orb ~ ~ ~","/summon xp_orb ~ ~ ~","/summon xp_orb ~ ~ ~","/summon xp_orb ~ ~ ~",
                    "/summon xp_orb ~ ~ ~","/summon xp_orb ~ ~ ~","/summon xp_orb ~ ~ ~","/summon xp_orb ~ ~ ~","/summon xp_orb ~ ~ ~",
                    "/summon xp_orb ~ ~ ~","/summon xp_orb ~ ~ ~","/summon xp_orb ~ ~ ~","/summon xp_orb ~ ~ ~","/summon xp_orb ~ ~ ~",
                    "/summon xp_orb ~ ~ ~","/summon xp_orb ~ ~ ~","/summon xp_orb ~ ~ ~","/summon xp_orb ~ ~ ~","/summon xp_orb ~ ~ ~",
                    "/summon xp_orb ~ ~ ~","/summon xp_orb ~ ~ ~","/summon xp_orb ~ ~ ~","/summon xp_orb ~ ~ ~","/summon xp_orb ~ ~ ~",
                    "/summon xp_orb ~ ~ ~","/summon xp_orb ~ ~ ~","/summon xp_orb ~ ~ ~","/summon xp_orb ~ ~ ~","/summon xp_orb ~ ~ ~",
                    "/summon xp_orb ~ ~ ~","/summon xp_orb ~ ~ ~","/summon xp_orb ~ ~ ~","/summon xp_orb ~ ~ ~","/summon xp_orb ~ ~ ~",
                    "/summon xp_orb ~ ~ ~","/summon xp_orb ~ ~ ~","/summon xp_orb ~ ~ ~","/summon xp_orb ~ ~ ~","/summon xp_orb ~ ~ ~",
                    "/summon xp_orb ~ ~ ~","/summon xp_orb ~ ~ ~","/summon xp_orb ~ ~ ~","/summon xp_orb ~ ~ ~","/summon xp_orb ~ ~ ~",
                    "/summon xp_orb ~ ~ ~","/summon xp_orb ~ ~ ~","/summon xp_orb ~ ~ ~","/summon xp_orb ~ ~ ~","/summon xp_orb ~ ~ ~",
                    "/summon xp_orb ~ ~ ~","/summon xp_orb ~ ~ ~","/summon xp_orb ~ ~ ~","/summon xp_orb ~ ~ ~","/summon xp_orb ~ ~ ~",
                    "/summon xp_orb ~ ~ ~","/summon xp_orb ~ ~ ~","/summon xp_orb ~ ~ ~","/summon xp_orb ~ ~ ~","/summon xp_orb ~ ~ ~",
                    "/summon xp_orb ~ ~ ~","/summon xp_orb ~ ~ ~","/summon xp_orb ~ ~ ~","/summon xp_orb ~ ~ ~","/summon xp_orb ~ ~ ~",
                    "/summon xp_orb ~ ~ ~","/summon xp_orb ~ ~ ~","/summon xp_orb ~ ~ ~","/summon xp_orb ~ ~ ~","/summon xp_orb ~ ~ ~",
                    "/summon xp_orb ~ ~ ~","/summon xp_orb ~ ~ ~","/summon xp_orb ~ ~ ~","/summon xp_orb ~ ~ ~","/summon xp_orb ~ ~ ~",
                    "/summon xp_orb ~ ~ ~","/summon xp_orb ~ ~ ~","/summon xp_orb ~ ~ ~","/summon xp_orb ~ ~ ~","/summon xp_orb ~ ~ ~",
                    "/summon xp_orb ~ ~ ~","/summon xp_orb ~ ~ ~","/summon xp_orb ~ ~ ~","/summon xp_orb ~ ~ ~","/summon xp_orb ~ ~ ~",
                    "/summon xp_orb ~ ~ ~","/summon xp_orb ~ ~ ~","/summon xp_orb ~ ~ ~","/summon xp_orb ~ ~ ~","/summon xp_orb ~ ~ ~",
                    "/summon xp_orb ~ ~ ~","/summon xp_orb ~ ~ ~","/summon xp_orb ~ ~ ~","/summon xp_orb ~ ~ ~","/summon xp_orb ~ ~ ~",
                    "/summon xp_orb ~ ~ ~","/summon xp_orb ~ ~ ~","/summon xp_orb ~ ~ ~","/summon xp_orb ~ ~ ~","/summon xp_orb ~ ~ ~",
                    "/summon xp_orb ~ ~ ~","/summon xp_orb ~ ~ ~","/summon xp_orb ~ ~ ~","/summon xp_orb ~ ~ ~","/summon xp_orb ~ ~ ~",
                    "/summon xp_orb ~ ~ ~","/summon xp_orb ~ ~ ~","/summon xp_orb ~ ~ ~","/summon xp_orb ~ ~ ~","/summon xp_orb ~ ~ ~",
                    "/summon xp_orb ~ ~ ~","/summon xp_orb ~ ~ ~","/summon xp_orb ~ ~ ~","/summon xp_orb ~ ~ ~","/summon xp_orb ~ ~ ~",
                    "/summon xp_orb ~ ~ ~","/summon xp_orb ~ ~ ~","/summon xp_orb ~ ~ ~","/summon xp_orb ~ ~ ~","/summon xp_orb ~ ~ ~",
                    "/summon xp_orb ~ ~ ~","/summon xp_orb ~ ~ ~","/summon xp_orb ~ ~ ~","/summon xp_orb ~ ~ ~","/summon xp_orb ~ ~ ~",
                    "/summon xp_orb ~ ~ ~","/summon xp_orb ~ ~ ~","/summon xp_orb ~ ~ ~","/summon xp_orb ~ ~ ~","/summon xp_orb ~ ~ ~",
                    "/summon xp_orb ~ ~ ~","/summon xp_orb ~ ~ ~","/summon xp_orb ~ ~ ~","/summon xp_orb ~ ~ ~","/summon xp_orb ~ ~ ~",
                    "/summon xp_orb ~ ~ ~","/summon xp_orb ~ ~ ~","/summon xp_orb ~ ~ ~","/summon xp_orb ~ ~ ~","/summon xp_orb ~ ~ ~",
                    "/summon xp_orb ~ ~ ~","/summon xp_orb ~ ~ ~","/summon xp_orb ~ ~ ~","/summon xp_orb ~ ~ ~","/summon xp_orb ~ ~ ~",
                    "/summon xp_orb ~ ~ ~","/summon xp_orb ~ ~ ~","/summon xp_orb ~ ~ ~","/summon xp_orb ~ ~ ~","/summon xp_orb ~ ~ ~",
                    "/summon xp_orb ~ ~ ~","/summon xp_orb ~ ~ ~","/summon xp_orb ~ ~ ~","/summon xp_orb ~ ~ ~","/summon xp_orb ~ ~ ~",
                    "/summon xp_orb ~ ~ ~","/summon xp_orb ~ ~ ~","/summon xp_orb ~ ~ ~","/summon xp_orb ~ ~ ~","/summon xp_orb ~ ~ ~",
                    "/summon xp_orb ~ ~ ~","/summon xp_orb ~ ~ ~","/summon xp_orb ~ ~ ~","/summon xp_orb ~ ~ ~","/summon xp_orb ~ ~ ~",
                    "/summon xp_orb ~ ~ ~","/summon xp_orb ~ ~ ~","/summon xp_orb ~ ~ ~","/summon xp_orb ~ ~ ~","/summon xp_orb ~ ~ ~",
                    "/summon xp_orb ~ ~ ~","/summon xp_orb ~ ~ ~","/summon xp_orb ~ ~ ~","/summon xp_orb ~ ~ ~","/summon xp_orb ~ ~ ~",
                    "/summon xp_orb ~ ~ ~","/summon xp_orb ~ ~ ~","/summon xp_orb ~ ~ ~","/summon xp_orb ~ ~ ~","/summon xp_orb ~ ~ ~",
                    "/summon xp_orb ~ ~ ~","/summon xp_orb ~ ~ ~","/summon xp_orb ~ ~ ~","/summon xp_orb ~ ~ ~","/summon xp_orb ~ ~ ~",
                    "/summon xp_orb ~ ~ ~","/summon xp_orb ~ ~ ~","/summon xp_orb ~ ~ ~","/summon xp_orb ~ ~ ~","/summon xp_orb ~ ~ ~"
                ]
            }
        }
    }
}