{
    "format_version": "1.10.0",
    "animations": {
        "animation.loadisk.rx_sensor": { 
            "animation_length": 0.1,
            "loop": true,
            "timeline": {
                "0.0": [
                    "/execute at @s[rx=90] run /scoreboard players set @s g.p_rx 90",           
                    "/execute at @s[rx=89] run /scoreboard players set @s g.p_rx 89",
                    "/execute at @s[rx=88] run /scoreboard players set @s g.p_rx 88",
                    "/execute at @s[rx=87] run /scoreboard players set @s g.p_rx 87",
                    "/execute at @s[rx=86] run /scoreboard players set @s g.p_rx 86",
                    "/execute at @s[rx=85] run /scoreboard players set @s g.p_rx 85",
                    "/execute at @s[rx=84] run /scoreboard players set @s g.p_rx 84",
                    "/execute at @s[rx=83] run /scoreboard players set @s g.p_rx 83",
                    "/execute at @s[rx=82] run /scoreboard players set @s g.p_rx 82",
                    "/execute at @s[rx=81] run /scoreboard players set @s g.p_rx 81",
                    "/execute at @s[rx=80] run /scoreboard players set @s g.p_rx 80",
                    "/execute at @s[rx=79] run /scoreboard players set @s g.p_rx 79",
                    "/execute at @s[rx=78] run /scoreboard players set @s g.p_rx 78",
                    "/execute at @s[rx=77] run /scoreboard players set @s g.p_rx 77",
                    "/execute at @s[rx=76] run /scoreboard players set @s g.p_rx 76",
                    "/execute at @s[rx=75] run /scoreboard players set @s g.p_rx 75",
                    "/execute at @s[rx=74] run /scoreboard players set @s g.p_rx 74",
                    "/execute at @s[rx=73] run /scoreboard players set @s g.p_rx 73",
                    "/execute at @s[rx=72] run /scoreboard players set @s g.p_rx 72",
                    "/execute at @s[rx=71] run /scoreboard players set @s g.p_rx 71",
                    "/execute at @s[rx=70] run /scoreboard players set @s g.p_rx 70",
                    "/execute at @s[rx=69] run /scoreboard players set @s g.p_rx 69",
                    "/execute at @s[rx=68] run /scoreboard players set @s g.p_rx 68",
                    "/execute at @s[rx=67] run /scoreboard players set @s g.p_rx 67",
                    "/execute at @s[rx=66] run /scoreboard players set @s g.p_rx 66",
                    "/execute at @s[rx=65] run /scoreboard players set @s g.p_rx 65",
                    "/execute at @s[rx=64] run /scoreboard players set @s g.p_rx 64",
                    "/execute at @s[rx=63] run /scoreboard players set @s g.p_rx 63",
                    "/execute at @s[rx=62] run /scoreboard players set @s g.p_rx 62",
                    "/execute at @s[rx=61] run /scoreboard players set @s g.p_rx 61",
                    "/execute at @s[rx=60] run /scoreboard players set @s g.p_rx 60",
                    "/execute at @s[rx=59] run /scoreboard players set @s g.p_rx 59",
                    "/execute at @s[rx=58] run /scoreboard players set @s g.p_rx 58",
                    "/execute at @s[rx=57] run /scoreboard players set @s g.p_rx 57",
                    "/execute at @s[rx=56] run /scoreboard players set @s g.p_rx 56",
                    "/execute at @s[rx=55] run /scoreboard players set @s g.p_rx 55",
                    "/execute at @s[rx=54] run /scoreboard players set @s g.p_rx 54",
                    "/execute at @s[rx=53] run /scoreboard players set @s g.p_rx 53",
                    "/execute at @s[rx=52] run /scoreboard players set @s g.p_rx 52",
                    "/execute at @s[rx=51] run /scoreboard players set @s g.p_rx 51",
                    "/execute at @s[rx=50] run /scoreboard players set @s g.p_rx 50",
                    "/execute at @s[rx=49] run /scoreboard players set @s g.p_rx 49",
                    "/execute at @s[rx=48] run /scoreboard players set @s g.p_rx 48",
                    "/execute at @s[rx=47] run /scoreboard players set @s g.p_rx 47",
                    "/execute at @s[rx=46] run /scoreboard players set @s g.p_rx 46",
                    "/execute at @s[rx=45] run /scoreboard players set @s g.p_rx 45",
                    "/execute at @s[rx=44] run /scoreboard players set @s g.p_rx 44",
                    "/execute at @s[rx=43] run /scoreboard players set @s g.p_rx 43",
                    "/execute at @s[rx=42] run /scoreboard players set @s g.p_rx 42",
                    "/execute at @s[rx=41] run /scoreboard players set @s g.p_rx 41",
                    "/execute at @s[rx=40] run /scoreboard players set @s g.p_rx 40",
                    "/execute at @s[rx=39] run /scoreboard players set @s g.p_rx 39",
                    "/execute at @s[rx=38] run /scoreboard players set @s g.p_rx 38",
                    "/execute at @s[rx=37] run /scoreboard players set @s g.p_rx 37",
                    "/execute at @s[rx=36] run /scoreboard players set @s g.p_rx 36",
                    "/execute at @s[rx=35] run /scoreboard players set @s g.p_rx 35",
                    "/execute at @s[rx=34] run /scoreboard players set @s g.p_rx 34",
                    "/execute at @s[rx=33] run /scoreboard players set @s g.p_rx 33",
                    "/execute at @s[rx=32] run /scoreboard players set @s g.p_rx 32",
                    "/execute at @s[rx=31] run /scoreboard players set @s g.p_rx 31",
                    "/execute at @s[rx=30] run /scoreboard players set @s g.p_rx 30",
                    "/execute at @s[rx=29] run /scoreboard players set @s g.p_rx 29",
                    "/execute at @s[rx=28] run /scoreboard players set @s g.p_rx 28",
                    "/execute at @s[rx=27] run /scoreboard players set @s g.p_rx 27",
                    "/execute at @s[rx=26] run /scoreboard players set @s g.p_rx 26",
                    "/execute at @s[rx=25] run /scoreboard players set @s g.p_rx 25",
                    "/execute at @s[rx=24] run /scoreboard players set @s g.p_rx 24",
                    "/execute at @s[rx=23] run /scoreboard players set @s g.p_rx 23",
                    "/execute at @s[rx=22] run /scoreboard players set @s g.p_rx 22",
                    "/execute at @s[rx=21] run /scoreboard players set @s g.p_rx 21",
                    "/execute at @s[rx=20] run /scoreboard players set @s g.p_rx 20",
                    "/execute at @s[rx=19] run /scoreboard players set @s g.p_rx 19",
                    "/execute at @s[rx=18] run /scoreboard players set @s g.p_rx 18",
                    "/execute at @s[rx=17] run /scoreboard players set @s g.p_rx 17",
                    "/execute at @s[rx=16] run /scoreboard players set @s g.p_rx 16",
                    "/execute at @s[rx=15] run /scoreboard players set @s g.p_rx 15",
                    "/execute at @s[rx=14] run /scoreboard players set @s g.p_rx 14",
                    "/execute at @s[rx=13] run /scoreboard players set @s g.p_rx 13",
                    "/execute at @s[rx=12] run /scoreboard players set @s g.p_rx 12",
                    "/execute at @s[rx=11] run /scoreboard players set @s g.p_rx 11",
                    "/execute at @s[rx=10] run /scoreboard players set @s g.p_rx 10",
                    "/execute at @s[rx=9] run /scoreboard players set @s g.p_rx 9",
                    "/execute at @s[rx=8] run /scoreboard players set @s g.p_rx 8",
                    "/execute at @s[rx=7] run /scoreboard players set @s g.p_rx 7",
                    "/execute at @s[rx=6] run /scoreboard players set @s g.p_rx 6",
                    "/execute at @s[rx=5] run /scoreboard players set @s g.p_rx 5",
                    "/execute at @s[rx=4] run /scoreboard players set @s g.p_rx 4",
                    "/execute at @s[rx=3] run /scoreboard players set @s g.p_rx 3",
                    "/execute at @s[rx=2] run /scoreboard players set @s g.p_rx 2",
                    "/execute at @s[rx=1] run /scoreboard players set @s g.p_rx 1",

                    "/execute at @s[rx=0] run /scoreboard players set @s g.p_rx 0",

                    "/execute at @s[rx=-1] run /scoreboard players set @s g.p_rx -1",
                    "/execute at @s[rx=-2] run /scoreboard players set @s g.p_rx -2",
                    "/execute at @s[rx=-3] run /scoreboard players set @s g.p_rx -3",
                    "/execute at @s[rx=-4] run /scoreboard players set @s g.p_rx -4",
                    "/execute at @s[rx=-5] run /scoreboard players set @s g.p_rx -5",
                    "/execute at @s[rx=-6] run /scoreboard players set @s g.p_rx -6",
                    "/execute at @s[rx=-7] run /scoreboard players set @s g.p_rx -7",
                    "/execute at @s[rx=-8] run /scoreboard players set @s g.p_rx -8",
                    "/execute at @s[rx=-9] run /scoreboard players set @s g.p_rx -9",
                    "/execute at @s[rx=-11] run /scoreboard players set @s g.p_rx -11",
                    "/execute at @s[rx=-12] run /scoreboard players set @s g.p_rx -12",
                    "/execute at @s[rx=-13] run /scoreboard players set @s g.p_rx -13",
                    "/execute at @s[rx=-14] run /scoreboard players set @s g.p_rx -14",
                    "/execute at @s[rx=-15] run /scoreboard players set @s g.p_rx -15",
                    "/execute at @s[rx=-16] run /scoreboard players set @s g.p_rx -16",
                    "/execute at @s[rx=-17] run /scoreboard players set @s g.p_rx -17",
                    "/execute at @s[rx=-18] run /scoreboard players set @s g.p_rx -18",
                    "/execute at @s[rx=-19] run /scoreboard players set @s g.p_rx -19",
                    "/execute at @s[rx=-21] run /scoreboard players set @s g.p_rx -21",
                    "/execute at @s[rx=-22] run /scoreboard players set @s g.p_rx -22",
                    "/execute at @s[rx=-23] run /scoreboard players set @s g.p_rx -23",
                    "/execute at @s[rx=-24] run /scoreboard players set @s g.p_rx -24",
                    "/execute at @s[rx=-25] run /scoreboard players set @s g.p_rx -25",
                    "/execute at @s[rx=-26] run /scoreboard players set @s g.p_rx -26",
                    "/execute at @s[rx=-27] run /scoreboard players set @s g.p_rx -27",
                    "/execute at @s[rx=-28] run /scoreboard players set @s g.p_rx -28",
                    "/execute at @s[rx=-29] run /scoreboard players set @s g.p_rx -29",
                    "/execute at @s[rx=-31] run /scoreboard players set @s g.p_rx -31",
                    "/execute at @s[rx=-32] run /scoreboard players set @s g.p_rx -32",
                    "/execute at @s[rx=-33] run /scoreboard players set @s g.p_rx -33",
                    "/execute at @s[rx=-34] run /scoreboard players set @s g.p_rx -34",
                    "/execute at @s[rx=-35] run /scoreboard players set @s g.p_rx -35",
                    "/execute at @s[rx=-36] run /scoreboard players set @s g.p_rx -36",
                    "/execute at @s[rx=-37] run /scoreboard players set @s g.p_rx -37",
                    "/execute at @s[rx=-38] run /scoreboard players set @s g.p_rx -38",
                    "/execute at @s[rx=-39] run /scoreboard players set @s g.p_rx -39",
                    "/execute at @s[rx=-41] run /scoreboard players set @s g.p_rx -41",
                    "/execute at @s[rx=-42] run /scoreboard players set @s g.p_rx -42",
                    "/execute at @s[rx=-43] run /scoreboard players set @s g.p_rx -43",
                    "/execute at @s[rx=-44] run /scoreboard players set @s g.p_rx -44",
                    "/execute at @s[rx=-45] run /scoreboard players set @s g.p_rx -45",
                    "/execute at @s[rx=-46] run /scoreboard players set @s g.p_rx -46",
                    "/execute at @s[rx=-47] run /scoreboard players set @s g.p_rx -47",
                    "/execute at @s[rx=-48] run /scoreboard players set @s g.p_rx -48",
                    "/execute at @s[rx=-49] run /scoreboard players set @s g.p_rx -49",
                    "/execute at @s[rx=-51] run /scoreboard players set @s g.p_rx -51",
                    "/execute at @s[rx=-52] run /scoreboard players set @s g.p_rx -52",
                    "/execute at @s[rx=-53] run /scoreboard players set @s g.p_rx -53",
                    "/execute at @s[rx=-54] run /scoreboard players set @s g.p_rx -54",
                    "/execute at @s[rx=-55] run /scoreboard players set @s g.p_rx -55",
                    "/execute at @s[rx=-56] run /scoreboard players set @s g.p_rx -56",
                    "/execute at @s[rx=-57] run /scoreboard players set @s g.p_rx -57",
                    "/execute at @s[rx=-58] run /scoreboard players set @s g.p_rx -58",
                    "/execute at @s[rx=-59] run /scoreboard players set @s g.p_rx -59",
                    "/execute at @s[rx=-61] run /scoreboard players set @s g.p_rx -61",
                    "/execute at @s[rx=-62] run /scoreboard players set @s g.p_rx -62",
                    "/execute at @s[rx=-63] run /scoreboard players set @s g.p_rx -63",
                    "/execute at @s[rx=-64] run /scoreboard players set @s g.p_rx -64",
                    "/execute at @s[rx=-65] run /scoreboard players set @s g.p_rx -65",
                    "/execute at @s[rx=-66] run /scoreboard players set @s g.p_rx -66",
                    "/execute at @s[rx=-67] run /scoreboard players set @s g.p_rx -67",
                    "/execute at @s[rx=-68] run /scoreboard players set @s g.p_rx -68",
                    "/execute at @s[rx=-69] run /scoreboard players set @s g.p_rx -69",
                    "/execute at @s[rx=-71] run /scoreboard players set @s g.p_rx -71",
                    "/execute at @s[rx=-72] run /scoreboard players set @s g.p_rx -72",
                    "/execute at @s[rx=-73] run /scoreboard players set @s g.p_rx -73",
                    "/execute at @s[rx=-74] run /scoreboard players set @s g.p_rx -74",
                    "/execute at @s[rx=-75] run /scoreboard players set @s g.p_rx -75",
                    "/execute at @s[rx=-76] run /scoreboard players set @s g.p_rx -76",
                    "/execute at @s[rx=-77] run /scoreboard players set @s g.p_rx -77",
                    "/execute at @s[rx=-78] run /scoreboard players set @s g.p_rx -78",
                    "/execute at @s[rx=-79] run /scoreboard players set @s g.p_rx -79",
                    "/execute at @s[rx=-81] run /scoreboard players set @s g.p_rx -81",
                    "/execute at @s[rx=-82] run /scoreboard players set @s g.p_rx -82",
                    "/execute at @s[rx=-83] run /scoreboard players set @s g.p_rx -83",
                    "/execute at @s[rx=-84] run /scoreboard players set @s g.p_rx -84",
                    "/execute at @s[rx=-85] run /scoreboard players set @s g.p_rx -85",
                    "/execute at @s[rx=-86] run /scoreboard players set @s g.p_rx -86",
                    "/execute at @s[rx=-87] run /scoreboard players set @s g.p_rx -87",
                    "/execute at @s[rx=-88] run /scoreboard players set @s g.p_rx -88",
                    "/execute at @s[rx=-89] run /scoreboard players set @s g.p_rx -89",
                    "/execute at @s[rx=-90] run /scoreboard players set @s g.p_rx -90"
                ]
            }
        },
        "animation.loadisk.ry_sensor": { 
            "animation_length": 0.1,
            "loop": true,
            "timeline": {
                "0.0": [
                    "/execute at @s[ry=90] run /scoreboard players set @s g.p_ry 90",           
                    "/execute at @s[ry=89] run /scoreboard players set @s g.p_ry 89",
                    "/execute at @s[ry=88] run /scoreboard players set @s g.p_ry 88",
                    "/execute at @s[ry=87] run /scoreboard players set @s g.p_ry 87",
                    "/execute at @s[ry=86] run /scoreboard players set @s g.p_ry 86",
                    "/execute at @s[ry=85] run /scoreboard players set @s g.p_ry 85",
                    "/execute at @s[ry=84] run /scoreboard players set @s g.p_ry 84",
                    "/execute at @s[ry=83] run /scoreboard players set @s g.p_ry 83",
                    "/execute at @s[ry=82] run /scoreboard players set @s g.p_ry 82",
                    "/execute at @s[ry=81] run /scoreboard players set @s g.p_ry 81",
                    "/execute at @s[ry=80] run /scoreboard players set @s g.p_ry 80",
                    "/execute at @s[ry=79] run /scoreboard players set @s g.p_ry 79",
                    "/execute at @s[ry=78] run /scoreboard players set @s g.p_ry 78",
                    "/execute at @s[ry=77] run /scoreboard players set @s g.p_ry 77",
                    "/execute at @s[ry=76] run /scoreboard players set @s g.p_ry 76",
                    "/execute at @s[ry=75] run /scoreboard players set @s g.p_ry 75",
                    "/execute at @s[ry=74] run /scoreboard players set @s g.p_ry 74",
                    "/execute at @s[ry=73] run /scoreboard players set @s g.p_ry 73",
                    "/execute at @s[ry=72] run /scoreboard players set @s g.p_ry 72",
                    "/execute at @s[ry=71] run /scoreboard players set @s g.p_ry 71",
                    "/execute at @s[ry=70] run /scoreboard players set @s g.p_ry 70",
                    "/execute at @s[ry=69] run /scoreboard players set @s g.p_ry 69",
                    "/execute at @s[ry=68] run /scoreboard players set @s g.p_ry 68",
                    "/execute at @s[ry=67] run /scoreboard players set @s g.p_ry 67",
                    "/execute at @s[ry=66] run /scoreboard players set @s g.p_ry 66",
                    "/execute at @s[ry=65] run /scoreboard players set @s g.p_ry 65",
                    "/execute at @s[ry=64] run /scoreboard players set @s g.p_ry 64",
                    "/execute at @s[ry=63] run /scoreboard players set @s g.p_ry 63",
                    "/execute at @s[ry=62] run /scoreboard players set @s g.p_ry 62",
                    "/execute at @s[ry=61] run /scoreboard players set @s g.p_ry 61",
                    "/execute at @s[ry=60] run /scoreboard players set @s g.p_ry 60",
                    "/execute at @s[ry=59] run /scoreboard players set @s g.p_ry 59",
                    "/execute at @s[ry=58] run /scoreboard players set @s g.p_ry 58",
                    "/execute at @s[ry=57] run /scoreboard players set @s g.p_ry 57",
                    "/execute at @s[ry=56] run /scoreboard players set @s g.p_ry 56",
                    "/execute at @s[ry=55] run /scoreboard players set @s g.p_ry 55",
                    "/execute at @s[ry=54] run /scoreboard players set @s g.p_ry 54",
                    "/execute at @s[ry=53] run /scoreboard players set @s g.p_ry 53",
                    "/execute at @s[ry=52] run /scoreboard players set @s g.p_ry 52",
                    "/execute at @s[ry=51] run /scoreboard players set @s g.p_ry 51",
                    "/execute at @s[ry=50] run /scoreboard players set @s g.p_ry 50",
                    "/execute at @s[ry=49] run /scoreboard players set @s g.p_ry 49",
                    "/execute at @s[ry=48] run /scoreboard players set @s g.p_ry 48",
                    "/execute at @s[ry=47] run /scoreboard players set @s g.p_ry 47",
                    "/execute at @s[ry=46] run /scoreboard players set @s g.p_ry 46",
                    "/execute at @s[ry=45] run /scoreboard players set @s g.p_ry 45",
                    "/execute at @s[ry=44] run /scoreboard players set @s g.p_ry 44",
                    "/execute at @s[ry=43] run /scoreboard players set @s g.p_ry 43",
                    "/execute at @s[ry=42] run /scoreboard players set @s g.p_ry 42",
                    "/execute at @s[ry=41] run /scoreboard players set @s g.p_ry 41",
                    "/execute at @s[ry=40] run /scoreboard players set @s g.p_ry 40",
                    "/execute at @s[ry=39] run /scoreboard players set @s g.p_ry 39",
                    "/execute at @s[ry=38] run /scoreboard players set @s g.p_ry 38",
                    "/execute at @s[ry=37] run /scoreboard players set @s g.p_ry 37",
                    "/execute at @s[ry=36] run /scoreboard players set @s g.p_ry 36",
                    "/execute at @s[ry=35] run /scoreboard players set @s g.p_ry 35",
                    "/execute at @s[ry=34] run /scoreboard players set @s g.p_ry 34",
                    "/execute at @s[ry=33] run /scoreboard players set @s g.p_ry 33",
                    "/execute at @s[ry=32] run /scoreboard players set @s g.p_ry 32",
                    "/execute at @s[ry=31] run /scoreboard players set @s g.p_ry 31",
                    "/execute at @s[ry=30] run /scoreboard players set @s g.p_ry 30",
                    "/execute at @s[ry=29] run /scoreboard players set @s g.p_ry 29",
                    "/execute at @s[ry=28] run /scoreboard players set @s g.p_ry 28",
                    "/execute at @s[ry=27] run /scoreboard players set @s g.p_ry 27",
                    "/execute at @s[ry=26] run /scoreboard players set @s g.p_ry 26",
                    "/execute at @s[ry=25] run /scoreboard players set @s g.p_ry 25",
                    "/execute at @s[ry=24] run /scoreboard players set @s g.p_ry 24",
                    "/execute at @s[ry=23] run /scoreboard players set @s g.p_ry 23",
                    "/execute at @s[ry=22] run /scoreboard players set @s g.p_ry 22",
                    "/execute at @s[ry=21] run /scoreboard players set @s g.p_ry 21",
                    "/execute at @s[ry=20] run /scoreboard players set @s g.p_ry 20",
                    "/execute at @s[ry=19] run /scoreboard players set @s g.p_ry 19",
                    "/execute at @s[ry=18] run /scoreboard players set @s g.p_ry 18",
                    "/execute at @s[ry=17] run /scoreboard players set @s g.p_ry 17",
                    "/execute at @s[ry=16] run /scoreboard players set @s g.p_ry 16",
                    "/execute at @s[ry=15] run /scoreboard players set @s g.p_ry 15",
                    "/execute at @s[ry=14] run /scoreboard players set @s g.p_ry 14",
                    "/execute at @s[ry=13] run /scoreboard players set @s g.p_ry 13",
                    "/execute at @s[ry=12] run /scoreboard players set @s g.p_ry 12",
                    "/execute at @s[ry=11] run /scoreboard players set @s g.p_ry 11",
                    "/execute at @s[ry=10] run /scoreboard players set @s g.p_ry 10",
                    "/execute at @s[ry=9] run /scoreboard players set @s g.p_ry 9",
                    "/execute at @s[ry=8] run /scoreboard players set @s g.p_ry 8",
                    "/execute at @s[ry=7] run /scoreboard players set @s g.p_ry 7",
                    "/execute at @s[ry=6] run /scoreboard players set @s g.p_ry 6",
                    "/execute at @s[ry=5] run /scoreboard players set @s g.p_ry 5",
                    "/execute at @s[ry=4] run /scoreboard players set @s g.p_ry 4",
                    "/execute at @s[ry=3] run /scoreboard players set @s g.p_ry 3",
                    "/execute at @s[ry=2] run /scoreboard players set @s g.p_ry 2",
                    "/execute at @s[ry=1] run /scoreboard players set @s g.p_ry 1",
        
                    "/execute at @s[ry=0] run /scoreboard players set @s g.p_ry 0",
        
                    "/execute at @s[ry=-1] run /scoreboard players set @s g.p_ry -1",
                    "/execute at @s[ry=-2] run /scoreboard players set @s g.p_ry -2",
                    "/execute at @s[ry=-3] run /scoreboard players set @s g.p_ry -3",
                    "/execute at @s[ry=-4] run /scoreboard players set @s g.p_ry -4",
                    "/execute at @s[ry=-5] run /scoreboard players set @s g.p_ry -5",
                    "/execute at @s[ry=-6] run /scoreboard players set @s g.p_ry -6",
                    "/execute at @s[ry=-7] run /scoreboard players set @s g.p_ry -7",
                    "/execute at @s[ry=-8] run /scoreboard players set @s g.p_ry -8",
                    "/execute at @s[ry=-9] run /scoreboard players set @s g.p_ry -9",
                    "/execute at @s[ry=-11] run /scoreboard players set @s g.p_ry -11",
                    "/execute at @s[ry=-12] run /scoreboard players set @s g.p_ry -12",
                    "/execute at @s[ry=-13] run /scoreboard players set @s g.p_ry -13",
                    "/execute at @s[ry=-14] run /scoreboard players set @s g.p_ry -14",
                    "/execute at @s[ry=-15] run /scoreboard players set @s g.p_ry -15",
                    "/execute at @s[ry=-16] run /scoreboard players set @s g.p_ry -16",
                    "/execute at @s[ry=-17] run /scoreboard players set @s g.p_ry -17",
                    "/execute at @s[ry=-18] run /scoreboard players set @s g.p_ry -18",
                    "/execute at @s[ry=-19] run /scoreboard players set @s g.p_ry -19",
                    "/execute at @s[ry=-21] run /scoreboard players set @s g.p_ry -21",
                    "/execute at @s[ry=-22] run /scoreboard players set @s g.p_ry -22",
                    "/execute at @s[ry=-23] run /scoreboard players set @s g.p_ry -23",
                    "/execute at @s[ry=-24] run /scoreboard players set @s g.p_ry -24",
                    "/execute at @s[ry=-25] run /scoreboard players set @s g.p_ry -25",
                    "/execute at @s[ry=-26] run /scoreboard players set @s g.p_ry -26",
                    "/execute at @s[ry=-27] run /scoreboard players set @s g.p_ry -27",
                    "/execute at @s[ry=-28] run /scoreboard players set @s g.p_ry -28",
                    "/execute at @s[ry=-29] run /scoreboard players set @s g.p_ry -29",
                    "/execute at @s[ry=-31] run /scoreboard players set @s g.p_ry -31",
                    "/execute at @s[ry=-32] run /scoreboard players set @s g.p_ry -32",
                    "/execute at @s[ry=-33] run /scoreboard players set @s g.p_ry -33",
                    "/execute at @s[ry=-34] run /scoreboard players set @s g.p_ry -34",
                    "/execute at @s[ry=-35] run /scoreboard players set @s g.p_ry -35",
                    "/execute at @s[ry=-36] run /scoreboard players set @s g.p_ry -36",
                    "/execute at @s[ry=-37] run /scoreboard players set @s g.p_ry -37",
                    "/execute at @s[ry=-38] run /scoreboard players set @s g.p_ry -38",
                    "/execute at @s[ry=-39] run /scoreboard players set @s g.p_ry -39",
                    "/execute at @s[ry=-41] run /scoreboard players set @s g.p_ry -41",
                    "/execute at @s[ry=-42] run /scoreboard players set @s g.p_ry -42",
                    "/execute at @s[ry=-43] run /scoreboard players set @s g.p_ry -43",
                    "/execute at @s[ry=-44] run /scoreboard players set @s g.p_ry -44",
                    "/execute at @s[ry=-45] run /scoreboard players set @s g.p_ry -45",
                    "/execute at @s[ry=-46] run /scoreboard players set @s g.p_ry -46",
                    "/execute at @s[ry=-47] run /scoreboard players set @s g.p_ry -47",
                    "/execute at @s[ry=-48] run /scoreboard players set @s g.p_ry -48",
                    "/execute at @s[ry=-49] run /scoreboard players set @s g.p_ry -49",
                    "/execute at @s[ry=-51] run /scoreboard players set @s g.p_ry -51",
                    "/execute at @s[ry=-52] run /scoreboard players set @s g.p_ry -52",
                    "/execute at @s[ry=-53] run /scoreboard players set @s g.p_ry -53",
                    "/execute at @s[ry=-54] run /scoreboard players set @s g.p_ry -54",
                    "/execute at @s[ry=-55] run /scoreboard players set @s g.p_ry -55",
                    "/execute at @s[ry=-56] run /scoreboard players set @s g.p_ry -56",
                    "/execute at @s[ry=-57] run /scoreboard players set @s g.p_ry -57",
                    "/execute at @s[ry=-58] run /scoreboard players set @s g.p_ry -58",
                    "/execute at @s[ry=-59] run /scoreboard players set @s g.p_ry -59",
                    "/execute at @s[ry=-61] run /scoreboard players set @s g.p_ry -61",
                    "/execute at @s[ry=-62] run /scoreboard players set @s g.p_ry -62",
                    "/execute at @s[ry=-63] run /scoreboard players set @s g.p_ry -63",
                    "/execute at @s[ry=-64] run /scoreboard players set @s g.p_ry -64",
                    "/execute at @s[ry=-65] run /scoreboard players set @s g.p_ry -65",
                    "/execute at @s[ry=-66] run /scoreboard players set @s g.p_ry -66",
                    "/execute at @s[ry=-67] run /scoreboard players set @s g.p_ry -67",
                    "/execute at @s[ry=-68] run /scoreboard players set @s g.p_ry -68",
                    "/execute at @s[ry=-69] run /scoreboard players set @s g.p_ry -69",
                    "/execute at @s[ry=-71] run /scoreboard players set @s g.p_ry -71",
                    "/execute at @s[ry=-72] run /scoreboard players set @s g.p_ry -72",
                    "/execute at @s[ry=-73] run /scoreboard players set @s g.p_ry -73",
                    "/execute at @s[ry=-74] run /scoreboard players set @s g.p_ry -74",
                    "/execute at @s[ry=-75] run /scoreboard players set @s g.p_ry -75",
                    "/execute at @s[ry=-76] run /scoreboard players set @s g.p_ry -76",
                    "/execute at @s[ry=-77] run /scoreboard players set @s g.p_ry -77",
                    "/execute at @s[ry=-78] run /scoreboard players set @s g.p_ry -78",
                    "/execute at @s[ry=-79] run /scoreboard players set @s g.p_ry -79",
                    "/execute at @s[ry=-81] run /scoreboard players set @s g.p_ry -81",
                    "/execute at @s[ry=-82] run /scoreboard players set @s g.p_ry -82",
                    "/execute at @s[ry=-83] run /scoreboard players set @s g.p_ry -83",
                    "/execute at @s[ry=-84] run /scoreboard players set @s g.p_ry -84",
                    "/execute at @s[ry=-85] run /scoreboard players set @s g.p_ry -85",
                    "/execute at @s[ry=-86] run /scoreboard players set @s g.p_ry -86",
                    "/execute at @s[ry=-87] run /scoreboard players set @s g.p_ry -87",
                    "/execute at @s[ry=-88] run /scoreboard players set @s g.p_ry -88",
                    "/execute at @s[ry=-89] run /scoreboard players set @s g.p_ry -89",
                    "/execute at @s[ry=-90] run /scoreboard players set @s g.p_ry -90"
                ]
            }
        }
    }
}