{
    "format_version": "1.10.0",
    "animations": {
        "animation.loadisk.intro.loop": {
            "animation_length": 81,
            "loop": true,
            "timeline": {
                "0.0": [
                    "/execute at @s[tag=debug.log] run tellraw @a[tag=debug.log] {\"rawtext\":[{\"selector\": \"@s\"},{\"text\":\" §3Music Player: §rIntro\"}]}",
                    "/stopsound @s loadisk.music.ambient_cabin",
                    "/stopsound @s loadisk.music.ambient_drone",
                    "/stopsound @s loadisk.music.ambient_forest",
                    "/stopsound @s loadisk.music.ambient_main",
                    "/stopsound @s loadisk.music.ambient_caves",
                    "/stopsound @s loadisk.music.ambient_underwater",
                    "/playsound loadisk.music.intro @s[tag=!game_active,tag=!no_music] ~ ~ ~ 0.3 1 1"
                ]
            }
        },
        "animation.loadisk.ambient_cabin.loop": {
            "animation_length": 96,
            "loop": true,
            "timeline": {
                "0.0": [
                    "/execute at @s[tag=debug.log] run tellraw @a[tag=debug.log] {\"rawtext\":[{\"selector\": \"@s\"},{\"text\":\" §3Music Player: §rCabin\"}]}",
                    "/stopsound @s loadisk.music.intro",
                    "/stopsound @s loadisk.music.ambient_drone",
                    "/stopsound @s loadisk.music.ambient_forest",
                    "/stopsound @s loadisk.music.ambient_main",
                    "/stopsound @s loadisk.music.ambient_caves",
                    "/stopsound @s loadisk.music.ambient_underwater",
                    "/playsound loadisk.music.ambient_cabin @s[tag=!no_music] ~ ~ ~ 0.3 1 1"
                ]
            }
        },
        "animation.loadisk.ambient_drone.loop": {
            "animation_length": 109,
            "loop": true,
            "timeline": {
                "0.0": [
                    "/execute at @s[tag=debug.log] run tellraw @a[tag=debug.log] {\"rawtext\":[{\"selector\": \"@s\"},{\"text\":\" §3Music Player: §rDrone\"}]}",
                    "/stopsound @s loadisk.music.intro",
                    "/stopsound @s loadisk.music.ambient_cabin",
                    "/stopsound @s loadisk.music.ambient_forest",
                    "/stopsound @s loadisk.music.ambient_main",
                    "/stopsound @s loadisk.music.ambient_caves",
                    "/stopsound @s loadisk.music.ambient_underwater",
                    "/playsound loadisk.music.ambient_drone @s[tag=!no_music] ~ ~ ~ 0.3 1 1"
                ]
            }
        },
        "animation.loadisk.ambient_main_day.loop": {
            "animation_length": 115,
            "loop": true,
            "timeline": {
                "0.0": [
                    "/execute at @s[tag=debug.log] run tellraw @a[tag=debug.log] {\"rawtext\":[{\"selector\": \"@s\"},{\"text\":\" §3Music Player: §rDay\"}]}",
                    "/stopsound @s loadisk.music.intro",
                    "/stopsound @s loadisk.music.ambient_cabin",
                    "/stopsound @s loadisk.music.ambient_drone",
                    "/stopsound @s loadisk.music.ambient_main",
                    "/stopsound @s loadisk.music.ambient_caves",
                    "/stopsound @s loadisk.music.ambient_underwater",
                    "/playsound loadisk.music.ambient_forest @s[tag=!no_music] ~ ~ ~ 0.4 1 1"
                ]
            }
        },
        "animation.loadisk.ambient_main_night.loop": {
            "animation_length": 116,
            "loop": true,
            "timeline": {
                "0.0": [
                    "/execute at @s[tag=debug.log] run tellraw @a[tag=debug.log] {\"rawtext\":[{\"selector\": \"@s\"},{\"text\":\" §3Music Player: §rNight\"}]}",
                    "/stopsound @s loadisk.music.intro",
                    "/stopsound @s loadisk.music.ambient_cabin",
                    "/stopsound @s loadisk.music.ambient_drone",
                    "/stopsound @s loadisk.music.ambient_forest",
                    "/stopsound @s loadisk.music.ambient_caves",
                    "/stopsound @s loadisk.music.ambient_underwater",
                    "/playsound loadisk.music.ambient_main @s[tag=!no_music] ~ ~ ~ 0.3 1 1"
                ]
            }
        },
        "animation.loadisk.ambient_cave.loop": {
            "animation_length": 120,
            "loop": true,
            "timeline": {
                "0.0": [
                    "/execute at @s[tag=debug.log] run tellraw @a[tag=debug.log] {\"rawtext\":[{\"selector\": \"@s\"},{\"text\":\" §3Music Player: §rCave\"}]}",
                    "/stopsound @s loadisk.music.intro",
                    "/stopsound @s loadisk.music.ambient_cabin",
                    "/stopsound @s loadisk.music.ambient_drone",
                    "/stopsound @s loadisk.music.ambient_forest",
                    "/stopsound @s loadisk.music.ambient_main",
                    "/stopsound @s loadisk.music.ambient_underwater",
                    "/playsound loadisk.music.ambient_caves @s[tag=!no_music] ~ ~ ~ 0.5 1 1"
                ]
            }
        },
        "animation.loadisk.ambient_underwater.loop": {
            "animation_length": 120,
            "loop": true,
            "timeline": {
                "0.0": [
                    "/execute at @s[tag=debug.log] run tellraw @a[tag=debug.log] {\"rawtext\":[{\"selector\": \"@s\"},{\"text\":\" §3Music Player: §rUnder Water\"}]}",
                    "/stopsound @s loadisk.music.intro",
                    "/stopsound @s loadisk.music.ambient_cabin",
                    "/stopsound @s loadisk.music.ambient_drone",
                    "/stopsound @s loadisk.music.ambient_forest",
                    "/stopsound @s loadisk.music.ambient_main",
                    "/stopsound @s loadisk.music.ambient_caves",
                    "/playsound loadisk.music.ambient_underwater @s[tag=!no_music] ~ ~ ~ 0.5 1 1"
                ]
            }
        },
        "animation.loadisk.ambient_shore.loop": {
            "animation_length": 120,
            "loop": true,
            "timeline": {
                "0.0": [
                    "/execute at @s[tag=debug.log] run tellraw @a[tag=debug.log] {\"rawtext\":[{\"selector\": \"@s\"},{\"text\":\" §3Music Player: §rShore\"}]}",
                    "/playsound loadisk.music.ambient_shore @s[tag=!no_music] ~ ~ ~ 0.8 1 1"
                ]
            }
        }
    }
}