{
    "format_version": "1.10.0",
    "animations": {
        "animation.null": {
            "animation_length": 0.0,"loop": false,
            "timeline": {"0.0": ["/tag @s[tag=null] add null"]
            }
        },
        "animation.loadisk.clock.1s": {
            "animation_length": 1.0,"loop": true,
            "timeline": {
                "0.0": "/scoreboard players set @e[type=loadisk:ram] c.1s 0",
                "0.9": ["/function root/system/logic/clock.1s","/scoreboard players set @e[type=loadisk:ram] c.1s 1"]
            }
        },
        "animation.loadisk.clock.10s": {
            "animation_length": 10.0,"loop": true,
            "timeline": {
                "0.0": "/scoreboard players set @e[type=loadisk:ram] c.10s 0",
                "9.9": ["/function root/system/logic/clock.10s","/scoreboard players set @e[type=loadisk:ram] c.10s 1"]
            }
        },
        "animation.loadisk.clock.m": {
            "animation_length": 60.0,"loop": true,
            "timeline": {
                "0.0": "/scoreboard players set @e[type=loadisk:ram] c.1m 0",
                "59.9": ["/function root/system/logic/clock.m","/scoreboard players set @e[type=loadisk:ram] c.1m 1"]
            }
        }
    }
}