{
	"format_version": "1.16.0",
	"minecraft:entity": {
		"description": {
			"identifier": "loadisk:branch",
			"is_spawnable": true,
			"is_summonable": true,
			"is_experimental": false
		},
		"component_groups": {
			"loadisk:pickup": {
				"minecraft:is_sheared":{},
				"minecraft:transformation": {
				"delay": {"value": 0.1},"transformation_sound": "pop",
				"into": "minecraft:area_effect_cloud"},
				"minecraft:spawn_entity": {"entities": {"spawn_item": "loadisk:branch",
				"min_wait_time": 0,"max_wait_time": 0,"spawn_sound": "plop"}}
			},
			"loadisk:despawn": {"minecraft:despawn": {"despawn_from_distance": {"min_distance": 16,"max_distance": 32}}}
		},
		"components": {
            "minecraft:interact": {
                "interactions": [
                    {
                        "use_item": false,"hurt_item": 0,"play_sounds": "pop",
                        "interact_text": "action.interact.loadisk.pickup",
                        "on_interact": {
                            "filters": {"all_of": [{"test": "is_family","subject": "other","value": "player"}]},
                            "event": "loadisk:pickup_event","target": "self"
                        }
                    }
                ]
            },
			"minecraft:on_hurt_by_player": {"event": "loadisk:pickup_event","target": "self"},
			"minecraft:health": {"value": 999,"max": 999},
			"minecraft:damage_sensor": {"triggers": {"on_damage": {"filters": 
			{"test": "is_family","subject": "other","operator": "!=","value": "player"}},"deals_damage": false}},
			"minecraft:persistent": {},
            "minecraft:type_family": {"family": ["resource","branch","no_effect", "object"]},
			"minecraft:collision_box": {"width": 0.5,"height": 0.5},
			"minecraft:physics": {},
			"minecraft:pushable": {"is_pushable": false,"is_pushable_by_piston": true},
			"minecraft:fire_immune": true,
			"minecraft:conditional_bandwidth_optimization": {}
		},
		"events":{
			"loadisk:pickup_event":{"add":{"component_groups":["loadisk:pickup"]}},
			"loadisk:remove.despawn_event":{"remove":{"component_groups":["loadisk:despawn"]}}
		}
	}
}