{
	"format_version": "1.18.0",
	"minecraft:entity": {
		"description": {
			"identifier": "loadisk:bush",
			"is_spawnable": true,
			"is_summonable": true,
			"is_experimental": false,
			"scripts": {"animate": ["handler","bush"]},
			"animations": {
				"handler": "controller.animation.loadisk.resource.handler",
				"bush": "controller.animation.loadisk.bush.handler"
			}
		},
		"component_groups":{
			"loadisk:hurt":{
				"minecraft:is_sheared":{},
				"minecraft:timer": {"time": 0.2,"looping": false,"time_down_event": {"event": "loadisk:kill.hurt_event","target": "self"}}
			},
			"loadisk:despawn": {"minecraft:despawn": {"despawn_from_distance": {"min_distance": 16,"max_distance": 32}}},
			"loadisk:loot": {"minecraft:is_sheared":{}},
			"loadisk:stage00": {
				"minecraft:skin_id":{"value":0},
				"minecraft:timer": {"time": 120,"looping": false,"time_down_event": {"event": "loadisk:stage01_event","target": "self"}}
			},
			"loadisk:stage01": {
				"minecraft:skin_id":{"value":1},
				"minecraft:timer": {"time": 60,"looping": false,"time_down_event": {"event": "loadisk:stage02_event","target": "self"}}
			},
			"loadisk:stage02": {
				"minecraft:skin_id":{"value":2},
				"minecraft:timer": {"time": 30,"looping": false,"time_down_event": {"event": "loadisk:stage03_event","target": "self"}}
			},
			"loadisk:stage03": {
				"minecraft:skin_id":{"value":3}
			},
			"loadisk:pickup": {
				"minecraft:is_sheared":{},
				"minecraft:transformation": {
				"delay": {"value": 0.1},"transformation_sound": "pop",
				"into": "minecraft:area_effect_cloud"},
				"minecraft:spawn_entity": {"entities": {"spawn_item": "loadisk:bush_spawn_egg",
				"min_wait_time": 0,"max_wait_time": 0,"spawn_sound": "plop"}}
			}
		},
		"components": {
			"minecraft:knockback_resistance": {"value": 100,"max": 100},
			"minecraft:health": {"value": 10,"max": 10},
			"minecraft:persistent": {},
			"minecraft:type_family": {"family": ["resource","bush","no_effect", "object"]},
			"minecraft:collision_box": {"width": 0.5,"height": 0.7},
			"minecraft:physics": {"has_gravity": true,"has_collision": true},
			"minecraft:pushable": {"is_pushable": false,"is_pushable_by_piston": false},
			"minecraft:fire_immune": true,
			"minecraft:damage_sensor": {
				"triggers": [
					{
						"on_damage": {
							"filters": {
								"all_of": [
									{"test": "is_family","subject": "other","value": "player"},
									{
										"any_of": [
											{"test": "has_equipment","domain": "hand","subject": "other","operator": "==","value": "wooden_sword"},
											{"test": "has_equipment","domain": "hand","subject": "other","operator": "==","value": "stone_sword"},
											{"test": "has_equipment","domain": "hand","subject": "other","operator": "==","value": "iron_sword"},
											{"test": "has_equipment","domain": "hand","subject": "other","operator": "==","value": "diamond_sword"},
											{"test": "has_equipment","domain": "hand","subject": "other","operator": "==","value": "netherite_sword"},
											{"test": "has_equipment","domain": "hand","subject": "other","operator": "==","value": "wooden_shovel"},
											{"test": "has_equipment","domain": "hand","subject": "other","operator": "==","value": "stone_shovel"},
											{"test": "has_equipment","domain": "hand","subject": "other","operator": "==","value": "iron_shovel"},
											{"test": "has_equipment","domain": "hand","subject": "other","operator": "==","value": "diamond_shovel"},
											{"test": "has_equipment","domain": "hand","subject": "other","operator": "==","value": "netherite_shovel"}
										]
									}
								]
							}
						},
						"deals_damage": true
					},
					{"cause": "all","deals_damage": false}
				]
			},
			"minecraft:on_hurt_by_player": {"event": "loadisk:on_hurt_event","target": "self"},
			"minecraft:interact": {
			  "interactions": [
				  	{
						"use_item": false,"hurt_item": 0,"play_sounds": "pop",
						"interact_text": "action.interact.loadisk.loot",
						"on_interact": {
						  "filters": {
							"all_of": [
							  {"test": "is_family","subject": "other","value": "player"},
							  {
								"any_of": [
									{"test": "has_equipment","domain": "hand","subject": "other","operator": "==","value": "wooden_shovel"},
									{"test": "has_equipment","domain": "hand","subject": "other","operator": "==","value": "stone_shovel"},
									{"test": "has_equipment","domain": "hand","subject": "other","operator": "==","value": "iron_shovel"},
									{"test": "has_equipment","domain": "hand","subject": "other","operator": "==","value": "diamond_shovel"},
									{"test": "has_equipment","domain": "hand","subject": "other","operator": "==","value": "netherite_shovel"}
								  ]
							  }
							]
						  },
						  "event": "loadisk:pickup_event",
						  "target": "self"
						}
				  	},
					  {
						"use_item": false,"hurt_item": 0,"play_sounds": "pop",
						"interact_text": "action.interact.loadisk.loot",
						"on_interact": {
						  "filters": {
							"all_of": [
							  {"test": "is_family","subject": "other","value": "player"},
							  {"test": "is_skin_id","subject": "self","operator": ">","value": 1},
							  {"test": "has_equipment","domain": "hand","subject": "other","operator": "!=","value": "wooden_shovel"},
							  {"test": "has_equipment","domain": "hand","subject": "other","operator": "!=","value": "stone_shovel"},
							  {"test": "has_equipment","domain": "hand","subject": "other","operator": "!=","value": "iron_shovel"},
							  {"test": "has_equipment","domain": "hand","subject": "other","operator": "!=","value": "diamond_shovel"},
							  {"test": "has_equipment","domain": "hand","subject": "other","operator": "!=","value": "netherite_shovel"}
							]
						  },
						  "event": "loadisk:loot_event",
						  "target": "self"
						}
				  	}
			  ]
			},
			"minecraft:conditional_bandwidth_optimization": {}
		},
		"events":{
			"minecraft:entity_spawned":{"add":{"component_groups":["loadisk:stage03"]}},
			"loadisk:on_hurt_event":{"add":{"component_groups":["loadisk:hurt"]}},
			"loadisk:kill.hurt_event":{"remove":{"component_groups":["loadisk:hurt"]}},
			"loadisk:remove.despawn_event":{"remove":{"component_groups":["loadisk:despawn"]}},
			"loadisk:loot_event":{"add":{"component_groups":["loadisk:loot"]}},
			"loadisk:kill.loot_event":{"remove":{"component_groups":["loadisk:loot"]}},
			"loadisk:stage00_event": {
				"add": {"component_groups": ["loadisk:stage00"]},
				"remove": {"component_groups": ["loadisk:stage01","loadisk:stage02","loadisk:stage03"]}
			},
			"loadisk:stage01_event": {
				"add": {"component_groups": ["loadisk:stage01"]},
				"remove": {"component_groups": ["loadisk:stage00","loadisk:stage02","loadisk:stage03"]}
			},
			"loadisk:stage02_event": {
				"add": {"component_groups": ["loadisk:stage02"]},
				"remove": {"component_groups": ["loadisk:stage01","loadisk:stage00","loadisk:stage03"]}
			},
			"loadisk:stage03_event": {
				"add": {"component_groups": ["loadisk:stage03"]},
				"remove": {"component_groups": ["loadisk:stage01","loadisk:stage02","loadisk:stage00"]}
			},
			"loadisk:pickup_event":{"add":{"component_groups":["loadisk:pickup"]}}
		}
	}
}