{
	"format_version": "1.18.0",
	"minecraft:entity": {
		"description": {
			"identifier": "loadisk:campfire",
			"is_spawnable": true,
			"is_summonable": true,
			"is_experimental": false,
      "scripts": {
        "animate": [
          "root",
          "exposed.c",
          {"flipbook":"q.variant != 2"},
          {"smoke_puff":"q.variant != 2"},
          {"crackle":"q.variant != 2"},
          {"init":"q.is_saddled"}
        ]
      },
      "animations": {
        "root": "controller.animation.loadisk.campfire.root",
        "exposed.c": "controller.animation.loadisk.campfire.exposed",
        "init": "animation.loadisk.campfire.init",
        "flipbook":"animation.loadisk.flipbook",
        "smoke_puff": "animation.loadisk.smoke_puff",
        "crackle": "animation.loadisk.crackle",
        "burn": "animation.loadisk.burn",
        "exposed": "animation.loadisk.exposed"
      }
		},
		"component_groups": {
      "loadisk:init":{
        "minecraft:is_saddled":{},
        "minecraft:timer": {"time": 0.1,"looping": false,"time_down_event": {"event": "loadisk:close_init_event","target": "self"}}
      },
      "loadisk:exposed":{"minecraft:is_baby":{}},
      "loadisk:frame00":{"minecraft:skin_id":{"value": 0}},
      "loadisk:frame01":{"minecraft:skin_id":{"value": 1}},
      "loadisk:frame02":{"minecraft:skin_id":{"value": 2}},
      "loadisk:frame03":{"minecraft:skin_id":{"value": 3}},
      "loadisk:frame04":{"minecraft:skin_id":{"value": 4}},
      "loadisk:frame05":{"minecraft:skin_id":{"value": 5}},
      "loadisk:frame06":{"minecraft:skin_id":{"value": 6}},
      "loadisk:frame07":{"minecraft:skin_id":{"value": 7}},
      "loadisk:flame.default":{
        "minecraft:mark_variant":{"value": 0},
        "minecraft:variant":{"value": 0}
      },
      "loadisk:flame.green":{
        "minecraft:mark_variant":{"value": 1},
        "minecraft:variant":{"value": 1},
        "minecraft:timer": {"time": 1,"looping": false,"time_down_event": {"event": "loadisk:frame.default_event","target": "self"}}
      },
      "loadisk:flame.blue":{//Cabin
        "minecraft:mark_variant":{"value": 2},
        "minecraft:variant":{"value": 1},
        "minecraft:timer": {"time": 1,"looping": false,"time_down_event": {"event": "loadisk:frame.default_event","target": "self"}}
      },
      "loadisk:flame.red":{
        "minecraft:mark_variant":{"value": 3},
        "minecraft:variant":{"value": 1},
        "minecraft:timer": {"time": 1,"looping": false,"time_down_event": {"event": "loadisk:frame.default_event","target": "self"}}
      },
      "loadisk:fuel.kindle":{
        "minecraft:is_sheared":{},
        "minecraft:variant":{"value": 1},
        "minecraft:timer": {"time": 1,"looping": false,"time_down_event": {"event": "loadisk:frame.default_event","target": "self"}}
      },
      "loadisk:fuel.branch":{
        "minecraft:is_stunned":{},
        "minecraft:variant":{"value": 1},
        "minecraft:timer": {"time": 1,"looping": false,"time_down_event": {"event": "loadisk:frame.default_event","target": "self"}}
      },
      "loadisk:fuel.log":{
        "minecraft:is_tamed":{},
        "minecraft:variant":{"value": 1},
        "minecraft:timer": {"time": 1,"looping": false,"time_down_event": {"event": "loadisk:frame.default_event","target": "self"}}
      },
      "loadisk:flame_die":{"minecraft:variant":{"value": 2}}
		},
		"components": {
      "minecraft:interact": {
        "interactions": [
          {
            "on_interact": {
              "filters": {
                "all_of": [
                  {"test":"is_family","subject":"other","value":"player"},
                  { "test": "has_equipment", "domain": "hand", "subject": "other", "value": "stick"},
                  { "test": "is_variant", "subject": "self", "operator": "==", "value": 0}
                ]
              },
              "event": "loadisk:fuel.kindle_event",
              "target": "self"
            },
            "use_item": true,
            "interact_text": "action.interact.campfire"
          },
          {
            "on_interact": {
              "filters": {
                "all_of": [
                  {"test":"is_family","subject":"other","value":"player"},
                  { "test": "has_equipment", "domain": "hand", "subject": "other", "value": "loadisk:branch"},
                  { "test": "is_variant", "subject": "self", "operator": "==", "value": 0}
                ]
              },
              "event": "loadisk:fuel.branch_event",
              "target": "self"
            },
            "use_item": true,
            "interact_text": "action.interact.campfire"
          },
          {
            "on_interact": {
              "filters": {
                "all_of": [
                  {"test":"is_family","subject":"other","value":"player"},
                  { "test": "has_equipment", "domain": "hand", "subject": "other", "value": "log"},
                  { "test": "is_variant", "subject": "self", "operator": "==", "value": 0}
                ]
              },
              "event": "loadisk:fuel.log_event",
              "target": "self"
            },
            "use_item": true,
            "interact_text": "action.interact.campfire"
          },
          {
            "on_interact": {
              "filters": {
                "all_of": [
                  {"test":"is_family","subject":"other","value":"player"},
                  { "test": "has_equipment", "domain": "hand", "subject": "other", "value": "loadisk:medallion"},
                  { "test": "is_variant", "subject": "self", "operator": "==", "value": 0}
                ]
              },
              "event": "loadisk:frame.green_event",
              "target": "self"
            },
            "use_item": true,
            "interact_text": "action.interact.campfire_co"
          },
          {
            "on_interact": {
              "filters": {
                "all_of": [
                  {"test":"is_family","subject":"other","value":"player"},
                  {"test": "is_variant", "subject": "self", "operator": "==", "value": 0},
                  {
                    "any_of": [
                      {"test": "has_equipment", "domain": "hand", "subject": "other", "value": "loadisk:cursed_doll"},
                      {"test": "has_equipment", "domain": "hand", "subject": "other", "value": "loadisk:doll"}
                    ]
                  }
                ]
              },
              "event": "loadisk:frame.blue_event",
              "target": "self"
            },
            "use_item": true,
            "interact_text": "action.interact.campfire_co"
          },
          {
            "on_interact": {
              "filters": {
                "all_of": [
                  {"test":"is_family","subject":"other","value":"player"},
                  { "test": "has_equipment", "domain": "hand", "subject": "other", "value": "loadisk:liris_mask"},
                  { "test": "is_variant", "subject": "self", "operator": "==", "value": 0}
                ]
              },
              "event": "loadisk:frame.red_event",
              "target": "self"
            },
            "use_item": true,
            "interact_text": "action.interact.campfire_co"
          }
        ]
      },
      "minecraft:environment_sensor": {
				"triggers": [
				{"filters": {"all_of": [{"test": "in_water_or_rain","operator": "==","value": true}]},"event": "loadisk:exposed_event"},
				{"filters": {"all_of": [{"test": "in_water_or_rain","operator": "==","value": false}]},"event": "loadisk:kill.exposed_event"}
			  ]
			},
			"minecraft:persistent": {},
			"minecraft:type_family": {"family": ["campfire","no_effect", "object","light_source"]},
      "minecraft:knockback_resistance": {"value": 100},
      "minecraft:collision_box": {"width": 0.8,"height": 0.8},
			"minecraft:physics": {"has_gravity": true,"has_collision": true},
			"minecraft:pushable": {"is_pushable": false,"is_pushable_by_piston": false},
			"minecraft:fire_immune": true,
      "minecraft:damage_sensor": {"triggers": {"cause": "all","deals_damage": false}}
		},
		"events":{
      "minecraft:entity_spawned": {"add": {"component_groups": ["loadisk:init","loadisk:frame00","loadisk:flame.default"]}},
      "loadisk:close_init_event": {"remove": {"component_groups": ["loadisk:init"]}},
      "loadisk:frame00_event": {
        "remove": {"component_groups": ["loadisk:frame01","loadisk:frame02","loadisk:frame03","loadisk:frame04","loadisk:frame05","loadisk:frame06","loadisk:frame07"]},
        "add": {"component_groups": ["loadisk:frame00"]}
      },
      "loadisk:frame01_event": {
        "remove": {"component_groups": ["loadisk:frame00","loadisk:frame02","loadisk:frame03","loadisk:frame04","loadisk:frame05","loadisk:frame06","loadisk:frame07"]},
        "add": {"component_groups": ["loadisk:frame01"]}
      },
      "loadisk:frame02_event": {
        "remove": {"component_groups": ["loadisk:frame00","loadisk:frame01","loadisk:frame03","loadisk:frame04","loadisk:frame05","loadisk:frame06","loadisk:frame07"]},
        "add": {"component_groups": ["loadisk:frame02"]}
      },
      "loadisk:frame03_event": {
        "remove": {"component_groups": ["loadisk:frame00","loadisk:frame01","loadisk:frame02","loadisk:frame04","loadisk:frame05","loadisk:frame06","loadisk:frame07"]},
        "add": {"component_groups": ["loadisk:frame03"]}
      },
      "loadisk:frame04_event": {
        "remove": {"component_groups": ["loadisk:frame00","loadisk:frame01","loadisk:frame02","loadisk:frame03","loadisk:frame05","loadisk:frame06","loadisk:frame07"]},
        "add": {"component_groups": ["loadisk:frame04"]}
      },
      "loadisk:frame05_event": {
        "remove": {"component_groups": ["loadisk:frame00","loadisk:frame01","loadisk:frame02","loadisk:frame03","loadisk:frame04","loadisk:frame06","loadisk:frame07"]},
        "add": {"component_groups": ["loadisk:frame05"]}
      },
      "loadisk:frame06_event": {
        "remove": {"component_groups": ["loadisk:frame00","loadisk:frame01","loadisk:frame02","loadisk:frame03","loadisk:frame04","loadisk:frame05","loadisk:frame07"]},
        "add": {"component_groups": ["loadisk:frame06"]}
      },
      "loadisk:frame07_event": {
        "remove": {"component_groups": ["loadisk:frame00","loadisk:frame01","loadisk:frame02","loadisk:frame03","loadisk:frame04","loadisk:frame05","loadisk:frame06"]},
        "add": {"component_groups": ["loadisk:frame07"]}
      },
      "loadisk:frame.default_event": {
        "remove": {"component_groups": ["loadisk:flame.green","loadisk:flame.blue","loadisk:flame.red","loadisk:fuel.kindle","loadisk:fuel.branch","loadisk:fuel.log"]},
        "add": {"component_groups": ["loadisk:flame.default"]}
      },
      "loadisk:frame.green_event": {
        "remove": {"component_groups": ["loadisk:flame.default","loadisk:flame.blue","loadisk:flame.red"]},
        "add": {"component_groups": ["loadisk:flame.green"]}
      },
      "loadisk:frame.blue_event": {
        "remove": {"component_groups": ["loadisk:flame.default","loadisk:flame.green","loadisk:flame.red"]},
        "add": {"component_groups": ["loadisk:flame.blue"]}
      },
      "loadisk:frame.red_event": {
        "remove": {"component_groups": ["loadisk:flame.default","loadisk:flame.green","loadisk:flame.blue"]},
        "add": {"component_groups": ["loadisk:flame.red"]}
      },
      "loadisk:exposed_event": {"add": {"component_groups": ["loadisk:exposed"]}},
      "loadisk:kill.exposed_event": {"remove": {"component_groups": ["loadisk:exposed"]}},
      "loadisk:fuel.kindle_event": {"add": {"component_groups": ["loadisk:fuel.kindle"]}},
      "loadisk:fuel.branch_event": {"add": {"component_groups": ["loadisk:fuel.branch"]}},
      "loadisk:fuel.log_event": {"add": {"component_groups": ["loadisk:fuel.log"]}},
      "loadisk:flame_die_event": {
        "remove":{"component_groups":["loadisk:flame.default"]},
        "add": {"component_groups": ["loadisk:flame_die"]}
      },
      "loadisk:kill.cook_event": {"remove": {"component_groups": ["loadisk:cook.prokchop"]}},
      "loadisk:cook.prokchop_event": {"add": {"component_groups": ["loadisk:cook.prokchop"]}}
		}
	}
}