{
	"format_version": "1.18.0",
	"minecraft:entity": {
		"description": {
			"identifier": "loadisk:chest",
			"is_spawnable": true,
			"is_summonable": true,
			"is_experimental": false,
			"scripts": {"animate": ["handler"]},
			"animations": {"handler": "controller.animation.loadisk.resource.handler"}
		},
		"component_groups":{
            "loadisk:player_chest":{ "variant": 1},
            "loadisk:nonplayer_chest":{ "variant": 2},
			"loadisk:hurt":{
				"minecraft:is_sheared":{},
				"minecraft:timer": {"time": 0.2,"looping": false,"time_down_event": {"event": "loadisk:kill.hurt_event","target": "self"}}
			}
		},
		"components": {
            "minecraft:health": {"value": 10,"max": 10},
			"minecraft:loot": {"table": "loot_tables/chest.json"},
			"minecraft:knockback_resistance": {"value": 100,"max": 100},
			"minecraft:persistent": {},
			"minecraft:type_family": {"family": ["utility","chest","no_effect", "object"]},
			"minecraft:collision_box": {"width": 0.5,"height": 0.8},
			"minecraft:physics": {"has_gravity": true,"has_collision": true},
			"minecraft:pushable": {"is_pushable": false,"is_pushable_by_piston": false},
			"minecraft:fire_immune": true,
			"minecraft:damage_sensor": {
				"triggers": [
					{
						"on_damage": {
							"filters": {
								"all_of": [
									{"test": "is_family","subject": "other","value": "player"},
									{
										"any_of": [
											{"test": "has_equipment","domain": "hand","subject": "other","operator": "==","value": "wooden_axe"},
											{"test": "has_equipment","domain": "hand","subject": "other","operator": "==","value": "stone_axe"},
											{"test": "has_equipment","domain": "hand","subject": "other","operator": "==","value": "iron_axe"},
											{"test": "has_equipment","domain": "hand","subject": "other","operator": "==","value": "diamond_axe"},
											{"test": "has_equipment","domain": "hand","subject": "other","operator": "==","value": "netherite_axe"}
										]
									}
								]
							}
						},
						"deals_damage": true
					},
					{"cause": "all","deals_damage": false}
				]
			},
			"minecraft:on_hurt_by_player": {"event": "loadisk:on_hurt_event","target": "self"},
			"minecraft:conditional_bandwidth_optimization": {}
		},
		"events":{
            "minecraft:entity_spawn":{"add":{"component_groups":["loadisk:player_chest"]}},
			"loadisk:on_hurt_event":{"add":{"component_groups":["loadisk:hurt"]}},
			"loadisk:kill.hurt_event":{"remove":{"component_groups":["loadisk:hurt"]}},
            "loadisk:player_chest":{"add":{"component_groups":["loadisk:player_chest"]}},
			"loadisk:nonplayer_chest":{"add":{"component_groups":["loadisk:player_chest"]}},
			"loadisk:remove.despawn_event":{"remove":{"component_groups":["loadisk:despawn"]}}
		}
	}
}