{
	"format_version": "1.18.0",
	"minecraft:entity": {
		"description": {
			"identifier": "loadisk:trapdoor",
			"is_spawnable": false,"is_summonable": true,"is_experimental": false,
			"scripts": {"animate": ["root"]},
			"animations": {"root": "controller.animation.loadisk.trapdoor.handler"}
		},
		"component_groups": {
			"loadisk:despawn": {"minecraft:instant_despawn": {}},
			"loadisk:locked": {"minecraft:is_sheared": {}},
			"loadisk:shake": {
				"minecraft:is_stunned": {},
				"minecraft:timer": {"time": 1.5,"looping": false,"time_down_event": {"event": "loadisk:kill.shake_event","target": "self"}}
			}
		},
		"components": {
			"minecraft:health": {"value": 0.5,"max": 0.5},
			"minecraft:collision_box": {"width": 0.8,"height": 2.0},
			"minecraft:physics": {"has_gravity": false,"has_collision": false},
			"minecraft:pushable": {"is_pushable": false,"is_pushable_by_piston": false},
			"minecraft:type_family": {"family": ["trapdoor","no_effect","object"]},
			"minecraft:damage_sensor": {"triggers": {"cause": "all","deals_damage": false}},
			"minecraft:interact": {
                "interactions": [
                    {
                        "use_item": true,"hurt_item": 0,"interact_text": "action.interact.loadisk.unlock_trapdoor",
                        "on_interact": {
							"filters": {
								"all_of": [
									{"test": "is_family","subject": "other","value": "player"},
									{"test": "has_component","subject": "self","operator": "==","value": "minecraft:is_sheared"},
									{"test": "has_equipment","domain": "hand","subject": "other","operator": "==","value": "loadisk:cabin_key2"}
								]
							},
                            "event": "loadisk:unlock_event","target": "self"
                        }
                    },
					{
                        "use_item": false,"hurt_item": 0,"interact_text": "action.interact.loadisk.unlock_trapdoor",
                        "on_interact": {
							"filters": {
								"all_of": [
									{"test": "is_family","subject": "other","value": "player"},
									{"test": "has_component","subject": "self","operator": "==","value": "minecraft:is_sheared"},
									{"test": "has_equipment","domain": "hand","subject": "other","operator": "!=","value": "loadisk:cabin_key2"}
								]
							},
                            "event": "loadisk:shake_event","target": "self"
                        }
                    }
                ]
            }
		},
		"events": {
			"minecraft:entity_spawned": {"add": {"component_groups": ["loadisk:locked"]}},
			"loadisk:despawn_event": {"add": {"component_groups": ["loadisk:despawn"]}},
			"loadisk:unlock_event": {"remove": {"component_groups": ["loadisk:locked"]}},
			"loadisk:shake_event": {"add": {"component_groups": ["loadisk:shake"]}},
			"loadisk:kill.shake_event": {"remove": {"component_groups": ["loadisk:shake"]}},
			"loadisk:reset_event": {"add": {"component_groups": ["loadisk:locked"]}}
		}
	}
}