{
	"format_version": "1.18.0",
	"minecraft:entity": {
		"description": {
			"identifier": "loadisk:humanoid",
			"is_spawnable": false,"is_summonable": true,"is_experimental": false,
			"scripts": {"animate": [{"state_switcher":"q.variant == 2"}]},
			"animations": {"state_switcher": "animation.sarah.state_switcher"}
		},
		"component_groups": {
			"loadisk:despawn": {"minecraft:instant_despawn": {}},
			"loadisk:is_male": {"minecraft:variant": {"value": 0}},
			"loadisk:is_female": {"minecraft:variant": {"value": 1}},
			"loadisk:is_sarah": {"minecraft:variant": {"value": 2}},
			"loadisk:is_sarah.hold_state": {"minecraft:is_sheared": {}},
			"loadisk:is_deadbody0": {"minecraft:variant": {"value": 3}},
			"loadisk:is_deadbody1": {"minecraft:variant": {"value": 4}},
			"loadisk:is_deadbody2": {"minecraft:variant": {"value": 5}},
			"loadisk:is_deadbody3": {"minecraft:variant": {"value": 6}},
			"loadisk:loot.cabin_key":{
				"minecraft:is_stunned": {},
			  	"minecraft:timer": {"time": 0.0,"looping": false,"time_down_event": {"event": "loadisk:kill.loot_event","target": "self"}},
				"minecraft:spawn_entity": {"entities": {"min_wait_time": 0.0,"max_wait_time": 0.0,"spawn_item": "loadisk:cabin_key"}}
			},
			"loadisk:can_despawn": {
				"minecraft:timer": {"time": 30.0,"looping": true,"time_down_event": {"event": "loadisk:despawn_event","target": "self"}}
			}
		},
		"components": {
			"minecraft:health": {"value": 0.5,"max": 0.5},
			"minecraft:collision_box": {"width": 0.5,"height": 0.5},
			"minecraft:physics": {"has_gravity": false,"has_collision": false},
			"minecraft:pushable": {"is_pushable": false,"is_pushable_by_piston": false},
			"minecraft:type_family": {"family": ["ram","no_effect","system"]},
			"minecraft:damage_sensor": {"triggers": {"cause": "all","deals_damage": false}},
			"minecraft:interact": {
				"interactions": [
					{
					  "use_item": false,"hurt_item": 0,"play_sounds": "pop",
					  "interact_text": "action.interact.loadisk.loot",
					  "on_interact": {
						"filters": {
						  "all_of": [
							{"test": "is_family","subject": "other","value": "player"},
							{"test": "is_variant","subject": "self","operator": "==","value": 3}
						  ]
						},
						"event": "loadisk:is_deadbody1_event",
						"target": "self"
					  }
					}
				]
			  }
		},
		"events": {
			"loadisk:despawn_event": {"add": {"component_groups": ["loadisk:despawn"]}},
			"loadisk:is_male_event": {"add": {"component_groups": ["loadisk:is_male"]}},
			"loadisk:is_female_event": {"add": {"component_groups": ["loadisk:is_female"]}},
			"loadisk:is_sarah_event": {"add": {"component_groups": ["loadisk:is_sarah"]}},
			"loadisk:sarah_switch_event": {"add": {"component_groups": ["loadisk:is_sarah.hold_state"]}},
			"loadisk:kill.loot_event": {"remove": {"component_groups": ["loadisk:loot.cabin_key"]},"add": {"component_groups": ["loadisk:can_despawn"]}},
			"loadisk:is_deadbody0_event": {"add": {"component_groups": ["loadisk:is_deadbody0"]}},
			"loadisk:is_deadbody1_event": {"add": {"component_groups": ["loadisk:is_deadbody1","loadisk:loot.cabin_key"]},"remove": {"component_groups": ["loadisk:is_deadbody0"]}},
			"loadisk:is_deadbody2_event": {"add": {"component_groups": ["loadisk:is_deadbody2"]}},
			"loadisk:is_deadbody3_event": {"add": {"component_groups": ["loadisk:is_deadbody3"]}}
		}
	}
}