{
	"format_version": "1.19.0",
	"minecraft:entity": {
		"description": {
			"identifier": "loadisk:jumper",
			"is_spawnable": false,"is_summonable": true,"is_experimental": false,
			"scripts": {"animate": ["life_time"]},
			"animations": {"life_time": "controller.animation.loadisk.mob.lifetime"}
		},
		"component_groups": {
			"loadisk:despawn": {"minecraft:transformation": {"delay": {"value": 1},"into": "minecraft:area_effect_cloud"}},
			"loadisk:is_sarah":{"minecraft:variant": {"value": 1}},
			"loadisk:sarah.drop_loot": {
				"minecraft:spawn_entity": {
					"entities": {"spawn_item": "minecraft:iron_sword",
					"min_wait_time": 0.0,"max_wait_time": 0.0,"spawn_sound": "plop"}
				},
				"minecraft:timer": {
					"looping": false,
					"time": 0.1,"time_down_event": {"event": "loadisk:kill.sarah_drop_loot_event"}
				}
			}
		},
		"components": {
			"minecraft:variant": {"value": 0},
			"minecraft:health": {"value": 0.5,"max": 0.5},
			"minecraft:collision_box": {"width": 0,"height": 0},
			"minecraft:physics": {"has_gravity": false,"has_collision": false},
			"minecraft:pushable": {"is_pushable": false,"is_pushable_by_piston": false},
			"minecraft:type_family": {"family": ["object","no_effect","system"]},
			"minecraft:damage_sensor": {"triggers": {"cause": "all","deals_damage": false}}
		},
		"events": {
			"loadisk:despawn_event": {"add": {"component_groups": ["loadisk:despawn"]}},
			"loadisk:is_sarah_event": {"add": {"component_groups": ["loadisk:is_sarah","loadisk:despawn"]}},
			"loadisk:sarah_end_event": {"add": {"component_groups": ["loadisk:sarah.drop_loot","loadisk:is_sarah","loadisk:despawn"]}},
			"loadisk:kill.sarah_drop_loot_event": {"remove": {"component_groups": ["loadisk:sarah.drop_loot"]}}
		}
	}
}