{
	"format_version": "1.18.0",
	"minecraft:entity": {
		"description": {
			"identifier": "loadisk:radio",
			"is_spawnable": true,
			"is_summonable": true,
			"is_experimental": false,
			"scripts": {"animate": ["root"]},
			"animations": {
        "root": "controller.animation.loadisk.radio.handler",
        "radio.smoke": "animation.loadisk.radio_smoke"
      }
		},
		"component_groups": {
      "loadisk:powered":{"minecraft:is_charged":{}},
      "loadisk:has.power_supply":{"minecraft:is_baby":{}},
      "loadisk:has.microphone":{"minecraft:variant":{"value": 1}},
      "loadisk:has.antenna":{"minecraft:mark_variant":{"value": 1}},
      "loadisk:tune.success": {"minecraft:is_stunned":{}},
      "loadisk:tune.fail": {"minecraft:is_sheared":{}},

      "loadisk:skin.on": {"minecraft:skin_id":{"value": 1}},
      "loadisk:skin.tune00": {
        "minecraft:skin_id":{"value": 2},
        "minecraft:timer": {"time": 0.1,"looping": false,"time_down_event": {"event": "loadisk:anim.frame01_event","target": "self"}}
      },
      "loadisk:skin.tune01": {
        "minecraft:skin_id":{"value": 3},
        "minecraft:timer": {"time": 0.1,"looping": false,"time_down_event": {"event": "loadisk:anim.frame02_event","target": "self"}}
      },
      "loadisk:skin.tune02": {
        "minecraft:skin_id":{"value": 4},
        "minecraft:timer": {"time": 0.1,"looping": false,"time_down_event": {"event": "loadisk:anim.frame03_event","target": "self"}}
      },
      "loadisk:skin.tune03": {
        "minecraft:skin_id":{"value": 5},
        "minecraft:timer": {"time": 0.1,"looping": false,"time_down_event": {"event": "loadisk:anim.frame04_event","target": "self"}}
      },
      "loadisk:skin.tune04": {
        "minecraft:skin_id":{"value": 6},
        "minecraft:timer": {"time": 0.1,"looping": false,"time_down_event": {"event": "loadisk:anim.frame05_event","target": "self"}}
      },
      "loadisk:skin.tune05": {
        "minecraft:skin_id":{"value": 7},
        "minecraft:timer": {"time": 0.1,"looping": false,"time_down_event": {"event": "loadisk:anim.frame06_event","target": "self"}}
      },
      "loadisk:skin.tune06": {
        "minecraft:skin_id":{"value": 8},
        "minecraft:timer": {"time": 0.1,"looping": false,"time_down_event": {"event": "loadisk:anim.frame07_event","target": "self"}}
      },
      "loadisk:skin.tune07": {
        "minecraft:skin_id":{"value": 9},
        "minecraft:timer": {"time": 0.1,"looping": false,"time_down_event": {"event": "loadisk:anim.frame08_event","target": "self"}}
      },
      //
      "loadisk:skin.tune08": {
        "minecraft:skin_id":{"value": 2},
        "minecraft:timer": {"time": 0.1,"looping": false,"time_down_event": {"event": "loadisk:anim.frame09_event","target": "self"}}
      },
      "loadisk:skin.tune09": {
        "minecraft:skin_id":{"value": 3},
        "minecraft:timer": {"time": 0.1,"looping": false,"time_down_event": {"event": "loadisk:anim.frame10_event","target": "self"}}
      },
      "loadisk:skin.tune10": {
        "minecraft:skin_id":{"value": 4},
        "minecraft:timer": {"time": 0.1,"looping": false,"time_down_event": {"event": "loadisk:anim.frame11_event","target": "self"}}
      },
      "loadisk:skin.tune11": {
        "minecraft:skin_id":{"value": 5},
        "minecraft:timer": {"time": 0.1,"looping": false,"time_down_event": {"event": "loadisk:anim.frame12_event","target": "self"}}
      },
      "loadisk:skin.tune12": {
        "minecraft:skin_id":{"value": 6},
        "minecraft:timer": {"time": 0.1,"looping": false,"time_down_event": {"event": "loadisk:anim.frame13_event","target": "self"}}
      },
      "loadisk:skin.tune13": {
        "minecraft:skin_id":{"value": 7},
        "minecraft:timer": {"time": 0.1,"looping": false,"time_down_event": {"event": "loadisk:anim.frame14_event","target": "self"}}
      },
      "loadisk:skin.tune14": {
        "minecraft:skin_id":{"value": 8},
        "minecraft:timer": {"time": 0.1,"looping": false,"time_down_event": {"event": "loadisk:anim.frame15_event","target": "self"}}
      },
      "loadisk:skin.tune15": {
        "minecraft:skin_id":{"value": 9},
        "minecraft:timer": {"time": 0.1,"looping": false,"time_down_event": {"event": "loadisk:kill.tune_event","target": "self"}}
      }
		},
		"components": {
      "minecraft:skin_id":{"value": 0},
      "minecraft:variant":{"value": 0},
      "minecraft:mark_variant":{"value": 0},
      "minecraft:interact": {
        "interactions": [
          {
            "on_interact": {
              "filters": {
                "all_of": [
                  {"test":"is_family","subject":"other","value":"player"},
                  { "test": "has_equipment", "domain": "hand", "subject": "other", "value": "loadisk:power_supply"},
                  { "test": "has_component", "subject": "self", "operator": "!=", "value": "minecraft:is_charged"},
                  { "test": "has_component", "subject": "self", "operator": "!=", "value": "minecraft:is_baby"}
                ]
              },
              "event": "loadisk:add.power_supply_event",
              "target": "self"
            },
            "use_item": true,
            "interact_text": "action.interact.radio"
          },
          {
            "on_interact": {
              "filters": {
                "all_of": [
                  {"test":"is_family","subject":"other","value":"player"},
                  { "test": "has_equipment", "domain": "hand", "subject": "other", "value": "loadisk:microphone"},
                  { "test": "has_component", "subject": "self", "operator": "!=", "value": "minecraft:is_charged"},
                  { "test": "is_variant", "subject": "self", "operator": "==", "value": 0}
                ]
              },
              "event": "loadisk:add.microphone_event",
              "target": "self"
            },
            "use_item": true,
            "interact_text": "action.interact.radio"
          },
          {
            "on_interact": {
              "filters": {
                "all_of": [
                  {"test":"is_family","subject":"other","value":"player"},
                  {"test": "has_equipment", "domain": "hand", "subject": "other", "value": "loadisk:antenna"},
                  {"test": "has_component", "subject": "self", "operator": "!=", "value": "minecraft:is_charged"},
                  {"test": "is_mark_variant", "subject": "self", "operator": "==", "value": 0}
                ]
              },
              "event": "loadisk:add.antenna_event",
              "target": "self"
            },
            "use_item": true,
            "interact_text": "action.interact.radio"
          },
          {
            "on_interact": {
              "filters": {
                "all_of": [
                  {"test":"is_family","subject":"other","value":"player"},
                  {"test": "has_component", "subject": "self", "operator": "==", "value": "minecraft:is_charged"},
                  {"test": "has_component", "subject": "self", "operator": "!=", "value": "minecraft:is_stunned"},
                  {"test": "has_component", "subject": "self", "operator": "!=", "value": "minecraft:is_sheared"}
                ]
              },
              "event": "loadisk:tune.radio_event",
              "target": "self"
            },
            "use_item": false,
            "interact_text": "action.interact.radio"
          }
        ]
      },
      "minecraft:environment_sensor": {
				"triggers": [
          {
            "filters": {
              "all_of": [
                {"test": "has_component", "subject": "self", "operator": "==", "value": "minecraft:is_baby"},
                {"test": "is_variant","operator": "==","value": 1},
                {"test": "is_mark_variant","operator": "==","value": 1},
                {"test": "has_component", "subject": "self", "operator": "!=", "value": "minecraft:is_charged"}
              ]
            },
            "event": "loadisk:add.power_event"
          }
			  ]
			},
			"minecraft:persistent": {},
			"minecraft:type_family": {"family": ["game","no_effect", "object"]},
      "minecraft:knockback_resistance": {"value": 100},
      "minecraft:collision_box": {"width": 1.0,"height": 1.5},
			"minecraft:physics": {"has_gravity": true,"has_collision": true},
			"minecraft:pushable": {"is_pushable": false,"is_pushable_by_piston": false},
			"minecraft:fire_immune": true,
      "minecraft:damage_sensor": {"triggers": {"cause": "all","deals_damage": false}}
		},
		"events":{
      "loadisk:add.power_supply_event": {"add": {"component_groups": ["loadisk:has.power_supply"]}},
      "loadisk:add.microphone_event": {"add": {"component_groups": ["loadisk:has.microphone"]}},
      "loadisk:add.antenna_event": {"add": {"component_groups": ["loadisk:has.antenna"]}},
      "loadisk:add.power_event": {"add": {"component_groups": ["loadisk:powered","loadisk:skin.on"]}},
      "loadisk:anim.frame00_event": {"add": {"component_groups": ["loadisk:skin.tune00"]},"remove": {"component_groups": ["loadisk:skin.tune07"]}},
      "loadisk:anim.frame01_event": {"add": {"component_groups": ["loadisk:skin.tune01"]},"remove": {"component_groups": ["loadisk:skin.tune00"]}},
      "loadisk:anim.frame02_event": {"add": {"component_groups": ["loadisk:skin.tune02"]},"remove": {"component_groups": ["loadisk:skin.tune01"]}},
      "loadisk:anim.frame03_event": {"add": {"component_groups": ["loadisk:skin.tune03"]},"remove": {"component_groups": ["loadisk:skin.tune02"]}},
      "loadisk:anim.frame04_event": {"add": {"component_groups": ["loadisk:skin.tune04"]},"remove": {"component_groups": ["loadisk:skin.tune03"]}},
      "loadisk:anim.frame05_event": {"add": {"component_groups": ["loadisk:skin.tune05"]},"remove": {"component_groups": ["loadisk:skin.tune04"]}},
      "loadisk:anim.frame06_event": {"add": {"component_groups": ["loadisk:skin.tune06"]},"remove": {"component_groups": ["loadisk:skin.tune05"]}},
      "loadisk:anim.frame07_event": {"add": {"component_groups": ["loadisk:skin.tune07"]},"remove": {"component_groups": ["loadisk:skin.tune06"]}},
      "loadisk:anim.frame08_event": {"add": {"component_groups": ["loadisk:skin.tune08"]},"remove": {"component_groups": ["loadisk:skin.tune07"]}},
      "loadisk:anim.frame09_event": {"add": {"component_groups": ["loadisk:skin.tune09"]},"remove": {"component_groups": ["loadisk:skin.tune08"]}},
      "loadisk:anim.frame10_event": {"add": {"component_groups": ["loadisk:skin.tune10"]},"remove": {"component_groups": ["loadisk:skin.tune09"]}},
      "loadisk:anim.frame11_event": {"add": {"component_groups": ["loadisk:skin.tune11"]},"remove": {"component_groups": ["loadisk:skin.tune10"]}},
      "loadisk:anim.frame12_event": {"add": {"component_groups": ["loadisk:skin.tune12"]},"remove": {"component_groups": ["loadisk:skin.tune11"]}},
      "loadisk:anim.frame13_event": {"add": {"component_groups": ["loadisk:skin.tune13"]},"remove": {"component_groups": ["loadisk:skin.tune12"]}},
      "loadisk:anim.frame14_event": {"add": {"component_groups": ["loadisk:skin.tune14"]},"remove": {"component_groups": ["loadisk:skin.tune13"]}},
      "loadisk:anim.frame15_event": {"add": {"component_groups": ["loadisk:skin.tune15"]},"remove": {"component_groups": ["loadisk:skin.tune14"]}},
      "loadisk:tune.radio_event": {
        "randomize": [
					{"weight": 60,"add": {"component_groups": ["loadisk:tune.fail","loadisk:skin.tune00"]},"remove": {"component_groups": ["loadisk:skin.on"]}},
          {"weight": 40,"add": {"component_groups": ["loadisk:tune.success","loadisk:skin.tune00"]},"remove": {"component_groups": ["loadisk:skin.on"]}}
				]
      },
      "loadisk:kill.tune_event": {
        "add": {"component_groups": ["loadisk:skin.on"]},
        "remove": {"component_groups": ["loadisk:skin.tune15","loadisk:tune.fail","loadisk:tune.success"]}
      }
		}
	}
}