{
	"format_version": "1.18.0",
	"minecraft:entity": {
		"description": {
			"identifier": "loadisk:rock",
			"is_spawnable": true,
			"is_summonable": true,
			"is_experimental": false,
			"scripts": {"animate": ["handler"]},
			"animations": {"handler": "controller.animation.loadisk.resource.handler"}
		},
		"component_groups":{
			"loadisk:hurt":{
				"minecraft:is_sheared":{},
				"minecraft:timer": {"time": 0.2,"looping": false,"time_down_event": {"event": "loadisk:kill.hurt_event","target": "self"}}
			},
			"loadisk:is_stone":{
				"minecraft:skin_id":{"value": 0},
				"minecraft:health": {"value": 10,"max": 10},
				"minecraft:loot": {"table": "loot_tables/stone.json"}
			},
			"loadisk:is_coal":{
				"minecraft:skin_id":{"value": 1},
				"minecraft:health": {"value": 15,"max": 15},
				"minecraft:loot": {"table": "loot_tables/coal.json"}
			},
			"loadisk:is_iron":{
				"minecraft:skin_id":{"value": 2},
				"minecraft:health": {"value": 20,"max": 20},
				"minecraft:loot": {"table": "loot_tables/iron.json"}
			},
			"loadisk:despawn": {"minecraft:despawn": {"despawn_from_distance": {"min_distance": 16,"max_distance": 32}}}
		},
		"components": {
			"minecraft:knockback_resistance": {"value": 100,"max": 100},
			"minecraft:persistent": {},
			"minecraft:type_family": {"family": ["resource","rock","no_effect", "object"]},
			"minecraft:collision_box": {"width": 0.5,"height": 0.8},
			"minecraft:physics": {"has_gravity": true,"has_collision": true},
			"minecraft:pushable": {"is_pushable": false,"is_pushable_by_piston": false},
			"minecraft:fire_immune": true,
			"minecraft:damage_sensor": {
				"triggers": [
					{
						"on_damage": {
							"filters": {
								"all_of": [
									{"test": "is_family","subject": "other","value": "player"},
									{
										"any_of": [
											{"test": "has_equipment","domain": "hand","subject": "other","operator": "==","value": "wooden_pickaxe"},
											{"test": "has_equipment","domain": "hand","subject": "other","operator": "==","value": "stone_pickaxe"},
											{"test": "has_equipment","domain": "hand","subject": "other","operator": "==","value": "iron_pickaxe"},
											{"test": "has_equipment","domain": "hand","subject": "other","operator": "==","value": "diamond_pickaxe"},
											{"test": "has_equipment","domain": "hand","subject": "other","operator": "==","value": "netherite_pickaxe"}
										]
									}
								]
							}
						},
						"deals_damage": true
					},
					{"cause": "all","deals_damage": false}
				]
			},
			"minecraft:on_hurt_by_player": {"event": "loadisk:on_hurt_event","target": "self"},
			"minecraft:conditional_bandwidth_optimization": {}
		},
		"events":{
			"minecraft:entity_spawned": {
				"randomize": [
					{"weight": 55,"add": {"component_groups": ["loadisk:is_stone"]}},
					{"weight": 35,"add": {"component_groups": ["loadisk:is_coal"]}},
					{"weight": 10,"add": {"component_groups": ["loadisk:is_iron"]}}
				]
			},
			"loadisk:on_hurt_event":{"add":{"component_groups":["loadisk:hurt"]}},
			"loadisk:kill.hurt_event":{"remove":{"component_groups":["loadisk:hurt"]}},
			"loadisk:remove.despawn_event":{"remove":{"component_groups":["loadisk:despawn"]}}
		}
	}
}