{
	"format_version": "1.18.0",
	"minecraft:entity": {
		"description": {
			"identifier": "loadisk:skinning_rack",
			"is_spawnable": true,
			"is_summonable": true,
			"is_experimental": false
		},
		"component_groups": {
      "loadisk:skining":{"minecraft:is_sheared":{}},
      "loadisk:skin.prokchop":{
        "minecraft:variant": {"value": 1},
        "minecraft:timer": {"time": 3,"looping": false,"time_down_event": {"event": "loadisk:kill.skin_event","target": "self"}},
				"minecraft:spawn_entity": {"entities": {"min_wait_time": 2.9,"max_wait_time": 2.9,"spawn_item": "loadisk:fine_leather"}}
      }
		},
		"components": {
      "minecraft:interact": {
        "interactions": [
          {
            "on_interact": {
              "filters": {
                "all_of": [
                  {"test":"is_family","subject":"other","value":"player"},
                  { "test": "has_equipment", "domain": "hand", "subject": "other", "value": "minecraft:leather"},
                  { "test": "has_component", "subject": "self", "operator": "!=", "value": "minecraft:is_sheared"}
                ]
              },
              "event": "loadisk:skin.leather",
              "target": "self"
            },
            "use_item": true,
            "interact_text": "action.interact.skin"
          }
        ]
      },
      "minecraft:variant": {"value": 0},
			"minecraft:persistent": {},
			"minecraft:type_family": {"family": ["utility","no_effect", "object"]},
      "minecraft:knockback_resistance": {"value": 100},
      "minecraft:collision_box": {"width": 0.5,"height": 1.2},
			"minecraft:physics": {"has_gravity": true,"has_collision": true},
			"minecraft:pushable": {"is_pushable": false,"is_pushable_by_piston": false},
			"minecraft:fire_immune": true,
      "minecraft:damage_sensor": {"triggers": {"cause": "all","deals_damage": false}}
		},
		"events":{
      "loadisk:kill.skin_event": {"remove": {"component_groups": ["loadisk:skining","loadisk:skin.prokchop"]}},
      "loadisk:skin.leather": {"add": {"component_groups": ["loadisk:skin.prokchop","loadisk:skining"]}}
		}
	}
}