{
	"format_version": "1.18.0",
	"minecraft:entity": {
		"description": {
			"identifier": "loadisk:tree",
			"is_spawnable": true,
			"is_summonable": true,
			"is_experimental": false,
			"scripts": {"animate": ["handler"]},
			"animations": {"handler": "controller.animation.loadisk.resource.handler"}
		},
		"component_groups":{
			"loadisk:hurt":{
				"minecraft:is_sheared":{},
				"minecraft:timer": {"time": 0.2,"looping": false,"time_down_event": {"event": "loadisk:kill.hurt_event","target": "self"}}
			},
			"loadisk:despawn": {"minecraft:despawn": {"despawn_from_distance": {"min_distance": 16,"max_distance": 32}}},
			"loadisk:is_oak00":{"minecraft:skin_id":{"value": 0}},
			"loadisk:is_oak01":{"minecraft:skin_id":{"value": 1}},
			"loadisk:is_oak02":{"minecraft:skin_id":{"value": 2}},
			"loadisk:is_oak03":{"minecraft:skin_id":{"value": 3}},
			"loadisk:is_pine":{"minecraft:skin_id":{"value": 4}}
		},
		"components": {
			"minecraft:loot": {"table": "loot_tables/tree.json"},
			"minecraft:knockback_resistance": {"value": 100,"max": 100},
			"minecraft:health": {"value": 10,"max": 10},
			"minecraft:persistent": {},
			"minecraft:type_family": {"family": ["resource","tree","no_effect", "object"]},
			"minecraft:collision_box": {"width": 1.0,"height": 5.0},
			"minecraft:physics": {"has_gravity": true,"has_collision": true},
			"minecraft:pushable": {"is_pushable": false,"is_pushable_by_piston": false},
			"minecraft:fire_immune": true,
			"minecraft:damage_sensor": {
				"triggers": [
					{
						"on_damage": {
							"filters": {
								"all_of": [
									{"test": "is_family","subject": "other","value": "player"},
									{
										"any_of": [
											{"test": "has_equipment","domain": "hand","subject": "other","operator": "==","value": "wooden_axe"},
											{"test": "has_equipment","domain": "hand","subject": "other","operator": "==","value": "stone_axe"},
											{"test": "has_equipment","domain": "hand","subject": "other","operator": "==","value": "iron_axe"},
											{"test": "has_equipment","domain": "hand","subject": "other","operator": "==","value": "diamond_axe"},
											{"test": "has_equipment","domain": "hand","subject": "other","operator": "==","value": "netherite_axe"}
										]
									}
								]
							}
						},
						"deals_damage": true
					},
					{"cause": "all","deals_damage": false}
				]
			},
			"minecraft:on_hurt_by_player": {"event": "loadisk:on_hurt_event","target": "self"},
			"minecraft:conditional_bandwidth_optimization": {}
		},
		"events":{
			"minecraft:entity_spawned": {
				"randomize": [
					{"weight": 50,"add": {"component_groups": ["loadisk:is_pine"]}},
					{"weight": 20,"add": {"component_groups": ["loadisk:is_oak00"]}},
					{"weight": 10,"add": {"component_groups": ["loadisk:is_oak01"]}},
					{"weight": 10,"add": {"component_groups": ["loadisk:is_oak02"]}},
					{"weight": 10,"add": {"component_groups": ["loadisk:is_oak03"]}}
				]
			},
			"loadisk:on_hurt_event":{"add":{"component_groups":["loadisk:hurt"]}},
			"loadisk:kill.hurt_event":{"remove":{"component_groups":["loadisk:hurt"]}},
			"loadisk:remove.despawn_event":{"remove":{"component_groups":["loadisk:despawn"]}}
		}
	}
}