{
    "format_version": "1.10.0",
    "animation_controllers": {
		"controller.animation.loadisk.campfire.root": {
			"initial_state" : "state_filter",
			"states": {
				"kindle": {
					"transitions": [{"state_filter": "!q.is_sheared"}],
					"on_entry": ["/scoreboard players add @s v.fuel 25"]
				},
				"branch": {
					"transitions": [{"state_filter": "!q.is_stunned"}],
					"on_entry": ["/scoreboard players add @s v.fuel 25"]
				},
				"log": {
					"transitions": [{"state_filter": "!q.is_tamed"}],
					"on_entry": ["/scoreboard players add @s v.fuel 50"]
				},
				"medallion": {
					"transitions": [{"state_filter": "q.mark_variant == 0"}],
					"on_entry": ["/playsound loadisk.item.chain @a[r=8] ~ ~ ~ 1 1 1"]
				},
				"doll": {
					"transitions": [{"state_filter": "q.mark_variant == 0"}],
					"on_entry": [
						"/playsound loadisk.item.scream @a[r=8] ~ ~ ~ 1 1 1",
						"/scoreboard players set * v.c:cabin 1"
					]
				},
				"mask": {
					"transitions": [{"state_filter": "q.mark_variant == 0"}],
					"on_entry": ["/playsound loadisk.item.roar @a[r=8] ~ ~ ~ 1 1 1"]
				},
				"state_filter": {
					"transitions": [
						{"kindle": "q.is_sheared"},
						{"branch": "q.is_stunned"},
						{"log": "q.is_tamed"},
						{"medallion": "q.mark_variant == 1"},
						{"doll": "q.mark_variant == 2"},
						{"mask": "q.mark_variant == 3"}
					]
				}
			}
		},
		"controller.animation.loadisk.campfire.exposed": {
			"initial_state" : "state_filter",
			"states": {
				"exposed": {
					"transitions": [{"state_filter": "!q.is_baby || q.variant == 2"}],
					"animations": ["exposed"]
				},
				"burn": {
					"transitions": [{"state_filter": "q.is_baby || q.variant == 2"}],
					"animations": ["burn"]
				},
				"state_filter": {
					"transitions": [
						{"exposed": "q.is_baby && q.variant != 2"},
						{"burn": "!q.is_baby && q.variant != 2"}
					]
				}
			}
		}
    }
}