{
    "format_version": "1.10.0",
    "animation_controllers": {
		"controller.animation.loadisk.radio.handler": {
			"initial_state" : "smoke",
			"states": {
				"state_filter": {
					"transitions": [
						{"smoke": "!q.is_powered"},
						{"tune.success": "q.is_stunned"},
						{"tune.fail": "q.is_sheared"}
					]
				},
				"smoke": {
					"transitions": [{"state_filter": "q.is_powered"}],
					"animations": ["radio.smoke"],
					"on_exit": ["/stopsound @a loadisk.radio.static","/scoreboard players set @e[type=loadisk:ram] v.radio 1"]
				},
				"tune.success": {
					"transitions": [{"state_filter": "!q.is_stunned"}],
					"on_entry": [
						"/tellraw @a[tag=debug.log] {\"rawtext\":[{\"text\":\" §4State: §rRadio = Tune Successful\"}]}",
						"/playsound loadisk.radio.tune @a[r=8] ~ ~ ~ 1 1 1",
						"/scoreboard players set @e[type=loadisk:ram] v.radio 2"
					],
					"on_exit": [
						"/tellraw @a[tag=debug.log] {\"rawtext\":[{\"text\":\" §4State: §rRadio = Tune Successful\"}]}",
						"/playsound loadisk.radio.tune @a[r=8] ~ ~ ~ 1 1 1",
						"/scoreboard players set @e[type=loadisk:ram] v.radio 1"
					]
				},
				"tune.fail": {
					"transitions": [{"state_filter": "!q.is_sheared"}],
					"on_entry": [
						"/tellraw @a[tag=debug.log] {\"rawtext\":[{\"text\":\" §4State: §rRadio = Tune Failed\"}]}",
						"/playsound loadisk.radio.tune @a[r=8] ~ ~ ~ 1 1 1"
					]
				}
			}
		}
    }
}