{
    "format_version": "1.10.0",
    "animation_controllers": {
		"controller.animation.loadisk.resource.handler": {
			"initial_state" : "state_filter",
			"states": {
				"hurt": {
					"transitions": [{"state_filter": "!q.is_sheared"},{"death": "!q.is_alive"}],
					"on_entry": [
						"/playanimation @s[type=loadisk:tree] animation.loadisk.tree.hurt",
						"/playanimation @s[type=loadisk:rock] animation.loadisk.stone.hurt",
						"/execute at @s[type=loadisk:tree] run playsound loadisk.wood.hit @a[r=6] ~ ~ ~ 0.7 1 1",
						"/execute at @s[type=loadisk:rock] run playsound loadisk.stone.hit @a[r=6] ~ ~ ~ 0.7 1 1"
					]
				},
				"death": {
					"on_entry": [
						"/execute at @s[type=loadisk:tree] run playsound loadisk.tree.fall @a[r=6] ~ ~ ~ 0.7 1 1",
						"/execute at @s[type=loadisk:rock] run playsound loadisk.stone.hit @a[r=6] ~ ~ ~ 0.7 1 1"
					]
				},
				"state_filter": {"transitions": [{"hurt": "q.is_sheared"}]}
			}
		},
		"controller.animation.loadisk.bush.handler": {
			"initial_state" : "state_filter",
			"states": {
				"state_filter": {
					"transitions": [
						{"stage02": "q.is_sheared && q.skin_id == 2"},
						{"stage03": "q.is_sheared && q.skin_id == 3"}
					]
				},
				"stage02": {
					"transitions": [{"state_filter": "!q.is_sheared"}],
					"on_entry": [
						"/loot spawn ~ ~ ~ loot bush00",
						"@s loadisk:kill.loot_event",
						"@s loadisk:stage01_event"
					]
				},
				"stage03": {
					"transitions": [{"state_filter": "!q.is_sheared"}],
					"on_entry": [
						"/loot spawn ~ ~ ~ loot bush01",
						"@s loadisk:kill.loot_event",
						"@s loadisk:stage02_event"
					]
				}
			}
		}
    }
}