{
	"format_version": "1.12.0",
	"minecraft:geometry": [
		{
			"description": {
				"identifier": "geometry.loadisk.chair",
				"texture_width": 64,
				"texture_height": 64,
				"visible_bounds_width": 2,
				"visible_bounds_height": 3.5,
				"visible_bounds_offset": [0, 1.25, 0]
			},
			"bones": [
				{
					"name": "root",
					"pivot": [0, 0, 0],
					"cubes": [
						{"origin": [-6, 8, -7], "size": [12, 2, 13], "inflate": 0.02, "uv": [0, 0]},
						{"origin": [4, 0, 4], "size": [2, 8, 2], "uv": [32, 35]},
						{"origin": [4, 0, -6], "size": [2, 8, 2], "uv": [0, 0]},
						{"origin": [-6, 0, 4], "size": [2, 8, 2], "uv": [32, 25]},
						{"origin": [0.75, 9, 4], "size": [2, 17, 2], "uv": [8, 25]},
						{"origin": [-2.75, 9, 4], "size": [2, 17, 2], "uv": [0, 25]},
						{"origin": [-6, 9.8, 4], "size": [2, 14, 2], "uv": [16, 25]},
						{"origin": [4, 9.8, 4], "size": [2, 14, 2], "uv": [16, 25], "mirror": true},
						{"origin": [-2, 24.9, 4], "size": [4, 2, 2], "inflate": 0.005, "uv": [29, 21]},
						{"origin": [-1.1, 23.8, 4], "size": [5, 2, 2], "inflate": 0.02, "pivot": [2, 21.7, 0], "rotation": [0, 0, 37.5], "uv": [29, 15]},
						{"origin": [-3.9, 23.8, 4], "size": [5, 2, 2], "inflate": 0.02, "pivot": [-2, 21.7, 0], "rotation": [0, 0, -37.5], "uv": [29, 15], "mirror": true},
						{"origin": [-5, 9.5, -6], "size": [10, 1, 9], "uv": [0, 15]},
						{"origin": [-6, 0, -6], "size": [2, 8, 2], "uv": [37, 0]}
					]
				}
			]
		}
	]
}