{
    "format_version": "1.10.0",
    "animations": {
        "animation.drop_loot": {
            "animation_length": 2.5,"loop": false,
            "timeline": {
                "2.0": [
                    "/execute at @s[type=loadisk:boar] run loot spawn ~ ~ ~ loot boar",
                    "/execute at @s[type=loadisk:rat] run loot spawn ~ ~ ~ loot rat",
                    "/execute at @s[type=loadisk:statue] run loot spawn ~ ~ ~ loot statue"
                ]
            }
        }
    }
}