{
    "format_version": "1.10.0",
    "animations": {
        "animation.loadisk.player.tp.crafter": {
            "animation_length": 0.1,
            "loop": true,
            "timeline": {
                "0.0": [
                    "/execute at @s[scores={mpip=1}] ~ ~ ~ tp @e[type=loadisk:crafter,tag=owner.p1] ^0.1^1.2^1.2",
                    "/execute at @s[scores={mpip=2}] ~ ~ ~ tp @e[type=loadisk:crafter,tag=owner.p2] ^0.1^1.2^1.2",
                    "/execute at @s[scores={mpip=3}] ~ ~ ~ tp @e[type=loadisk:crafter,tag=owner.p3] ^0.1^1.2^1.2",
                    "/execute at @s[scores={mpip=4}] ~ ~ ~ tp @e[type=loadisk:crafter,tag=owner.p4] ^0.1^1.2^1.2"
                ]
            }
        },
        "animation.loadisk.player.heartbeat": {
            "animation_length": 5.0,
            "loop": true,
            "timeline": {
                "0.0": ["/playsound mob.warden.heartbeat @s[scores={v.sanity=0..30}] ~ ~ ~ 0.5 1 1"],
                "0.1": ["/playsound loadisk.player.breath01 @s[scores={v.sanity=0..30,v.char=1}]","/playsound loadisk.player.breath02 @s[scores={v.sanity=0..30,v.char=2}]","/playsound loadisk.player.breath03 @s[scores={v.sanity=0..30,v.char=3}]","/playsound loadisk.player.breath04 @s[scores={v.sanity=0..30,v.char=4}]"],
                "0.5": ["/playsound mob.warden.heartbeat @s[scores={v.sanity=0..5}] ~ ~ ~ 0.5 1 1"],
                "1.0": ["/playsound mob.warden.heartbeat @s[scores={v.sanity=0..10}] ~ ~ ~ 0.5 1 1"],
                "1.5": ["/playsound mob.warden.heartbeat @s[scores={v.sanity=0..5}] ~ ~ ~ 0.5 1 1"],
                "2.0": ["/playsound mob.warden.heartbeat @s[scores={v.sanity=0..20}] ~ ~ ~ 0.5 1 1"],
                "2.1": ["/playsound loadisk.player.breath01 @s[scores={v.sanity=0..30,v.char=1}]","/playsound loadisk.player.breath02 @s[scores={v.sanity=0..30,v.char=2}]","/playsound loadisk.player.breath03 @s[scores={v.sanity=0..30,v.char=3}]","/playsound loadisk.player.breath04 @s[scores={v.sanity=0..30,v.char=4}]"],
                "2.5": ["/playsound mob.warden.heartbeat @s[scores={v.sanity=0..5}] ~ ~ ~ 0.5 1 1"],
                "3.0": ["/playsound mob.warden.heartbeat @s[scores={v.sanity=0..30}] ~ ~ ~ 0.5 1 1"],
                "3.5": ["/playsound mob.warden.heartbeat @s[scores={v.sanity=0..5}] ~ ~ ~ 0.5 1 1"],
                "4.0": ["/playsound mob.warden.heartbeat @s[scores={v.sanity=0..10}] ~ ~ ~ 0.5 1 1"],
                "4.1": ["/playsound loadisk.player.breath01 @s[scores={v.sanity=0..30,v.char=1}]","/playsound loadisk.player.breath02 @s[scores={v.sanity=0..30,v.char=2}]","/playsound loadisk.player.breath03 @s[scores={v.sanity=0..30,v.char=3}]","/playsound loadisk.player.breath04 @s[scores={v.sanity=0..30,v.char=4}]"],
                "4.5": ["/playsound mob.warden.heartbeat @s[scores={v.sanity=0..5}] ~ ~ ~ 0.5 1 1"]
            }
        }
    }
}