{
    "format_version": "1.10.0",
    "animation_controllers": {
		"controller.animation.loadisk.cultist": {
			"initial_state" : "state_filter",
			"states": {
				"state_filter": {
					"transitions": [
						{"attack": "q.is_delayed_attacking && q.variant == 0"},
						{"grab": "q.is_delayed_attacking && q.variant == 1"}
					]
				},
				"attack": {
					"transitions": [{"state_filter": "!q.is_delayed_attacking"}],
					"on_exit": ["/event entity @s loadisk:attack_randomizer_event"]
				},
				"grab":{
					"transitions": [{"state_filter": "!q.is_delayed_attacking"}],
					"on_entry": ["/execute at @a[r=8,c=1] run function root/mob/cultist/grab", "/say hi"]
				}
			}
		}
	}
}