{
    "format_version": "1.10.0",
    "animation_controllers": {
		"controller.animation.loadisk.player.items": {
			"initial_state" : "state_filter",
			"states": {
				"has.build_wand": {
					"transitions": [{"state_filter": "q.get_equipped_item_name != 'build_wand' || v.attack_time == 0"}],
					"on_entry": ["/function cmd/select/build_wand"]
				},
				"has.fresh_torch": {
					"transitions": [{"has.torch": "q.get_equipped_item_name != 'fresh_torch'"},{"state_filter": "!q.is_using_item"}], 
					"on_entry": ["/function root/system/impulse/light_torch"]
				},
				"has.torch": {
					"transitions": [{"state_filter": "q.get_equipped_item_name != 'lit_torch'"}],
					"on_entry": ["/function root/object/torch/on_entry"],
					"on_exit": ["/function root/object/torch/on_exit"]
				},
				"has.campfire_shack": {
					"transitions": [{"state_filter": "q.get_equipped_item_name != 'campfire_shack' || !q.is_using_item"}],
					"on_entry": ["/function root/system/impulse/build.campfire_shack"]
				},
				"has.cooker": {
					"transitions": [{"state_filter": "q.get_equipped_item_name != 'cooker' || !q.is_using_item"}],
					"on_entry": ["/summon loadisk:cooker ~ ~ ~","/clear @s loadisk:cooker 0 1"]
				},
				"state_filter": {
					"transitions": [
						{"has.build_wand": "q.death_ticks == 0 && v.attack_time > 0 && q.get_equipped_item_name == 'build_wand'"},
						{"has.fresh_torch": "q.death_ticks == 0 && q.is_using_item && q.get_equipped_item_name == 'fresh_torch'"},
						{"has.torch": "q.death_ticks == 0 && q.get_equipped_item_name == 'lit_torch'"},
						{"has.campfire_shack": "q.death_ticks == 0 && q.is_using_item && q.get_equipped_item_name == 'campfire_shack'"},
						{"has.cooker": "q.death_ticks == 0 && q.is_using_item && q.get_equipped_item_name == 'cooker'"}
					]
				}
			}
		},
		"controller.animation.loadisk.player.crafting_book": {
			"initial_state" : "state_filter",
			"states": {
				"has_book": {
					"transitions": [{"state_filter": "q.get_equipped_item_name != 'book'"}],
					"on_entry": [
						"/execute at @s[tag=!crafter.open,scores={mpip=1}] run summon loadisk:crafter ^^1^1 loadisk:add.player01_event",
						"/execute at @s[tag=!crafter.open,scores={mpip=2}] run summon loadisk:crafter ^^1^1 loadisk:add.player02_event",
						"/execute at @s[tag=!crafter.open,scores={mpip=3}] run summon loadisk:crafter ^^1^1 loadisk:add.player03_event",
						"/execute at @s[tag=!crafter.open,scores={mpip=4}] run summon loadisk:crafter ^^1^1 loadisk:add.player04_event",
						"/tag @s add crafter.open"
					],
					"animations": ["tp.crafter"],
					"on_exit": [
						"/execute at @s[tag=crafter.open,scores={mpip=1}] run event entity @e[type=loadisk:crafter,tag=owner.p1] loadisk:despawn_event", 
						"/execute at @s[tag=crafter.open,scores={mpip=2}] run event entity @e[type=loadisk:crafter,tag=owner.p2] loadisk:despawn_event", 
						"/execute at @s[tag=crafter.open,scores={mpip=3}] run event entity @e[type=loadisk:crafter,tag=owner.p3] loadisk:despawn_event", 
						"/execute at @s[tag=crafter.open,scores={mpip=4}] run event entity @e[type=loadisk:crafter,tag=owner.p4] loadisk:despawn_event", 
						"/tag @s remove crafter.open"
					]
				},
				"state_filter": {
					"transitions": [
						{"has_book": "q.get_equipped_item_name == 'book'"}
					]
				}
			}
		}
    }
}