{
	"format_version": "1.10.0",
	"animation_controllers": {
        "controller.animation.loadisk.atk_rng": {
			"states": {
				"is_charged": {
					"transitions": [{"state_filter": "!q.is_charged"}],
					"on_exit": ["@s loadisk:atk_rng_event"]
				},
				"is_delayed": {
					"transitions": [{"state_filter": "!q.is_delayed_attacking"}],
					"on_exit": ["@s loadisk:atk_rng_event"]
				},
                "is_casting": {
					"transitions": [{"state_filter": "!q.is_casting"}],
					"on_exit": ["@s loadisk:atk_rng_event"]
				},
				"state_filter": {
					"transitions": [{"is_charged": "q.is_charged"},{"is_delayed": "q.is_delayed_attacking"},{"is_casting": "q.is_casting"}]
				}
			}
		},
		"controller.animation.loadisk.atk_rng.ranged": {
			"states": {
				"is_charged": {
					"transitions": [{"state_filter": "!q.is_charged"}],
					"on_exit": ["@s loadisk:atk_rng_event"]
				},
                "is_casting": {
					"transitions": [{"state_filter": "!q.is_casting"}],
					"on_exit": ["@s loadisk:atk_rng_event"]
				},
				"state_filter": {
					"transitions": [{"is_charged": "q.is_charged"},{"is_casting": "q.is_casting"}]
				}
			}
		},
		"controller.animation.loadisk.mob.loot": {
			"initial_state" : "state_filter",
			"states": {
				"state_filter": {
					"transitions": [{"despawn": "q.is_transforming"}]
				},
				"despawn": {
					"animations": ["drop_loot"]
				}
			}
		}
	}
}