{
    "format_version": "1.10.0",
    "animation_controllers": {
		"controller.animation.loadisk.patient0": {
			"initial_state" : "state_filter",
			"states": {
				"state_filter": {
					"transitions": [
						{"attack": "q.is_delayed_attacking && q.variant == 0"},
						{"grab": "q.is_delayed_attacking  && q.variant == 1"}
					]
				},
				"attack": {
					"transitions": [{"state_filter": "!q.is_delayed_attacking"}],
					"on_exit": ["/event entity @s loadisk:attack_randomizer_event"]
				},
				"grab": {
					"transitions": [{"state_filter": "!q.is_delayed_attacking"}],
					"on_entry": ["/execute at @a[r=8,c=1] run event entity @e[type=loadisk:patient0] loadisk:grab_player_event"]
				}
			}
		},
		"controller.animation.loadisk.patient0.speed": {
			"initial_state" : "state_filter",
			"states": {
				"state_filter": {
					"transitions": [
						{"add.speed": "q.is_sheared"}
					]
				},
				"add.speed": {
					"transitions": [{"state_filter": "!q.is_sheared"}],
					"on_entry": ["/effect @s speed 999999 8 true","/say applied speed"],
					"on_exit": ["/effect @s clear"]
				}
			}
		},
		"controller.animation.loadisk.patient0.grab_player": {
			"initial_state" : "state_filter",
			"states": {
				"state_filter": {"transitions": [{"grab": "q.is_stunned"}]},
				"grab": {
					"transitions": [{"state_filter": "!q.is_stunned"}],
					"on_entry": ["/scoreboard players set @r[r=5] v.pat_grab 0","/playsound loadisk.pat0.throw @a[r=5,c=1] ~ ~ ~ 1 1 1"],
					"on_exit": ["/event entity @s loadisk:attack_randomizer_event"]
				}
			}
		},
		"controller.animation.loadisk.patient0.debugger": {
			"initial_state": "state_filter",
			"states": {"state_filter": {"animations": ["agro","target"]}}
		},
		"controller.animation.loadisk.patient0.debugger.agro": {
			"initial_state": "state_filter",
			"states": {
				"state_filter": {"transitions": [{"agro": "q.is_sheared"}]},
				"agro": {
					"transitions": [{"state_filter": "!q.is_sheared"}],
					"on_entry": ["/tellraw @a[tag=debug.log] {\"rawtext\":[{\"text\":\" §4State: §rPat0 = Agro\"}]}"],
					"on_exit": ["/tellraw @a[tag=debug.log] {\"rawtext\":[{\"text\":\" §4State: §rPat0 = Calm\"}]}"]
				}
			}
		},
		"controller.animation.loadisk.patient0.debugger.target": {
			"initial_state": "state_filter",
			"states": {
				"state_filter": {"transitions": [{"target": "q.has_target"}]},
				"target": {
					"transitions": [{"state_filter": "!q.has_target"}],
					"on_entry": ["/tellraw @a[tag=debug.log] {\"rawtext\":[{\"text\":\" §4State: §rPat0 = Has Target\"}]}"],
					"on_exit": ["/tellraw @a[tag=debug.log] {\"rawtext\":[{\"text\":\" §4State: §rPat0 = Lost Target\"}]}"]
				}
			}
		}
    }
}