{
	"format_version": "1.10.0",
	"animation_controllers": {
		"controller.animation.loadisk.npc.interact": {
			"initial_state": "check",
			"states": {
				"check": {"transitions": [{"interact": "q.is_stunned"}]},
				"interact": {
					
					"on_entry": ["/event entity @s loadisk:kill.action_event"],
					"transitions": [{"check": "!q.is_stunned"}],
					"animations": ["call.interact"]
				}
			}
		},
		"controller.animation.loadisk.npc.detect": {
			"initial_state": "check",
			"states": {
				"check": {
					"transitions": [{"detect": "q.is_sheared"}]
				},
				"detect": {
					"transitions": [{"check": "!q.is_sheared"}],
					"animations": ["call.detect"]
				}
			}
		}
	}
}