{
    "format_version": "1.10.0",
    "animation_controllers": {
		"controller.animation.loadisk.splitter.check_doll": {
			"initial_state": "state_filter",
			"states": {
				"state_filter": {"transitions": [{"execute": "q.is_baby && !q.is_angry"},{"speed": "q.is_angry"}]},
				"execute": {
					"transitions": [{"state_filter": "!q.is_baby || q.is_angry"}],
					"on_entry": [
						"/scoreboard players add @s v.sarah.doll 1",
						"/execute at @s[scores={v.sarah.doll=1}] run tellraw @a[r=10] {\"rawtext\":[{\"text\":\" §6Splitter: §rIs That my doll?\"}]}",
						"/execute at @s[scores={v.sarah.doll=2}] run tellraw @a[r=10] {\"rawtext\":[{\"text\":\" §6Splitter: §rCan i have it?\"}]}",
						"/execute at @s[scores={v.sarah.doll=3}] run tellraw @a[r=10] {\"rawtext\":[{\"text\":\" §6Splitter: §rGive it back?\"}]}",
						"/execute at @s[scores={v.sarah.doll=4}] run tellraw @a[r=10] {\"rawtext\":[{\"text\":\" §6Splitter: §rGive it me now!\"}]}",
						"/execute at @s[scores={v.sarah.doll=5}] run tellraw @a[r=10] {\"rawtext\":[{\"text\":\" §6Splitter: §rFine ill take it from your corpse!\"}]}",
						"/event @s[scores={v.sarah.doll=5}] loadisk:enraged_event"
					]
				},
				"speed": {
					"transitions": [{"state_filter": "!q.is_angry"}],
					"on_entry": ["/effect @s speed 9999 10 true"],
					"on_exit": ["/effect @s clear"]
				}
			}
		}
    }
}