{
    "format_version": "1.10.0",
    "animation_controllers": {
		"controller.animation.loadisk.statue.debugger.target": {
			"initial_state": "state_filter",
			"states": {
				"state_filter": {"transitions": [{"target": "q.has_target"}]},
				"target": {
					"transitions": [{"state_filter": "!q.has_target"}],
					"on_entry": ["/tellraw @a[tag=debug.log] {\"rawtext\":[{\"text\":\" §4State: §rStatue = Has Target\"}]}"],
					"on_exit": ["/tellraw @a[tag=debug.log] {\"rawtext\":[{\"text\":\" §4State: §rStatue = Lost Target\"}]}"]
				}
			}
		}
    }
}