{
	"format_version": "1.12.0",
	"minecraft:geometry": [
		{
			"description": {
				"identifier": "geometry.loadisk.box",
				"texture_width": 64,
				"texture_height": 64,
				"visible_bounds_width": 3,
				"visible_bounds_height": 2.5,
				"visible_bounds_offset": [0, 0.75, 0]
			},
			"bones": [
				{
					"name": "root",
					"pivot": [0, 0, 0],
					"rotation": [0, 180, 0]
				},
				{
					"name": "box1",
					"parent": "root",
					"pivot": [0, 6, 0],
					"cubes": [
						{"origin": [-6, 0, -6], "size": [12, 12, 12], "uv": [0, 0]}
					]
				},
				{
					"name": "box2",
					"parent": "root",
					"pivot": [-5, 18, 0],
					"rotation": [0, -20, 0],
					"cubes": [
						{"origin": [-11, 12, -6], "size": [12, 12, 12], "pivot": [-5, 12, 0], "rotation": [0, 90, 0], "uv": [0, 0]}
					]
				},
				{
					"name": "box3",
					"parent": "root",
					"pivot": [-12, 6, 0],
					"cubes": [
						{"origin": [-18, 0, -6], "size": [12, 12, 12], "pivot": [-12, 0, 0], "rotation": [0, -90, 0], "uv": [0, 0]}
					]
				}
			]
		}
	]
}