{
	"format_version": "1.12.0",
	"minecraft:geometry": [
		{
			"description": {
				"identifier": "geometry.loadisk.chain_cuff",
				"texture_width": 64,
				"texture_height": 64,
				"visible_bounds_width": 2,
				"visible_bounds_height": 1.5,
				"visible_bounds_offset": [0, 0.25, 0]
			},
			"bones": [
				{
					"name": "root",
					"pivot": [0, 0, 0],
					"cubes": [
						{"origin": [-6, 0, 4], "size": [2, 1, 1], "uv": [0, 7]},
						{"origin": [-4, 0, 2], "size": [1, 1, 2], "uv": [0, 0]},
						{"origin": [-6, 0, 1], "size": [2, 1, 1], "uv": [5, 8]},
						{"origin": [-7, 0, 2], "size": [1, 1, 2], "uv": [0, 3]},
						{"origin": [3, 0, -3], "size": [1, 1, 2], "uv": [0, 3]},
						{"origin": [4, 0, -4], "size": [2, 1, 1], "uv": [5, 8]},
						{"origin": [6, 0, -3], "size": [1, 1, 2], "uv": [0, 0]},
						{"origin": [4, 0, -1], "size": [2, 1, 1], "uv": [0, 7]},
						{"origin": [-8, 0.5, -5], "size": [16, 0, 11], "uv": [0, 0]}
					]
				}
			]
		}
	]
}