{
	"format_version": "1.12.0",
	"minecraft:geometry": [
		{
			"description": {
				"identifier": "geometry.loadisk.footsteps",
				"texture_width": 64,
				"texture_height": 64,
				"visible_bounds_width": 2,
				"visible_bounds_height": 1.5,
				"visible_bounds_offset": [0, 0.25, 0]
			},
			"bones": [
				{
					"name": "root",
					"pivot": [0, 0, 0],
					"cubes": [
						{"origin": [-8, 0.1, -8], "size": [16, 0, 16], "pivot": [0, 0, 0], "rotation": [0, -90, 0], "uv": [0, 0]}
					]
				}
			]
		}
	]
}