{
	"format_version": "1.12.0",
	"minecraft:geometry": [
		{
			"description": {
				"identifier": "geometry.loadisk.gawk",
				"texture_width": 128,
				"texture_height": 128,
				"visible_bounds_width": 3,
				"visible_bounds_height": 4.5,
				"visible_bounds_offset": [0, 1.75, 0]
			},
			"bones": [
				{
					"name": "root",
					"pivot": [0, 21, 6]
				},
				{
					"name": "right_leg",
					"parent": "root",
					"pivot": [-2, 16.57243, 4.8982],
					"cubes": [
						{"origin": [-4, 3.91856, 2.98365], "size": [2, 15, 2], "pivot": [-2, 16.57243, 4.8982], "rotation": [-32.5, 0, 0], "uv": [40, 44]}
					]
				},
				{
					"name": "right_leg2",
					"parent": "right_leg",
					"pivot": [-2, 16.57243, 4.8982],
					"cubes": [
						{"origin": [-4, 6.49427, -6.17951], "size": [2, 8, 2], "pivot": [-2, 5.57243, -3.1018], "rotation": [-117.5, 0, 0], "uv": [8, 10]}
					]
				},
				{
					"name": "right_foot",
					"parent": "right_leg2",
					"pivot": [-2, 0.43976, 8.12836],
					"cubes": [
						{"origin": [-4, 2.18275, 4.23309], "size": [2, 2, 2], "inflate": 0.02, "uv": [38, 32]},
						{"origin": [-4, 0.18275, -2.76691], "size": [2, 2, 10], "inflate": 0.02, "uv": [42, 32]}
					]
				},
				{
					"name": "left_leg",
					"parent": "root",
					"pivot": [-2, 16.57243, 4.8982],
					"cubes": [
						{"origin": [1, 3.91856, 2.98365], "size": [2, 15, 2], "pivot": [-2, 16.57243, 4.8982], "rotation": [-32.5, 0, 0], "uv": [48, 44]}
					]
				},
				{
					"name": "left_leg2",
					"parent": "left_leg",
					"pivot": [-2, 16.57243, 4.8982],
					"cubes": [
						{"origin": [1, 6.49427, -6.17951], "size": [2, 8, 2], "pivot": [-2, 5.57243, -3.1018], "rotation": [-117.5, 0, 0], "uv": [0, 10]}
					]
				},
				{
					"name": "left_foot",
					"parent": "left_leg2",
					"pivot": [-2, 0.43976, 8.12836],
					"cubes": [
						{"origin": [1, 2.18275, 4.23309], "size": [2, 2, 2], "inflate": 0.02, "uv": [30, 42]},
						{"origin": [1, 0.18275, -2.76691], "size": [2, 2, 10], "inflate": 0.02, "uv": [16, 42]}
					]
				},
				{
					"name": "torso",
					"parent": "root",
					"pivot": [-2, 18.57243, 4.8982],
					"cubes": [
						{"origin": [-5, 25.85595, 3.647], "size": [10, 4, 4], "pivot": [-2, 26.85595, 5.647], "rotation": [22.5, 0, 0], "uv": [44, 0]},
						{"origin": [-3, 20.87936, 3.71074], "size": [6, 6, 4], "pivot": [0, 24.87936, 5.71074], "rotation": [-5, 0, 0], "uv": [0, 0]},
						{"origin": [-5, 17.4942, 2.26415], "size": [10, 3, 5], "pivot": [-2, 19.57243, 9.8982], "rotation": [-5, 0, 0], "uv": [38, 24]}
					]
				},
				{
					"name": "left_arm",
					"parent": "torso",
					"pivot": [6, 27.85595, 5.647],
					"cubes": [
						{"origin": [5, 1.85975, 4.73415], "size": [2, 28, 2], "uv": [0, 42]}
					]
				},
				{
					"name": "right_arm",
					"parent": "torso",
					"pivot": [-2, 26.85595, 5.647],
					"cubes": [
						{"origin": [-7, 1.85595, 4.647], "size": [2, 28, 2], "uv": [8, 42]}
					]
				},
				{
					"name": "neck",
					"parent": "torso",
					"pivot": [-2, 26.85595, 5.647],
					"cubes": [
						{"origin": [-1, 29.85595, 4.647], "size": [2, 12, 2], "pivot": [-2, 26.85595, 5.647], "rotation": [22.5, 0, 0], "uv": [16, 54]}
					]
				},
				{
					"name": "neck_2",
					"parent": "neck",
					"pivot": [0, 36.19542, -1.69326],
					"cubes": [
						{"origin": [-1, 27.97127, -3.51174], "size": [2, 12, 2], "inflate": 0.02, "pivot": [0, 36.19542, -1.69326], "rotation": [-35, 0, 0], "uv": [0, 24]}
					]
				},
				{
					"name": "neck_3",
					"parent": "neck_2",
					"pivot": [0, 36.19542, -1.69326],
					"cubes": [
						{"origin": [-1, 28.68458, -8.11285], "size": [2, 5, 2], "pivot": [0, 29.94508, -7.52225], "rotation": [90, 0, 0], "uv": [16, 42]}
					]
				},
				{
					"name": "head",
					"parent": "neck_3",
					"pivot": [0, 17.78452, -6.68221],
					"cubes": [
						{"origin": [-6, 26.68458, -24.11285], "size": [12, 4, 14], "pivot": [0, 29.94508, -11.52225], "rotation": [115, 0, 0], "uv": [0, 24]}
					]
				},
				{
					"name": "lower_jaw",
					"parent": "head",
					"pivot": [0, 17.78452, -6.68221],
					"cubes": [
						{"origin": [-6, 14.89045, -23.86142], "size": [12, 4, 20], "inflate": 0.02, "pivot": [0, 17.78452, -6.68221], "rotation": [77.5, 0, 0], "uv": [0, 0]}
					]
				}
			]
		}
	]
}