{
	"format_version": "1.12.0",
	"minecraft:geometry": [
		{
			"description": {
				"identifier": "geometry.loadisk.lamp",
				"texture_width": 64,
				"texture_height": 64,
				"visible_bounds_width": 3,
				"visible_bounds_height": 3.5,
				"visible_bounds_offset": [0, 1.25, 0]
			},
			"bones": [
				{
					"name": "bb_main",
					"pivot": [0, 0, 0],
					"cubes": [
						{"origin": [-4, 0, -4], "size": [8, 1, 8], "uv": [0, 0]},
						{"origin": [-3, 1, -3], "size": [6, 2, 6], "uv": [0, 9]},
						{"origin": [-1, 1, 1], "size": [2, 25, 1], "uv": [0, 17]},
						{"origin": [-1, 23.25, 1.75], "size": [2, 8, 1], "inflate": 0.01, "pivot": [0, 24, 0], "rotation": [62.5, 0, 0], "uv": [24, 24]}
					]
				},
				{
					"name": "bone",
					"parent": "bb_main",
					"pivot": [0, 27, -6],
					"cubes": [
						{"origin": [-1, 27.25, -7], "size": [2, 3, 2], "inflate": 0.02, "pivot": [0, 29, -5], "rotation": [-22.5, 0, 0], "uv": [24, 0]},
						{"origin": [-2, 23.7, -9.5], "size": [4, 4, 1], "pivot": [0, 27, -6], "rotation": [-20, 0, 0], "uv": [6, 21]},
						{"origin": [-2, 23.8, -5.5], "size": [4, 4, 1], "pivot": [0, 27, -6], "rotation": [-20, 0, 0], "uv": [18, 9]},
						{"origin": [-2, 27.4, -8.5], "size": [4, 1, 3], "pivot": [0, 27, -6], "rotation": [-20, 0, 0], "uv": [6, 17]},
						{"origin": [2, 23.8, -8.5], "size": [1, 4, 3], "pivot": [0, 27, -6], "rotation": [-20, 0, 0], "uv": [17, 18]},
						{"origin": [-3, 23.7, -8.5], "size": [1, 4, 3], "pivot": [0, 27, -6], "rotation": [-20, 0, 0], "uv": [0, 0]},
						{"origin": [-1, 24, -8], "size": [2, 3, 2], "pivot": [0, 27, -6], "rotation": [-20, 0, 0], "uv": [22, 15]}
					]
				}
			]
		}
	]
}