{
	"format_version": "1.12.0",
	"minecraft:geometry": [
		{
			"description": {
				"identifier": "geometry.loadisk.maraca",
				"texture_width": 16,
				"texture_height": 16,
				"visible_bounds_width": 2,
				"visible_bounds_height": 1.5,
				"visible_bounds_offset": [0, 0.25, 0]
			},
			"bones": [
				{
					"name": "bone",
					"pivot": [0, 0, 0],
					"rotation": [0, 90, 0],
					"cubes": [
						{"origin": [1, 0.5, -0.5], "size": [1, 1, 1], "uv": [0, 4]},
						{"origin": [-3, 0, -1], "size": [2, 2, 2], "uv": [0, 0]},
						{"origin": [-1, 1, 0], "size": [2, 0, 0], "inflate": 0.2, "uv": [0, 0]},
						{"origin": [-3.25, 0.25, -0.75], "size": [1, 1.5, 1.5], "uv": [0, 6]},
						{"origin": [-2.75, 0.5, -0.5], "size": [2, 1, 1], "inflate": 0.2, "uv": [3, 4]}
					]
				}
			]
		}
	]
}