{
	"format_version": "1.12.0",
	"minecraft:geometry": [
		{
			"description": {
				"identifier": "geometry.loadisk.mask_man",
				"texture_width": 64,
				"texture_height": 64,
				"visible_bounds_width": 2,
				"visible_bounds_height": 3.5,
				"visible_bounds_offset": [0, 1.25, 0]
			},
			"bones": [
				{
					"name": "root",
					"pivot": [0, 17, 0]
				},
				{
					"name": "head",
					"parent": "root",
					"pivot": [0, 26.5, -1.5],
					"cubes": [
						{"origin": [-3, 23, -4], "size": [6, 7, 5], "uv": [26, 0]}
					]
				},
				{
					"name": "mask",
					"parent": "head",
					"pivot": [0, 0, 0],
					"cubes": [
						{"origin": [-3, 23, -5], "size": [6, 1, 2], "inflate": 0.02, "uv": [0, 40]},
						{"origin": [-3, 28, -5], "size": [6, 1, 2], "uv": [37, 27]},
						{"origin": [-3, 26, -5], "size": [6, 1, 2], "uv": [37, 12]},
						{"origin": [-3, 25, -5], "size": [6, 1, 2], "uv": [0, 37]},
						{"origin": [-3, 24, -5], "size": [1, 1, 2], "uv": [42, 15]},
						{"origin": [2, 24, -5], "size": [1, 1, 2], "uv": [40, 40]},
						{"origin": [-1, 27, -5], "size": [2, 1, 2], "uv": [21, 0]},
						{"origin": [3, 24, -4.5], "size": [1, 6, 2], "uv": [22, 40]},
						{"origin": [-2, 22, -4.5], "size": [4, 1, 2], "uv": [14, 35]},
						{"origin": [-4, 24, -4.5], "size": [1, 6, 2], "uv": [16, 38]},
						{"origin": [-3, 29, -4.5], "size": [6, 2, 2], "uv": [0, 33]}
					]
				},
				{
					"name": "chest",
					"parent": "root",
					"pivot": [0, 0, 0],
					"cubes": [
						{"origin": [-4, 13, -4], "size": [8, 10, 5], "uv": [0, 18]}
					]
				},
				{
					"name": "legs",
					"parent": "root",
					"pivot": [0, 11.5, -1.5],
					"cubes": [
						{"origin": [-4, 0, -4], "size": [8, 13, 5], "inflate": 0.01, "uv": [0, 0]}
					]
				},
				{
					"name": "arms",
					"parent": "root",
					"pivot": [0, 21, -1.5]
				},
				{
					"name": "left_arm",
					"parent": "arms",
					"pivot": [6, 21.5, -1.5],
					"cubes": [
						{"origin": [4, 13, -4], "size": [3, 10, 5], "uv": [26, 12]}
					]
				},
				{
					"name": "right_arm",
					"parent": "arms",
					"pivot": [-5, 21, -1.5],
					"cubes": [
						{"origin": [-7, 13, -4], "size": [3, 10, 5], "uv": [26, 27]}
					]
				}
			]
		}
	]
}