{
	"format_version": "1.12.0",
	"minecraft:geometry": [
		{
			"description": {
				"identifier": "geometry.overlay",
				"texture_width": 512,
				"texture_height": 540,
				"visible_bounds_width": 55,
				"visible_bounds_height": 301,
				"visible_bounds_offset": [0, 78.5, 0]
			},
			"bones": [
				{
					"name": "bb_main",
					"pivot": [0, 0, 0]
				},
				{
					"name": "static",
					"pivot": [0, 27, 0]
				},
				{
					"name": "static_1",
					"parent": "static",
					"pivot": [0, 732, 0.5],
					"cubes": [
						{
							"origin": [-72, 700, 0.5],
							"size": [144, 64, 0],
							"uv": {
								"north": {"uv": [0, 0], "uv_size": [144, 49.5]}
							}
						}
					]
				},
				{
					"name": "static_2",
					"parent": "static",
					"pivot": [64, 0, 0],
					"cubes": [
						{
							"origin": [-72, 700, 0.5],
							"size": [144, 64, 0],
							"uv": {
								"north": {"uv": [0, 49.5], "uv_size": [144, 67.5]}
							}
						}
					]
				},
				{
					"name": "static_3",
					"parent": "static",
					"pivot": [64, 0, 0],
					"cubes": [
						{
							"origin": [-72, 700, 0.5],
							"size": [144, 64, 0],
							"uv": {
								"north": {"uv": [0, 117], "uv_size": [144, 67.5]}
							}
						}
					]
				},
				{
					"name": "static_4",
					"parent": "static",
					"pivot": [64, 0, 0],
					"cubes": [
						{
							"origin": [-72, 700, 0.5],
							"size": [144, 64, 0],
							"uv": {
								"north": {"uv": [144, 0], "uv_size": [144, 49.5]}
							}
						}
					]
				},
				{
					"name": "static_5",
					"parent": "static",
					"pivot": [64, 0, 0],
					"cubes": [
						{
							"origin": [-72, 700, 0.5],
							"size": [144, 64, 0],
							"uv": {
								"north": {"uv": [144, 49.5], "uv_size": [144, 67.5]}
							}
						}
					]
				},
				{
					"name": "static_6",
					"parent": "static",
					"pivot": [64, 0, 0],
					"cubes": [
						{
							"origin": [-72, 700, 0.5],
							"size": [144, 64, 0],
							"uv": {
								"north": {"uv": [144, 117], "uv_size": [144, 67.5]}
							}
						}
					]
				},
				{
					"name": "static_7",
					"parent": "static",
					"pivot": [64, 0, 0],
					"cubes": [
						{
							"origin": [-72, 700, 0.5],
							"size": [144, 64, 0],
							"uv": {
								"north": {"uv": [0, 184.5], "uv_size": [144, 67.5]}
							}
						}
					]
				},
				{
					"name": "static_8",
					"parent": "static",
					"pivot": [64, 0, 0],
					"cubes": [
						{
							"origin": [-72, 700, 0.5],
							"size": [144, 64, 0],
							"uv": {
								"north": {"uv": [144, 184.5], "uv_size": [144, 67.5]}
							}
						}
					]
				},
				{
					"name": "static_9",
					"parent": "static",
					"pivot": [64, 0, 0],
					"cubes": [
						{
							"origin": [-72, 700, 0.5],
							"size": [144, 64, 0],
							"uv": {
								"north": {"uv": [0, 252], "uv_size": [144, 67.5]}
							}
						}
					]
				},
				{
					"name": "static_10",
					"parent": "static",
					"pivot": [64, 0, 0],
					"cubes": [
						{
							"origin": [-72, 700, 0.5],
							"size": [144, 64, 0],
							"uv": {
								"north": {"uv": [144, 252], "uv_size": [144, 67.5]}
							}
						}
					]
				},
				{
					"name": "static_transition",
					"pivot": [0, 0, 0]
				},
				{
					"name": "transition_1",
					"parent": "static_transition",
					"pivot": [77, 0, 0],
					"cubes": [
						{
							"origin": [-90, 800, -0.2],
							"size": [180, 110, 0],
							"uv": {
								"north": {"uv": [397, 0], "uv_size": [115, 39.5]}
							}
						}
					]
				},
				{
					"name": "transition_2",
					"parent": "static_transition",
					"pivot": [77, 0, 0],
					"cubes": [
						{
							"origin": [-90, 800, -0.2],
							"size": [180, 110, 0],
							"uv": {
								"north": {"uv": [397, 39.5], "uv_size": [115, 67.5]}
							}
						}
					]
				},
				{
					"name": "transition_3",
					"parent": "static_transition",
					"pivot": [77, 0, 0],
					"cubes": [
						{
							"origin": [-90, 800, -0.2],
							"size": [180, 110, 0],
							"uv": {
								"north": {"uv": [397, 107], "uv_size": [115, 67.5]}
							}
						}
					]
				},
				{
					"name": "transition_4",
					"parent": "static_transition",
					"pivot": [77, 0, 0],
					"cubes": [
						{
							"origin": [-90, 800, -0.2],
							"size": [180, 110, 0],
							"uv": {
								"north": {"uv": [397, 174.5], "uv_size": [115, 67.5]}
							}
						}
					]
				},
				{
					"name": "transition_5",
					"parent": "static_transition",
					"pivot": [77, 0, 0],
					"cubes": [
						{
							"origin": [-90, 800, -0.2],
							"size": [180, 110, 0],
							"uv": {
								"north": {"uv": [397, 242], "uv_size": [115, 67.5]}
							}
						}
					]
				},
				{
					"name": "transition_6",
					"parent": "static_transition",
					"pivot": [77, 0, 0],
					"cubes": [
						{
							"origin": [-90, 800, -0.2],
							"size": [180, 110, 0],
							"uv": {
								"north": {"uv": [397, 309.5], "uv_size": [115, 67.5]}
							}
						}
					]
				},
				{
					"name": "transition_7",
					"parent": "static_transition",
					"pivot": [77, 0, 0],
					"cubes": [
						{
							"origin": [-90, 800, -0.2],
							"size": [180, 110, 0],
							"uv": {
								"north": {"uv": [397, 377], "uv_size": [115, 67.5]}
							}
						}
					]
				},
				{
					"name": "transition_8",
					"parent": "static_transition",
					"pivot": [77, 0, 0],
					"cubes": [
						{
							"origin": [-90, 800, -0.2],
							"size": [180, 110, 0],
							"uv": {
								"north": {"uv": [397, 444.5], "uv_size": [115, 67.5]}
							}
						}
					]
				},
				{
					"name": "loading_ui",
					"pivot": [0, 200, -0.5],
					"cubes": [
						{
							"origin": [-90, 200, -0.35],
							"size": [180, 110, 0],
							"uv": {
								"north": {"uv": [180, 319.98438], "uv_size": [180, 110.01563]}
							}
						},
						{
							"origin": [-65, 244, -0.85],
							"size": [128, 14, 0],
							"uv": {
								"north": {"uv": [109, 427.20313], "uv_size": [9, 1.38281]}
							}
						}
					]
				},
				{
					"name": "bars2",
					"parent": "loading_ui",
					"pivot": [0, 260, -1.6]
				},
				{
					"name": "bar_15",
					"parent": "bars2",
					"pivot": [-59.5, 262, -0.6],
					"cubes": [
						{
							"origin": [-63, 245, -1.45],
							"size": [7, 12, 0],
							"uv": {
								"north": {"uv": [103, 538.94531], "uv_size": [9, 1.05469]}
							}
						}
					]
				},
				{
					"name": "bar_16",
					"parent": "bars2",
					"pivot": [-50.5, 262, -0.6],
					"cubes": [
						{
							"origin": [-54, 245, -1.45],
							"size": [7, 12, 0],
							"uv": {
								"north": {"uv": [103, 538.94531], "uv_size": [9, 1.05469]}
							}
						}
					]
				},
				{
					"name": "bar_17",
					"parent": "bars2",
					"pivot": [-41.5, 262, -0.6],
					"cubes": [
						{
							"origin": [-45, 245, -1.45],
							"size": [7, 12, 0],
							"uv": {
								"north": {"uv": [103, 538.94531], "uv_size": [9, 1.05469]}
							}
						}
					]
				},
				{
					"name": "bar_18",
					"parent": "bars2",
					"pivot": [-32.5, 262, -0.6],
					"cubes": [
						{
							"origin": [-36, 245, -1.45],
							"size": [7, 12, 0],
							"uv": {
								"north": {"uv": [103, 538.94531], "uv_size": [9, 1.05469]}
							}
						}
					]
				},
				{
					"name": "bar_19",
					"parent": "bars2",
					"pivot": [-23.5, 262, -0.6],
					"cubes": [
						{
							"origin": [-27, 245, -1.45],
							"size": [7, 12, 0],
							"uv": {
								"north": {"uv": [103, 538.94531], "uv_size": [9, 1.05469]}
							}
						}
					]
				},
				{
					"name": "bar_20",
					"parent": "bars2",
					"pivot": [-14.5, 262, -0.6],
					"cubes": [
						{
							"origin": [-18, 245, -1.45],
							"size": [7, 12, 0],
							"uv": {
								"north": {"uv": [103, 538.94531], "uv_size": [9, 1.05469]}
							}
						}
					]
				},
				{
					"name": "bar_21",
					"parent": "bars2",
					"pivot": [-5.5, 262, -0.6],
					"cubes": [
						{
							"origin": [-9, 245, -1.45],
							"size": [7, 12, 0],
							"uv": {
								"north": {"uv": [103, 538.94531], "uv_size": [9, 1.05469]}
							}
						}
					]
				},
				{
					"name": "bar_22",
					"parent": "bars2",
					"pivot": [3.5, 262, -0.6],
					"cubes": [
						{
							"origin": [0, 245, -1.45],
							"size": [7, 12, 0],
							"uv": {
								"north": {"uv": [103, 538.94531], "uv_size": [9, 1.05469]}
							}
						}
					]
				},
				{
					"name": "bar_23",
					"parent": "bars2",
					"pivot": [12.5, 262, -0.6],
					"cubes": [
						{
							"origin": [9, 245, -1.45],
							"size": [7, 12, 0],
							"uv": {
								"north": {"uv": [103, 538.94531], "uv_size": [9, 1.05469]}
							}
						}
					]
				},
				{
					"name": "bar_24",
					"parent": "bars2",
					"pivot": [21.5, 262, -0.6],
					"cubes": [
						{
							"origin": [18, 245, -1.45],
							"size": [7, 12, 0],
							"uv": {
								"north": {"uv": [103, 538.94531], "uv_size": [9, 1.05469]}
							}
						}
					]
				},
				{
					"name": "bar_25",
					"parent": "bars2",
					"pivot": [30.5, 262, -0.6],
					"cubes": [
						{
							"origin": [27, 245, -1.45],
							"size": [7, 12, 0],
							"uv": {
								"north": {"uv": [103, 538.94531], "uv_size": [9, 1.05469]}
							}
						}
					]
				},
				{
					"name": "bar_26",
					"parent": "bars2",
					"pivot": [39.5, 262, -0.6],
					"cubes": [
						{
							"origin": [36, 245, -1.45],
							"size": [7, 12, 0],
							"uv": {
								"north": {"uv": [103, 538.94531], "uv_size": [9, 1.05469]}
							}
						}
					]
				},
				{
					"name": "bar_27",
					"parent": "bars2",
					"pivot": [48.5, 262, -0.6],
					"cubes": [
						{
							"origin": [45, 245, -1.45],
							"size": [7, 12, 0],
							"uv": {
								"north": {"uv": [103, 538.94531], "uv_size": [9, 1.05469]}
							}
						}
					]
				},
				{
					"name": "bar_28",
					"parent": "bars2",
					"pivot": [57.5, 262, -0.6],
					"cubes": [
						{
							"origin": [54, 245, -1.45],
							"size": [7, 12, 0],
							"uv": {
								"north": {"uv": [103, 538.94531], "uv_size": [9, 1.05469]}
							}
						}
					]
				},
				{
					"name": "report_ui",
					"pivot": [0, 550, -0.5],
					"cubes": [
						{
							"origin": [-90, 550, -0.35],
							"size": [180, 110, 0],
							"uv": {
								"north": {"uv": [0, 429.98438], "uv_size": [180, 110.01563]}
							}
						},
						{
							"origin": [-65, 605, -0.85],
							"size": [128, 14, 0],
							"uv": {
								"north": {"uv": [109, 427.20313], "uv_size": [9, 1.38281]}
							}
						}
					]
				},
				{
					"name": "bars",
					"parent": "report_ui",
					"pivot": [0, 610, -1.6]
				},
				{
					"name": "bar_1",
					"parent": "bars",
					"pivot": [-59.5, 612, -0.6],
					"cubes": [
						{
							"origin": [-63, 606, -1.45],
							"size": [7, 12, 0],
							"uv": {
								"north": {"uv": [103, 538.94531], "uv_size": [9, 1.05469]}
							}
						}
					]
				},
				{
					"name": "bar_2",
					"parent": "bars",
					"pivot": [-50.5, 612, -0.6],
					"cubes": [
						{
							"origin": [-54, 606, -1.45],
							"size": [7, 12, 0],
							"uv": {
								"north": {"uv": [103, 538.94531], "uv_size": [9, 1.05469]}
							}
						}
					]
				},
				{
					"name": "bar_3",
					"parent": "bars",
					"pivot": [-41.5, 612, -0.6],
					"cubes": [
						{
							"origin": [-45, 606, -1.45],
							"size": [7, 12, 0],
							"uv": {
								"north": {"uv": [103, 538.94531], "uv_size": [9, 1.05469]}
							}
						}
					]
				},
				{
					"name": "bar_4",
					"parent": "bars",
					"pivot": [-32.5, 612, -0.6],
					"cubes": [
						{
							"origin": [-36, 606, -1.45],
							"size": [7, 12, 0],
							"uv": {
								"north": {"uv": [103, 538.94531], "uv_size": [9, 1.05469]}
							}
						}
					]
				},
				{
					"name": "bar_5",
					"parent": "bars",
					"pivot": [-23.5, 612, -0.6],
					"cubes": [
						{
							"origin": [-27, 606, -1.45],
							"size": [7, 12, 0],
							"uv": {
								"north": {"uv": [103, 538.94531], "uv_size": [9, 1.05469]}
							}
						}
					]
				},
				{
					"name": "bar_6",
					"parent": "bars",
					"pivot": [-14.5, 612, -0.6],
					"cubes": [
						{
							"origin": [-18, 606, -1.45],
							"size": [7, 12, 0],
							"uv": {
								"north": {"uv": [103, 538.94531], "uv_size": [9, 1.05469]}
							}
						}
					]
				},
				{
					"name": "bar_7",
					"parent": "bars",
					"pivot": [-5.5, 612, -0.6],
					"cubes": [
						{
							"origin": [-9, 606, -1.45],
							"size": [7, 12, 0],
							"uv": {
								"north": {"uv": [103, 538.94531], "uv_size": [9, 1.05469]}
							}
						}
					]
				},
				{
					"name": "bar_8",
					"parent": "bars",
					"pivot": [3.5, 612, -0.6],
					"cubes": [
						{
							"origin": [0, 606, -1.45],
							"size": [7, 12, 0],
							"uv": {
								"north": {"uv": [103, 538.94531], "uv_size": [9, 1.05469]}
							}
						}
					]
				},
				{
					"name": "bar_9",
					"parent": "bars",
					"pivot": [12.5, 612, -0.6],
					"cubes": [
						{
							"origin": [9, 606, -1.45],
							"size": [7, 12, 0],
							"uv": {
								"north": {"uv": [103, 538.94531], "uv_size": [9, 1.05469]}
							}
						}
					]
				},
				{
					"name": "bar_10",
					"parent": "bars",
					"pivot": [21.5, 612, -0.6],
					"cubes": [
						{
							"origin": [18, 606, -1.45],
							"size": [7, 12, 0],
							"uv": {
								"north": {"uv": [103, 538.94531], "uv_size": [9, 1.05469]}
							}
						}
					]
				},
				{
					"name": "bar_11",
					"parent": "bars",
					"pivot": [30.5, 612, -0.6],
					"cubes": [
						{
							"origin": [27, 606, -1.45],
							"size": [7, 12, 0],
							"uv": {
								"north": {"uv": [103, 538.94531], "uv_size": [9, 1.05469]}
							}
						}
					]
				},
				{
					"name": "bar_12",
					"parent": "bars",
					"pivot": [39.5, 612, -0.6],
					"cubes": [
						{
							"origin": [36, 606, -1.45],
							"size": [7, 12, 0],
							"uv": {
								"north": {"uv": [103, 538.94531], "uv_size": [9, 1.05469]}
							}
						}
					]
				},
				{
					"name": "bar_13",
					"parent": "bars",
					"pivot": [48.5, 612, -0.6],
					"cubes": [
						{
							"origin": [45, 606, -1.45],
							"size": [7, 12, 0],
							"uv": {
								"north": {"uv": [103, 538.94531], "uv_size": [9, 1.05469]}
							}
						}
					]
				},
				{
					"name": "bar_14",
					"parent": "bars",
					"pivot": [57.5, 612, -0.6],
					"cubes": [
						{
							"origin": [54, 606, -1.45],
							"size": [7, 12, 0],
							"uv": {
								"north": {"uv": [103, 538.94531], "uv_size": [9, 1.05469]}
							}
						}
					]
				},
				{
					"name": "error_ui",
					"pivot": [0, 490, -0.3],
					"cubes": [
						{
							"origin": [-90, 435, -0.3],
							"size": [180, 110, 0],
							"uv": {
								"north": {"uv": [0, 319.98438], "uv_size": [180, 110.01563]}
							}
						}
					]
				},
				{
					"name": "warning_ui",
					"pivot": [1, 376, -0.25],
					"cubes": [
						{
							"origin": [-89, 321, -0.25],
							"size": [180, 110, 0],
							"uv": {
								"north": {"uv": [180, 429.98438], "uv_size": [180, 110.01563]}
							}
						}
					]
				},
				{
					"name": "bone",
					"pivot": [-69, -788, 0]
				}
			]
		}
	]
}