{
	"format_version": "1.12.0",
	"minecraft:geometry": [
		{
			"description": {
				"identifier": "geometry.loadisk.pillow",
				"texture_width": 16,
				"texture_height": 16,
				"visible_bounds_width": 2,
				"visible_bounds_height": 2.5,
				"visible_bounds_offset": [0, 0.75, 0]
			},
			"bones": [
				{
					"name": "root",
					"pivot": [0, 0.5, -0.02437],
					"rotation": [90, 180, 0]
				},
				{
					"name": "pillow",
					"parent": "root",
					"pivot": [0, 0.5, -0.02437],
					"cubes": [
						{"origin": [-2, -1.75, -0.75], "size": [4, 2, 1], "inflate": 0.012, "uv": [0, 4]},
						{"origin": [-2, -1.5, 0], "size": [4, 2, 0], "inflate": 0.19, "pivot": [0, 0.5, -1], "rotation": [7.5, 0, 0], "uv": [8, 9]},
						{"origin": [-2, -0.5, 0], "size": [4, 2, 0], "inflate": 0.2, "pivot": [0, 0.5, -1], "rotation": [0, -5, 0], "uv": [0, 9]},
						{"origin": [-2, -0.5, 0], "size": [4, 2, 0], "inflate": 0.2, "pivot": [0, 0.5, -1], "rotation": [0, 5, 0], "uv": [8, 7]},
						{"origin": [-2, 0.5, 0], "size": [4, 2, 0], "inflate": 0.2, "pivot": [0, 0.5, -1], "rotation": [-7.5, 0, 0], "uv": [0, 7]},
						{"origin": [-2, -0.25, -0.75], "size": [4, 3, 1], "uv": [0, 0]},
						{"origin": [1.25, 2.25, -0.24], "size": [1, 1, 0], "uv": [14, 11]},
						{"origin": [-2.75, 1.75, -0.25], "size": [1, 1, 0], "uv": [14, 11], "mirror": true},
						{"origin": [-2.25, 2.25, -0.24], "size": [1, 1, 0], "uv": [14, 11], "mirror": true},
						{"origin": [-2.25, -2.25, -0.24], "size": [1, 1, 0], "uv": [14, 11], "mirror": true},
						{"origin": [-2.75, -1.75, -0.25], "size": [1, 1, 0], "uv": [14, 11], "mirror": true},
						{"origin": [1.75, -1.75, -0.25], "size": [1, 1, 0], "uv": [14, 11]},
						{"origin": [1.25, -2.25, -0.24], "size": [1, 1, 0], "uv": [14, 11]},
						{"origin": [1.75, 1.75, -0.25], "size": [1, 1, 0], "uv": [14, 11]},
						{"origin": [-2, -1.5, -0.75], "size": [0, 4, 1], "inflate": 0.001, "uv": [0, 0]}
					]
				}
			]
		}
	]
}