{
	"format_version": "1.12.0",
	"minecraft:geometry": [
		{
			"description": {
				"identifier": "geometry.loadisk.pumpkin",
				"texture_width": 64,
				"texture_height": 64,
				"visible_bounds_width": 2,
				"visible_bounds_height": 2.5,
				"visible_bounds_offset": [0, 0.75, 0]
			},
			"bones": [
				{
					"name": "bb_main",
					"pivot": [0, 0, 0],
					"rotation": [0, 90, 0],
					"cubes": [
						{"origin": [-1, 7, -1], "size": [2, 3, 2], "uv": [0, 0]},
						{"origin": [-4, 0, -4], "size": [8, 8, 2], "uv": [28, 0]},
						{"origin": [-4.5, 0, -2], "size": [2, 8, 4], "uv": [28, 32]},
						{"origin": [-3, -0.75, -2], "size": [6, 8, 4], "uv": [0, 22]},
						{"origin": [2.5, 0, -2], "size": [2, 8, 4], "uv": [16, 32]},
						{"origin": [-4, 0, 2], "size": [8, 8, 2], "uv": [20, 22]},
						{"origin": [-5, 1, -5], "size": [2, 6, 10], "uv": [14, 6]},
						{"origin": [-3, 1, 4], "size": [6, 6, 2], "uv": [38, 10]},
						{"origin": [-3, 1, -6], "size": [6, 6, 2], "uv": [0, 34]},
						{"origin": [3, 1, -5], "size": [2, 6, 10], "uv": [0, 0]}
					]
				}
			]
		}
	]
}