{
	"format_version": "1.12.0",
	"minecraft:geometry": [
		{
			"description": {
				"identifier": "geometry.unknown",
				"texture_width": 128,
				"texture_height": 128,
				"visible_bounds_width": 4,
				"visible_bounds_height": 3.5,
				"visible_bounds_offset": [0, 1.25, 0]
			},
			"bones": [
				{
					"name": "root",
					"pivot": [0, 0, 0],
					"cubes": [
						{"origin": [5, 12, -3], "size": [2, 6, 3], "inflate": 0.015, "pivot": [0, 14, 0], "rotation": [-30, 0, 0], "uv": [0, 47]},
						{"origin": [-8, 0, 8], "size": [16, 16, 16], "uv": [0, 0]},
						{"origin": [-7, 0, -7], "size": [14, 2, 14], "uv": [0, 0]},
						{"origin": [-4, 2, -2], "size": [3, 14, 5], "uv": [32, 33]},
						{"origin": [2, 2, -2], "size": [3, 14, 5], "uv": [16, 33]},
						{"origin": [-1, 2, -1], "size": [3, 14, 5], "inflate": 0.02, "uv": [0, 28]},
						{"origin": [-8, 16, 8], "size": [16, 16, 16], "uv": [0, 0]},
						{"origin": [-3, 17, -1], "size": [7, 2, 4], "uv": [48, 38]},
						{"origin": [-4, 19, -2], "size": [9, 5, 5], "uv": [21, 23]},
						{"origin": [-6, 17, -1], "size": [2, 6, 3], "uv": [49, 23]},
						{"origin": [5.01, 17.46776, -0.98634], "size": [2, 6, 3], "uv": [48, 44]},
						{"origin": [-1, 23, -1], "size": [3, 2, 2], "uv": [0, 9]},
						{"origin": [-3, 25, -3], "size": [7, 6, 6], "uv": [0, 16]},
						{"origin": [-6, 11, -1], "size": [2, 6, 3], "uv": [0, 0]},
						{"origin": [-4, 14.75, -2.25], "size": [9, 2, 4], "pivot": [0, 15, 0], "rotation": [-27.5, 0, 0], "uv": [20, 16]},
						{"origin": [-4, 14.5, -0.75], "size": [9, 1, 4], "inflate": 0.02, "pivot": [0, 15, 0], "rotation": [27.5, 0, 0], "uv": [42, 18]},
						{"origin": [-1, 12, 2], "size": [3, 2, 1], "pivot": [0, 15, 0], "rotation": [60, 0, 0], "uv": [11, 28]},
						{"origin": [-4, 15, -0.5], "size": [9, 2, 3], "inflate": 0.01, "uv": [43, 33]},
						{"origin": [-3, 23, 2], "size": [7, 8, 2], "inflate": 0.01, "uv": [42, 0]}
					]
				}
			]
		}
	]
}