{
	"format_version": "1.12.0",
	"minecraft:geometry": [
		{
			"description": {
				"identifier": "geometry.loadisk.tv",
				"texture_width": 256,
				"texture_height": 256,
				"visible_bounds_width": 6,
				"visible_bounds_height": 4.5,
				"visible_bounds_offset": [0, 1.75, 0]
			},
			"bones": [
				{
					"name": "root",
					"pivot": [8, 0, 0]
				},
				{
					"name": "tv",
					"parent": "root",
					"pivot": [8, 0, 0],
					"cubes": [
						{"origin": [12.25, 21, -6.75], "size": [2, 2, 2], "uv": [0, 66]},
						{"origin": [9.75, 21, -6.75], "size": [2, 2, 2], "uv": [0, 70]},
						{"origin": [-12, 14, -5], "size": [21, 9, 9], "uv": [71, 57]},
						{"origin": [9, 14, -6], "size": [6, 9, 10], "uv": [112, 89]},
						{"origin": [-15, 14, -6], "size": [3, 9, 10], "uv": [32, 112]},
						{"origin": [-15, 12, -6], "size": [30, 2, 10], "uv": [0, 54]},
						{"origin": [-15, 23, -6], "size": [30, 2, 10], "uv": [0, 66]},
						{"origin": [-12, 14, -6.3], "size": [21, 9, 0], "uv": [104, 75]}
					],
					"locators": {
						"locator": [-1.5, 18, -4]
					}
				},
				{
					"name": "stereo",
					"parent": "root",
					"pivot": [8, 0, 0],
					"cubes": [
						{"origin": [-30, 12, -6], "size": [12, 14, 10], "uv": [70, 75]},
						{"origin": [17, 12, -6], "size": [12, 14, 10], "uv": [0, 78]}
					]
				},
				{
					"name": "tv_stand",
					"parent": "root",
					"pivot": [8, 0, 0],
					"cubes": [
						{"origin": [-31, 25, -7], "size": [62, 5, 14], "uv": [0, 19]},
						{"origin": [-31, 12, -7], "size": [2, 13, 14], "uv": [94, 99]},
						{"origin": [-18, 12, -7], "size": [2, 13, 14], "uv": [44, 85]},
						{"origin": [16, 12, -7], "size": [2, 13, 14], "uv": [62, 99]},
						{"origin": [29, 12, -7], "size": [2, 13, 14], "uv": [0, 102]},
						{"origin": [-31, 12, 4], "size": [62, 13, 3], "inflate": 0.02, "uv": [0, 38]},
						{"origin": [-31, 7, -7], "size": [62, 5, 14], "uv": [0, 0]}
					]
				},
				{
					"name": "Antenea",
					"parent": "root",
					"pivot": [8, 0, 0],
					"cubes": [
						{"origin": [-9, 28, -1], "size": [1, 18, 1], "pivot": [-11, 31, 0], "rotation": [0, 0, -35], "uv": [54, 78]},
						{"origin": [-4, 26, -1], "size": [1, 21, 1], "pivot": [1, 31, 0], "rotation": [0, 0, 32.5], "uv": [58, 112]},
						{"origin": [-10, 29, -2], "size": [7, 2, 3], "uv": [34, 78]},
						{"origin": [5, 46, -1], "size": [2, 2, 2], "inflate": 0.01, "pivot": [6, 47, 0], "rotation": [0, 0, -15], "uv": [0, 58]},
						{"origin": [-19, 44, -1], "size": [2, 2, 2], "inflate": 0.02, "pivot": [-18, 45, 0], "rotation": [0, 0, 7.5], "uv": [0, 54]}
					]
				},
				{
					"name": "leg",
					"parent": "root",
					"pivot": [-15, 0, -5],
					"cubes": [
						{"origin": [20, -4, -4], "size": [2, 12, 2], "pivot": [17, 0, 0], "rotation": [0, 0, -20], "uv": [0, 19]},
						{"origin": [-19.56422, -3, -5.01903], "size": [2, 12, 2], "pivot": [-15, 0, -5], "rotation": [0, -5, 20], "uv": [44, 83]},
						{"origin": [-20.36184, -0.94788, 3], "size": [2, 12, 2], "pivot": [-21, 0, 0], "rotation": [0, 0, 20], "uv": [62, 78]},
						{"origin": [20, -4, 3], "size": [2, 12, 2], "pivot": [18, 0, 4], "rotation": [0, 0, -20], "uv": [0, 0]}
					]
				}
			]
		}
	]
}