{
	"format_version": "1.19.50",
	"minecraft:block": {
		"description": {
			"identifier": "loadisk:map_backing",
			"menu_category": {
				"category": "construction"
			}
		},
		"components": {
			"minecraft:collision_box": true,
			"minecraft:destructible_by_mining": {
				"seconds_to_destroy": 2.5
			},
			"minecraft:destructible_by_explosion": {
				"explosion_resistance": 15
			},
			"minecraft:material_instances": {
				"*": {
					"texture": "map_backing",
					"render_method": "alpha_test"
				}
			},
			"minecraft:light_dampening": 15,
			"minecraft:light_emission": 5,
			"minecraft:map_color": "#77523b",
			"minecraft:loot": "loot_tables/blocks/null.json"
		}
	}
}