{
    "format_version": "1.8.0",
    "render_controllers": {
      "controller.render.loadisk.2_texture": {
        "arrays": {
          "textures": {
            "Array.skins": [
              "Texture.skin00",
              "Texture.skin01"
            ]
          }
        },
        "geometry": "Geometry.default",
        "materials": [
          { "*": "Material.default" }
        ],
        "textures": [
          "Array.skins[q.skin_id]"
        ]
      },
      "controller.render.loadisk.5_texture": {
        "arrays": {
          "textures": {
            "Array.skins": [
              "texture.skin00",
              "texture.skin01",
              "texture.skin02",
              "texture.skin03",
              "texture.skin04",
              "texture.skin05"
            ]
          }
        },
        "geometry": "Geometry.default",
        "materials": [
          { "*": "Material.default" }
        ],
        "textures": [
          "Array.skins[q.property('ld:score')]"
        ]
      },
      "controller.render.loadisk.ghost.male": {
        "geometry": "geometry.male",
        "materials": [ { "*": "Material.default" } ],
        "textures": [ "texture.male" ]
      },
      "controller.render.loadisk.ghost.female": {
        "geometry": "geometry.female",
        "materials": [ { "*": "Material.default" } ],
        "textures": [ "texture.female" ],
        "part_visibility": [{ "bust": false }]
      }
    }
  }