{
	"format_version": "1.10.0",
	"animation_controllers": {
		"controller.animation.loadisk.test_break": {
			"states": {
				"default": {"transitions": [{"test": "q.health < 100"}]},
				"test": {"on_entry": ["/event entity @s loadisk:despawn_event"]}
			}
		},
			"controller.animation.loadisk.tag_ex_obj": {
				"initial_state": "default",
				"states": {
					"default": {"transitions": [{"add_tag": "q.is_ignited"}]},
					"add_tag": {"on_entry":    ["/tag @s[tag=!extra_obj] add extra_obj"]}
				}
		},
		"controller.animation.loadisk.tag_intdr_obj": {
			"initial_state": "default",
			"states": {
				"default": {"transitions": [{"add_tag": "q.is_ignited"}]},
				"add_tag": {"on_entry":    ["/tag @s[tag=!intdr_obj] add intdr_obj"]}
			}
	},
			"controller.animation.loadisk.room_tag": {
				"initial_state": "default",
				"states": {
					"default": {
						"transitions": [
							{"living_room":    "q.property('ld:room') == 1"},
							{"dining_room":    "q.property('ld:room') == 2"},
							{"lobby":          "q.property('ld:room') == 3"},
							{"kitchen":        "q.property('ld:room') == 4"},
							{"storage_room":   "q.property('ld:room') == 5"},
							{"hallway":        "q.property('ld:room') == 6"},
							{"boys_room":      "q.property('ld:room') == 7"},
							{"nursery":        "q.property('ld:room') == 8"},
							{"master_bedroom": "q.property('ld:room') == 9"},
							{"garage":         "q.property('ld:room') == 10"},
							{"guest_room":     "q.property('ld:room') == 11"},
							{"bathroom":       "q.property('ld:room') == 12"}
						]
					},
					"living_room": {
						"on_entry":    ["/function cali/clear_room_tags","/tag @s[tag=!living_room] add living_room"],
						"transitions": [
							{"default":        "q.property('ld:room') == 0"},
							{"dining_room":    "q.property('ld:room') == 2"},
							{"lobby":          "q.property('ld:room') == 3"},
							{"kitchen":        "q.property('ld:room') == 4"},
							{"storage_room":   "q.property('ld:room') == 5"},
							{"hallway":        "q.property('ld:room') == 6"},
							{"boys_room":      "q.property('ld:room') == 7"},
							{"nursery":        "q.property('ld:room') == 8"},
							{"master_bedroom": "q.property('ld:room') == 9"},
							{"garage":         "q.property('ld:room') == 10"},
							{"guest_room":     "q.property('ld:room') == 11"},
							{"bathroom":       "q.property('ld:room') == 12"}
						]
					},
					"dining_room": {
						"on_entry":    ["/function cali/clear_room_tags","/tag @s[tag=!dining_room] add dining_room"],
						"transitions": [
							{"living_room":    "q.property('ld:room') == 1"},
							{"default":        "q.property('ld:room') == 0"},
							{"lobby":          "q.property('ld:room') == 3"},
							{"kitchen":        "q.property('ld:room') == 4"},
							{"storage_room":   "q.property('ld:room') == 5"},
							{"hallway":        "q.property('ld:room') == 6"},
							{"boys_room":      "q.property('ld:room') == 7"},
							{"nursery":        "q.property('ld:room') == 8"},
							{"master_bedroom": "q.property('ld:room') == 9"},
							{"garage":         "q.property('ld:room') == 10"},
							{"guest_room":     "q.property('ld:room') == 11"},
							{"bathroom":       "q.property('ld:room') == 12"}
						]
					},
					"lobby": {
						"on_entry":    ["/function cali/clear_room_tags","/tag @s[tag=!lobby] add lobby"],
						"transitions": [
							{"living_room":    "q.property('ld:room') == 1"},
							{"dining_room":    "q.property('ld:room') == 2"},
							{"default":        "q.property('ld:room') == 0"},
							{"kitchen":        "q.property('ld:room') == 4"},
							{"storage_room":   "q.property('ld:room') == 5"},
							{"hallway":        "q.property('ld:room') == 6"},
							{"boys_room":      "q.property('ld:room') == 7"},
							{"nursery":        "q.property('ld:room') == 8"},
							{"master_bedroom": "q.property('ld:room') == 9"},
							{"garage":         "q.property('ld:room') == 10"},
							{"guest_room":     "q.property('ld:room') == 11"},
							{"bathroom":       "q.property('ld:room') == 12"}
						]
					},
					"kitchen": {
						"on_entry":    ["/function cali/clear_room_tags","/tag @s[tag=!kitchen] add kitchen"],
						"transitions": [
							{"living_room":    "q.property('ld:room') == 1"},
							{"dining_room":    "q.property('ld:room') == 2"},
							{"lobby":          "q.property('ld:room') == 3"},
							{"default":        "q.property('ld:room') == 0"},
							{"storage_room":   "q.property('ld:room') == 5"},
							{"hallway":        "q.property('ld:room') == 6"},
							{"boys_room":      "q.property('ld:room') == 7"},
							{"nursery":        "q.property('ld:room') == 8"},
							{"master_bedroom": "q.property('ld:room') == 9"},
							{"garage":         "q.property('ld:room') == 10"},
							{"guest_room":     "q.property('ld:room') == 11"},
							{"bathroom":       "q.property('ld:room') == 12"}
						]
					},
					"storage_room": {
						"on_entry":    ["/function cali/clear_room_tags","/tag @s[tag=!storage_room] add storage_room"],
						"transitions": [
							{"living_room":    "q.property('ld:room') == 1"},
							{"dining_room":    "q.property('ld:room') == 2"},
							{"lobby":          "q.property('ld:room') == 3"},
							{"kitchen":        "q.property('ld:room') == 4"},
							{"default":        "q.property('ld:room') == 0"},
							{"hallway":        "q.property('ld:room') == 6"},
							{"boys_room":      "q.property('ld:room') == 7"},
							{"nursery":        "q.property('ld:room') == 8"},
							{"master_bedroom": "q.property('ld:room') == 9"},
							{"garage":         "q.property('ld:room') == 10"},
							{"guest_room":     "q.property('ld:room') == 11"},
							{"bathroom":       "q.property('ld:room') == 12"}
						]
					},
					"hallway": {
						"on_entry":    ["/function cali/clear_room_tags","/tag @s[tag=!hallway] add hallway"],
						"transitions": [
							{"living_room":    "q.property('ld:room') == 1"},
							{"dining_room":    "q.property('ld:room') == 2"},
							{"lobby":          "q.property('ld:room') == 3"},
							{"kitchen":        "q.property('ld:room') == 4"},
							{"storage_room":   "q.property('ld:room') == 5"},
							{"default":        "q.property('ld:room') == 0"},
							{"boys_room":      "q.property('ld:room') == 7"},
							{"nursery":        "q.property('ld:room') == 8"},
							{"master_bedroom": "q.property('ld:room') == 9"},
							{"garage":         "q.property('ld:room') == 10"},
							{"guest_room":     "q.property('ld:room') == 11"},
							{"bathroom":       "q.property('ld:room') == 12"}
						]
					},
					"boys_room": {
						"on_entry":    ["/function cali/clear_room_tags","/tag @s[tag=!boys_room] add boys_room"],
						"transitions": [
							{"living_room":    "q.property('ld:room') == 1"},
							{"dining_room":    "q.property('ld:room') == 2"},
							{"lobby":          "q.property('ld:room') == 3"},
							{"kitchen":        "q.property('ld:room') == 4"},
							{"storage_room":   "q.property('ld:room') == 5"},
							{"hallway":        "q.property('ld:room') == 6"},
							{"default":        "q.property('ld:room') == 0"},
							{"nursery":        "q.property('ld:room') == 8"},
							{"master_bedroom": "q.property('ld:room') == 9"},
							{"garage":         "q.property('ld:room') == 10"},
							{"guest_room":     "q.property('ld:room') == 11"},
							{"bathroom":       "q.property('ld:room') == 12"}
						]
					},
					"nursery": {
						"on_entry":    ["/function cali/clear_room_tags","/tag @s[tag=!nursery] add nursery"],
						"transitions": [
							{"living_room":    "q.property('ld:room') == 1"},
							{"dining_room":    "q.property('ld:room') == 2"},
							{"lobby":          "q.property('ld:room') == 3"},
							{"kitchen":        "q.property('ld:room') == 4"},
							{"storage_room":   "q.property('ld:room') == 5"},
							{"hallway":        "q.property('ld:room') == 6"},
							{"boys_room":      "q.property('ld:room') == 7"},
							{"default":        "q.property('ld:room') == 0"},
							{"master_bedroom": "q.property('ld:room') == 9"},
							{"garage":         "q.property('ld:room') == 10"},
							{"guest_room":     "q.property('ld:room') == 11"},
							{"bathroom":       "q.property('ld:room') == 12"}
						]
					},
					"master_bedroom": {
						"on_entry":    ["/function cali/clear_room_tags","/tag @s[tag=!master_bedroom] add master_bedroom"],
						"transitions": [
							{"living_room":    "q.property('ld:room') == 1"},
							{"dining_room":    "q.property('ld:room') == 2"},
							{"lobby":          "q.property('ld:room') == 3"},
							{"kitchen":        "q.property('ld:room') == 4"},
							{"storage_room":   "q.property('ld:room') == 5"},
							{"hallway":        "q.property('ld:room') == 6"},
							{"boys_room":      "q.property('ld:room') == 7"},
							{"nursery":        "q.property('ld:room') == 8"},
							{"default":        "q.property('ld:room') == 0"},
							{"garage":         "q.property('ld:room') == 10"},
							{"guest_room":     "q.property('ld:room') == 11"},
							{"bathroom":       "q.property('ld:room') == 12"}
						]
					},
					"garage": {
						"on_entry":    ["/function cali/clear_room_tags","/tag @s[tag=!garage] add garage"],
						"transitions": [
							{"living_room":    "q.property('ld:room') == 1"},
							{"dining_room":    "q.property('ld:room') == 2"},
							{"lobby":          "q.property('ld:room') == 3"},
							{"kitchen":        "q.property('ld:room') == 4"},
							{"storage_room":   "q.property('ld:room') == 5"},
							{"hallway":        "q.property('ld:room') == 6"},
							{"boys_room":      "q.property('ld:room') == 7"},
							{"nursery":        "q.property('ld:room') == 8"},
							{"master_bedroom": "q.property('ld:room') == 9"},
							{"default":        "q.property('ld:room') == 0"},
							{"guest_room":     "q.property('ld:room') == 11"},
							{"bathroom":       "q.property('ld:room') == 12"}
						]
					},
					"guest_room": {
						"on_entry":    ["/function cali/clear_room_tags","/tag @s[tag=!guest_room] add guest_room"],
						"transitions": [
							{"living_room":    "q.property('ld:room') == 1"},
							{"dining_room":    "q.property('ld:room') == 2"},
							{"lobby":          "q.property('ld:room') == 3"},
							{"kitchen":        "q.property('ld:room') == 4"},
							{"storage_room":   "q.property('ld:room') == 5"},
							{"hallway":        "q.property('ld:room') == 6"},
							{"boys_room":      "q.property('ld:room') == 7"},
							{"nursery":        "q.property('ld:room') == 8"},
							{"master_bedroom": "q.property('ld:room') == 9"},
							{"garage":         "q.property('ld:room') == 10"},
							{"default":        "q.property('ld:room') == 0"},
							{"bathroom":       "q.property('ld:room') == 12"}
						]
					},
					"bathroom": {
						"on_entry":    ["/function cali/clear_room_tags","/tag @s[tag=!bathroom] add bathroom"],
						"transitions": [
							{"living_room":    "q.property('ld:room') == 1"},
							{"dining_room":    "q.property('ld:room') == 2"},
							{"lobby":          "q.property('ld:room') == 3"},
							{"kitchen":        "q.property('ld:room') == 4"},
							{"storage_room":   "q.property('ld:room') == 5"},
							{"hallway":        "q.property('ld:room') == 6"},
							{"boys_room":      "q.property('ld:room') == 7"},
							{"nursery":        "q.property('ld:room') == 8"},
							{"master_bedroom": "q.property('ld:room') == 9"},
							{"garage":         "q.property('ld:room') == 10"},
							{"guest_room":     "q.property('ld:room') == 11"},
							{"default":        "q.property('ld:room') == 0"}
						]
					}
				}
	}
	}
}