{
    "format_version": "1.10.0",
    "animations": {
        "animation.loadisk.clock.1s": {
            "animation_length": 1.0,"loop": true,
            "timeline": {"0.0": ["/function root/system/clock.1s"]
            }
        },
        "animation.loadisk.clock.3s": {
            "animation_length": 3.0,"loop": true,
            "timeline": {"0.0": ["/function root/system/clock.3s"]
            }
        },
        "animation.loadisk.clock.m": {
            "animation_length": 60.0,"loop": true,
            "timeline": {"0.0": ["/function root/system/clock.m"]
            }
        },
        "animation.loadisk.camera.init": {
            "animation_length": 0.7,"loop": false,
            "timeline": {
                "0.0": ["/execute as @r[tag=!active,type=loadisk:camera] at @s run function cali/impulse/system/camera_init"],
                "0.1": ["/execute as @r[tag=!active,type=loadisk:camera] at @s run function cali/impulse/system/camera_init"],
                "0.2": ["/execute as @r[tag=!active,type=loadisk:camera] at @s run function cali/impulse/system/camera_init"],
                "0.3": ["/execute as @r[tag=!active,type=loadisk:camera] at @s run function cali/impulse/system/camera_init"],
                "0.4": ["/execute as @r[tag=!active,type=loadisk:camera] at @s run function cali/impulse/system/camera_init"],
                "0.5": ["/execute as @r[tag=!active,type=loadisk:camera] at @s run function cali/impulse/system/camera_init"],
                "0.6": ["/function cali/impulse/system/init_renders"]
            }
            
        },
        "animation.loadisk.player.join": {
            "animation_length": 10.1,"loop": false,
            "timeline": {"10.0": ["/function cali/impulse/system/on_join"]}
        }
    }
}