{
    "format_version": "1.10.0",
    "animations": {
        "animation.loadisk.drone.runtime": {
            "animation_length": 42.8,"loop": true,
            "timeline": {
                "2.3": ["/playsound loadisk.drone @a ~ ~ ~ 0.5"]
            }
        },
        "animation.loadisk.radio": {
            "animation_length": 60.0,"loop": true,
            "timeline": {"0.0": ["/playsound loadisk.radio @a ~ ~ ~ 1"]
            }
        },
        "animation.loadisk.tv": {
            "animation_length": 9.0,"loop": true,
            "timeline": {"0.0": ["/playsound loadisk.tv @a ~ ~ ~ 1.00","/particle loadisk:tv_bloom ~0.2 ~1.1 ~","/particle loadisk:tv_fan ~0.2 ~1.1 ~"]
            }
        },
        "animation.loadisk.tv.particle": {
            "animation_length": 0.9,"loop": true,
            "timeline": {"0.0": ["/particle loadisk:tv_bloom ~0.2 ~1.1 ~","/particle loadisk:tv_fan ~0.2 ~1.1 ~"]
            }
        },
        "animation.loadisk.car": {
            "animation_length": 9.0,"loop": true,
            "timeline": {"0.0": ["/playsound loadisk.car_alarm @a -37 -58 25 1.00"]
            }
        },
        "animation.loadisk.smoke": {
            "animation_length": 3.0,"loop": true,
            "timeline": {"0.0": ["/playsound loadisk.smoke_alarm @a -7 -55 32 1.00"]
            }
        }
    }
}