{
    "format_version": "1.10.0",
    "animations": {
        "animation.loadisk.loading.runtime": {
            "animation_length": 4.6,"loop": false,
            "timeline": {
                "0.0": ["/playsound loadisk.static @s ~ ~ ~ 1"],
                "1.0": ["/scoreboard players set @a[tag=active] camera 1"],
                "2.0": ["/tag @a remove party_leader","/event entity @a loadisk:overlay_static_event"]
            }
        },
        "animation.loadisk.exit.runtime": {
            "animation_length": 2.1,"loop": false,
            "timeline": {
                "0.0": ["/playsound loadisk.static @s ~ ~ ~ 1","/scoreboard players set @a[tag=active] v.ui 0"],
                "2.0": ["/function cali/impulse/system/end_game"]
            }
        },
        "animation.loadisk.transition.runtime": {
            "animation_length": 1.1,"loop": false,
            "timeline": {
                "0.0": ["/playsound loadisk.static @s ~ ~ ~ 1"],
                "0.5": ["/function cali/impulse/report/report_triggers/test_report"],
                "1.0": ["/event entity @a[tag=active] loadisk:overlay_static_event","/playsound loadisk.chime @a[tag=active]","/scoreboard players set @a[tag=active] v.ui 1"]
            }
        },
        "animation.loadisk.report.runtime": {
            "animation_length": 5.1,"loop": false,
            "timeline": {
                "0.1": ["/playsound loadisk.load @s ~ ~ ~ 1 0.5"],
                "0.3": ["/playsound loadisk.load @s ~ ~ ~ 1 0.5"],
                "0.5": ["/playsound loadisk.load @s ~ ~ ~ 1 0.5"],
                "0.7": ["/playsound loadisk.load @s ~ ~ ~ 1 0.5"],
                "0.9": ["/playsound loadisk.load @s ~ ~ ~ 1 0.5"],
                "1.1": ["/playsound loadisk.load @s ~ ~ ~ 1 0.5"],
                "1.3": ["/playsound loadisk.load @s ~ ~ ~ 1 0.5"],
                "1.5": ["/playsound loadisk.load @s ~ ~ ~ 1 0.5"],
                "1.7": ["/playsound loadisk.load @s ~ ~ ~ 1 0.5"],
                "1.9": ["/playsound loadisk.load @s ~ ~ ~ 1 0.5"],
                "2.1": ["/playsound loadisk.load @s ~ ~ ~ 1 0.5"],
                "3.0": ["/playsound loadisk.load @s ~ ~ ~ 1 0.5"],
                "4.0": ["/function cali/impulse/report/report_triggers/test_valid"]
            }
        },
        "animation.loadisk.error.runtime": {
            "animation_length": 1.1,"loop": false,
            "timeline": {
                "0.0": ["/playsound loadisk.error @s[tag=active]","/scoreboard players set @a[tag=active] v.ui 1"]
            }
        },
        "animation.loadisk.warning.runtime": {
            "animation_length": 3.6,"loop": false,
            "timeline": {
                "0.0": ["/playsound loadisk.error @a[tag=active]","/tag @e[type=loadisk:ram] add warning"],
                "3.5": ["/event entity @a loadisk:clear_warning_event"]
            }
        }
    }
}