{
    "pools": [
        {
            "rolls": {"min": 1,"max": 3},
            "bonus_rolls": 0,
            "entries": [
                {
                    "type": "item","weight": 10, //Invisibility (2:00)
                    "functions": [
                        {"function": "set_count","count": {"min": 1,"max": 1},"add": false},
                        {"function": "set_data","data": 7}
                    ],
                    "name": "minecraft:potion"
                },
                {
                    "type": "item","weight": 5, //Invisibility (8:00)
                    "functions": [
                        {"function": "set_count","count": {"min": 1,"max": 1},"add": false},
                        {"function": "set_data","data": 8}
                    ],
                    "name": "minecraft:potion"
                },
                {
                    "type": "item","weight": 50, //(0:45 - Jump Boost)
                    "functions": [
                        {"function": "set_count","count": {"min": 1,"max": 1},"add": false},
                        {"function": "set_data","data": 9}
                    ],
                    "name": "minecraft:potion"
                },
                {
                    "type": "item","weight": 30, //(2:00 - Jump Boost)
                    "functions": [
                        {"function": "set_count","count": {"min": 1,"max": 1},"add": false},
                        {"function": "set_data","data": 10}
                    ],
                    "name": "minecraft:potion"
                },
                {
                    "type": "item","weight": 15, //(0:22 - Jump Boost II)
                    "functions": [
                        {"function": "set_count","count": {"min": 1,"max": 1},"add": false},
                        {"function": "set_data","data": 11}
                    ],
                    "name": "minecraft:potion"
                },
                {
                    "type": "item","weight": 70, //Fire Resistance (0:45)
                    "functions": [
                        {"function": "set_count","count": {"min": 1,"max": 1},"add": false},
                        {"function": "set_data","data": 12}
                    ],
                    "name": "minecraft:potion"
                },
                {
                    "type": "item","weight": 60, //Fire Resistance (2:00)
                    "functions": [
                        {"function": "set_count","count": {"min": 1,"max": 1},"add": false},
                        {"function": "set_data","data": 13}
                    ],
                    "name": "minecraft:potion"
                },
                {
                    "type": "item","weight": 50, //(0:45 - Speed)
                    "functions": [
                        {"function": "set_count","count": {"min": 1,"max": 1},"add": false},
                        {"function": "set_data","data": 14}
                    ],
                    "name": "minecraft:potion"
                },
                {
                    "type": "item","weight": 20, //(2:00 - Speed)
                    "functions": [
                        {"function": "set_count","count": {"min": 1,"max": 1},"add": false},
                        {"function": "set_data","data": 15}
                    ],
                    "name": "minecraft:potion"
                },
                {
                    "type": "item","weight": 10, //(0:22 - Speed II)
                    "functions": [
                        {"function": "set_count","count": {"min": 1,"max": 1},"add": false},
                        {"function": "set_data","data": 16}
                    ],
                    "name": "minecraft:potion"
                },
                {
                    "type": "item","weight": 5, //Water Breathing (0:45)
                    "functions": [
                        {"function": "set_count","count": {"min": 1,"max": 1},"add": false},
                        {"function": "set_data","data": 19}
                    ],
                    "name": "minecraft:potion"
                },
                {
                    "type": "item","weight": 1, //Water Breathing (2:00)
                    "functions": [
                        {"function": "set_count","count": {"min": 1,"max": 1},"add": false},
                        {"function": "set_data","data": 20}
                    ],
                    "name": "minecraft:potion"
                },
                {
                    "type": "item","weight": 100, //(Instant Health)
                    "functions": [
                        {"function": "set_count","count": {"min": 1,"max": 1},"add": false},
                        {"function": "set_data","data": 21}
                    ],
                    "name": "minecraft:potion"
                },
                {
                    "type": "item","weight": 60, //(Instant Health II)
                    "functions": [
                        {"function": "set_count","count": {"min": 1,"max": 1},"add": false},
                        {"function": "set_data","data": 22}
                    ],
                    "name": "minecraft:potion"
                },
                {
                    "type": "item","weight": 90, //Regeneration (0:11)
                    "functions": [
                        {"function": "set_count","count": {"min": 1,"max": 1},"add": false},
                        {"function": "set_data","data": 28}
                    ],
                    "name": "minecraft:potion"
                },
                {
                    "type": "item","weight": 70, //Regeneration (0:22)
                    "functions": [
                        {"function": "set_count","count": {"min": 1,"max": 1},"add": false},
                        {"function": "set_data","data": 29}
                    ],
                    "name": "minecraft:potion"
                },
                {
                    "type": "item","weight": 60, //Strength (0:45)
                    "functions": [
                        {"function": "set_count","count": {"min": 1,"max": 1},"add": false},
                        {"function": "set_data","data": 31}
                    ],
                    "name": "minecraft:potion"
                },
                {
                    "type": "item","weight": 40, //Strength (2:00)
                    "functions": [
                        {"function": "set_count","count": {"min": 1,"max": 1},"add": false},
                        {"function": "set_data","data": 32}
                    ],
                    "name": "minecraft:potion"
                },
                {
                    "type": "item","weight": 75, //Slow Falling (0:22)
                    "functions": [
                        {"function": "set_count","count": {"min": 1,"max": 1},"add": false},
                        {"function": "set_data","data": 40}
                    ],
                    "name": "minecraft:potion"
                },
                {
                    "type": "item","weight": 35, //Slow Falling (1:00)
                    "functions": [
                        {"function": "set_count","count": {"min": 1,"max": 1},"add": false},
                        {"function": "set_data","data": 41}
                    ],
                    "name": "minecraft:potion"
                }
                
            ]
        }
    ]
}