{
    "pools": [
        {
            "rolls": 1,
            "entries": [
                {
                    "type": "item","name": "minecraft:paper","weight": 100,
                    "functions": [
                        {"function": "set_count","count": {"min": 1,"max": 1}},
                        {"function": "set_lore","lore": ["Explore the nearby cabin."]},
                        {"function": "set_name","name": "Cabin In The Woods"}
                    ]
                }
            ]
        }
    ]
}