{
    "pools": [
        {
            "rolls": 1,
            "entries": [
                {
                    "type": "item","name": "loadisk:branch","weight": 50,
                    "functions": [
                        {"function": "set_count","count": {"min": 0,"max": 3}},
                        {"function": "looting_enchant","count": {"min": 0,"max": 1}}
                    ]
                }
            ],
            "conditions": [
                {
                    "condition": "killed_by_player_or_pets"
                }
            ]
        },
        {
            "rolls": 1,
            "entries": [
                {
                    "type": "item","name": "minecraft:log","weight": 100,
                    "functions": [
                        {"function": "set_count","count": {"min": 1,"max": 1}},
                        {"function": "looting_enchant","count": {"min": 0,"max": 1}}
                    ]
                }
            ],
            "conditions": [
                {
                    "condition": "killed_by_player_or_pets"
                }
            ]
        }
    ]
}