{
    "format_version": "1.19.40",
    "minecraft:block": {
        "description": {
            "identifier": "loadisk:light_block08"
        },
        "components": {
            "minecraft:geometry": "geometry.loadisk.null.block",
            "minecraft:light_emission": 8,
            "minecraft:material_instances": {
                "*": {
                  "texture": "loadisk:null",
                  "render_method": "alpha_test",
                  "ambient_occlusion": false,
                  "face_dimming": false
                }
            }
        }
    }
}