{
	"format_version": "1.19.0",
	"minecraft:entity": {
		"description": {
			"identifier": "loadisk:button_obj",
			"is_spawnable": false,"is_summonable": true,"is_experimental": false
		},
		"component_groups": {
			"loadisk:despawn": {"minecraft:instant_despawn": {}},
			"loadisk:invis": {
				"minecraft:skin_id": {"value": 0}
			  },
			"loadisk:red": {
				"minecraft:skin_id": {"value": 1}
			  }
		},
		"components": {
			"minecraft:nameable": {"always_show": false,"allow_name_tag_renaming": false},
			"minecraft:collision_box": {"width": 0,"height": 0},
			"minecraft:scale":{"value": 0.8},
			"minecraft:health": {"value": 100,"max": 100},
			"minecraft:physics": {"has_gravity": false,"has_collision": false},
			"minecraft:pushable": {"is_pushable": false,"is_pushable_by_piston": false},
			"minecraft:type_family": {"family": ["obj","no_effect","system"]},
			"minecraft:damage_sensor": {				
				"triggers": [
				{
					"on_damage": {
						"filters": {
							"all_of": [
							  { "test": "is_family", "subject": "other","operator": "==", "value": "player" }
							]
						  }
					},
					"deals_damage": false
				},
				{"cause": "all","deals_damage": false}
			]}
		},
		"events": {
			"minecraft:entity_spawned": {"add": {"component_groups": ["loadisk:invis"]}},
			"loadisk:despawn_event": {"add": {"component_groups": ["loadisk:despawn"]}},
			"loadisk:invis_event": {"add": {"component_groups": ["loadisk:invis"]},"remove": {"component_groups": ["loadisk:red"]}},
			"loadisk:red_event": {"add": {"component_groups": ["loadisk:red"]},"remove": {"component_groups": ["loadisk:invis"]}}
		}
	}
}