{
	"format_version": "1.15.0",
	"minecraft:entity": {
		"description": {
			"identifier": "loadisk:button",
			"is_spawnable": false,"is_summonable": true,"is_experimental": false,
			"scripts": {"animate": ["send.data"]},
			"animations": {"send.data": "controller.animation.loadisk.crafting_guide.button"}
		},
		"component_groups": {
			"loadisk:despawn": {"minecraft:instant_despawn": {}},
			"loadisk:state00": {"minecraft:skin_id": {"value": 0}},
			"loadisk:state01": {"minecraft:skin_id": {"value": 1}},
			"loadisk:state02": {"minecraft:skin_id": {"value": 2}},
			"loadisk:state03": {"minecraft:skin_id": {"value": 3}},
			"loadisk:state04": {"minecraft:skin_id": {"value": 4}},
			"loadisk:state05": {"minecraft:skin_id": {"value": 5}},
			"loadisk:state06": {"minecraft:skin_id": {"value": 6}},
			"loadisk:state07": {"minecraft:skin_id": {"value": 7}},
			"loadisk:state08": {"minecraft:skin_id": {"value": 8}},
			"loadisk:state09": {"minecraft:skin_id": {"value": 9}},
			"loadisk:state10": {"minecraft:skin_id": {"value": 10}},
			"loadisk:state11": {"minecraft:skin_id": {"value": 11}},
			"loadisk:state12": {"minecraft:skin_id": {"value": 12}},
			"loadisk:state13": {"minecraft:skin_id": {"value": 13}},
			"loadisk:state14": {"minecraft:skin_id": {"value": 14}},
			"loadisk:button00": {
				"minecraft:variant": {"value": 0},
				"minecraft:custom_hit_test": {
					"hitboxes": [
						{"width": 0.4,"height": 0.2,"pivot": [-0.25, 0.5, 0]},
						{"width": 0.4,"height": 0.2,"pivot": [0.25, 0.5, 0]}
					]
				}
			},
			"loadisk:button01": {
				"minecraft:variant": {"value": 1},
				"minecraft:custom_hit_test": {
					"hitboxes": [
						{"width": 0.4,"height": 0.2,"pivot": [-0.25, 0.68, 0]},
						{"width": 0.4,"height": 0.2,"pivot": [0.25, 0.68, 0]}
					]
				}
			},
			"loadisk:button02": {
				"minecraft:variant": {"value": 2}
			},
			"loadisk:button03": {
				"minecraft:variant": {"value": 3}
			},
			"loadisk:button04": {
				"minecraft:variant": {"value": 4}
			},
			"loadisk:send.data": {"minecraft:is_stunned": {}}
		},
		"components": {
			"minecraft:health": {"value": 999,"max": 999},
			"minecraft:collision_box": {"width": 0.0,"height": 0.0},
			"minecraft:knockback_resistance": {"value": 100},
			"minecraft:physics": {"has_gravity": false,"has_collision": false},
			"minecraft:pushable": {"is_pushable": false,"is_pushable_by_piston": false},
			"minecraft:type_family": {"family": ["button","no_effect","game_object"]},
			"minecraft:damage_sensor": {
				"triggers": {"on_damage": {
				"filters": {"test": "is_family","subject": "other","operator": "!=","value": "player"}},"deals_damage": false}
			},
			"minecraft:on_hurt_by_player": {"event": "loadisk:send_event","target": "self"},
			"minecraft:rideable": {
				"seat_count": 5,
				"pull_in_entities": true,"family_types": ["button"],	
				"seats": [
					{"position": [0, 0.65, 0],"min_rider_count": 0,"max_rider_count": 1,"rotate_rider_by": -90,"lock_rider_rotation": 90},
					{"position": [0, 0.47, 0],"min_rider_count": 0,"max_rider_count": 1,"rotate_rider_by": -90,"lock_rider_rotation": 90},
					{"position": [0, 0.28, 0],"min_rider_count": 0,"max_rider_count": 1,"rotate_rider_by": -90,"lock_rider_rotation": 90},
					{"position": [-0.3, -0.03, 0],"min_rider_count": 0,"max_rider_count": 1,"rotate_rider_by": -90,"lock_rider_rotation": 90},
					{"position": [0.3, -0.03, 0],"min_rider_count": 0,"max_rider_count": 1,"rotate_rider_by": -90,"lock_rider_rotation": 90}
				]
			}
		},
		"events": {
			"minecraft:entity_spawned": {"add": {"component_groups": ["loadisk:state00"]}},
			"loadisk:despawn_event": {"add": {"component_groups": ["loadisk:despawn"]}},
			"loadisk:add.player01_event": {"add": {"component_groups": ["loadisk:player01"]}},
			"loadisk:add.player02_event": {"add": {"component_groups": ["loadisk:player02"]}},
			"loadisk:add.player03_event": {"add": {"component_groups": ["loadisk:player03"]}},
			"loadisk:add.player04_event": {"add": {"component_groups": ["loadisk:player04"]}},
			"loadisk:send_event": {"add": {"component_groups": ["loadisk:send.data"]}},
			"loadisk:kill.send_event": {"remove": {"component_groups": ["loadisk:send.data"]}},
			"loadisk:is.button00_event": {"remove": {"component_groups": ["loadisk:button00"]}},
			"loadisk:is.button01_event": {"remove": {"component_groups": ["loadisk:button01"]}},
			"loadisk:is.button02_event": {"remove": {"component_groups": ["loadisk:button02"]}},
			"loadisk:is.button03_event": {"remove": {"component_groups": ["loadisk:button03"]}},
			"loadisk:is.button04_event": {"remove": {"component_groups": ["loadisk:button04"]}}
		}
	}
}