{
	"format_version": "1.15.0",
	"minecraft:entity": {
		"description": {
			"identifier": "loadisk:crafter",
			"is_spawnable": false,"is_summonable": true,"is_experimental": false,
			"scripts": {"animate": ["check.owner"]},
			"animations": {"check.owner": "controller.animation.loadisk.crafting_guide.check.owner"}
		},
		"component_groups": {
			"loadisk:despawn": {"minecraft:instant_despawn": {}},
			"loadisk:state00": {
				"minecraft:skin_id": {"value": 0},
				"minecraft:economy_trade_table": {
					"display_name": "entity.crafter.name",
					"table": "trading/crafter/matts.json",
					"new_screen": true
				}
			},
			"loadisk:state01": {
				"minecraft:skin_id": {"value": 1},
				"minecraft:economy_trade_table": {
					"display_name": "entity.crafter.name",
					"table": "trading/crafter/items.json",
					"new_screen": true
				}
			},
			"loadisk:state02": {
				"minecraft:skin_id": {"value": 2},
				"minecraft:economy_trade_table": {
					"display_name": "entity.crafter.name",
					"table": "trading/crafter/gear.json",
					"new_screen": true
				}
			},
			"loadisk:state03": {
				"minecraft:skin_id": {"value": 3},
				"minecraft:economy_trade_table": {
					"display_name": "entity.crafter.name",
					"table": "trading/crafter/furn.json",
					"new_screen": true
				}
			},
			"loadisk:player01":{"minecraft:variant": {"value": 1}},
			"loadisk:player02":{"minecraft:variant": {"value": 2}},
			"loadisk:player03":{"minecraft:variant": {"value": 3}},
			"loadisk:player04":{"minecraft:variant": {"value": 4}}
		},
		"components": {
			"minecraft:economy_trade_table": {
				"display_name": "entity.crafter.name",
				"table": "trading/crafter/matts.json",
				"new_screen": true
			},
			"minecraft:health": {"value": 999,"max": 999},
			"minecraft:collision_box": {"width": 1,"height": 1},
			"minecraft:knockback_resistance": {"value": 100},
			"minecraft:physics": {"has_gravity": false,"has_collision": false},
			"minecraft:pushable": {"is_pushable": false,"is_pushable_by_piston": false},
			"minecraft:type_family": {"family": ["crafter","no_effect","game_object"]},
			"minecraft:damage_sensor": {"triggers": {"on_damage": {"filters": 
			{"test": "is_family","subject": "other","operator": "!=","value": "player"}},"deals_damage": false}},
			"minecraft:on_hurt_by_player": {"event": "loadisk:toggle_event","target": "self"}
		},
		"events": {
			"minecraft:entity_spawned": {"add": {"component_groups": ["loadisk:state00"]}},
			"loadisk:despawn_event": {"add": {"component_groups": ["loadisk:despawn"]}},
			"loadisk:add.player01_event": {"add": {"component_groups": ["loadisk:player01"]}},
			"loadisk:add.player02_event": {"add": {"component_groups": ["loadisk:player02"]}},
			"loadisk:add.player03_event": {"add": {"component_groups": ["loadisk:player03"]}},
			"loadisk:add.player04_event": {"add": {"component_groups": ["loadisk:player04"]}},
			"loadisk:toggle_event": {
				"randomize": [
				  {
					"filters": {"test": "is_skin_id", "subject": "self", "operator": "==", "value": 0},
					"remove": {"component_groups": ["loadisk:state00"]},
					"add": {"component_groups": ["loadisk:state01"]}
				  },
				  {
					"filters": {"test": "is_skin_id", "subject": "self", "operator": "==", "value": 1},
					"remove": {"component_groups": ["loadisk:state01"]},
					"add": {"component_groups": ["loadisk:state02"]}
				  },
				  {
					"filters": {"test": "is_skin_id", "subject": "self", "operator": "==", "value": 2},
					"remove": {"component_groups": ["loadisk:state02"]},
					"add": {"component_groups": ["loadisk:state03"]}
				  },
				  {
					"filters": {"test": "is_skin_id", "subject": "self", "operator": "==", "value": 3},
					"remove": {"component_groups": ["loadisk:state03"]},
					"add": {"component_groups": ["loadisk:state00"]}
				  }
				]
			  }
		}
	}
}