{
	"format_version": "1.18.0",
	"minecraft:entity": {
		"description": {
			"identifier": "loadisk:ram",
			"is_spawnable": false,"is_summonable": true,"is_experimental": false,
			"scripts": {"animate": ["run_time","game_time"]},
			"animations": {
				"run_time": "controller.animation.loadisk.ram.run_time",
				"clock.1s": "animation.loadisk.clock.1s",
				"clock.10s": "animation.loadisk.clock.10s",
				"clock.m":"animation.loadisk.clock.m",
				"game_time": "controller.animation.loadisk.game_time"
			}
		},
		"component_groups": {
			"loadisk:despawn": {"minecraft:instant_despawn": {}},
			"loadisk:start.run_time": {"minecraft:is_sheared": {}}
		},
		"components": {
			"minecraft:health": {"value": 0.5,"max": 0.5},
			"minecraft:collision_box": {"width": 0.5,"height": 0.5},
			"minecraft:physics": {"has_gravity": false,"has_collision": false},
			"minecraft:pushable": {"is_pushable": false,"is_pushable_by_piston": false},
			"minecraft:type_family": {"family": ["ram","no_effect","system"]},
			"minecraft:damage_sensor": {"triggers": {"cause": "all","deals_damage": false}}
		},
		"events": {
			"minecraft:entity_spawned": {"add": {"component_groups": ["loadisk:start.run_time"]}},
			"loadisk:start.runtime_event": {"add": {"component_groups": ["loadisk:start.run_time"]}},
			"loadisk:kill.runtime_event": {"remove": {"component_groups": ["loadisk:start.run_time"]}},
			"loadisk:despawn_event": {"add": {"component_groups": ["loadisk:despawn"]}}
		}
	}
}