{
	"format_version": "1.18.0",
	"minecraft:entity": {
		"description": {
			"identifier": "loadisk:ride.dummy",
			"is_spawnable": false,"is_summonable": true,"is_experimental": false
		},
		"component_groups": {
			"loadisk:despawn": {"minecraft:instant_despawn": {}}
		},
		"components": {
			"minecraft:variant": {"value": 0},
            "minecraft:input_ground_controlled": {},
            "minecraft:can_power_jump": {},
			"minecraft:health": {"value": 0.5,"max": 0.5},
			"minecraft:collision_box": {"width": 0.5,"height": 0.5},
			"minecraft:physics": {"has_gravity": true,"has_collision": true},
			"minecraft:pushable": {"is_pushable": false,"is_pushable_by_piston": false},
			"minecraft:type_family": {"family": ["ram","no_effect","system"]},
			"minecraft:damage_sensor": {"triggers": {"cause": "all","deals_damage": false}},
            "minecraft:jump.static": {},
			"minecraft:movement.generic": {},
			"minecraft:movement": {"value": 0.05},
			"minecraft:navigation.generic": {"can_jump": true,"can_walk": true},
            "minecraft:horse.jump_strength": {"value": 0.6},
            "minecraft:behavior.player_ride_tamed": {},
            "minecraft:behavior.mount_pathing": {
                "priority": 0,
                //"speed_multiplier": 1.5,
                "target_dist": 0.0,
                "track_target": true
            },
            "minecraft:rideable": {
                "seat_count": 1,
                "family_types": ["player"],
                "seats": {"position": [0, -1, 0]}
            }
		},
		"events": {
			"loadisk:despawn_event": {"add": {"component_groups": ["loadisk:despawn"]}}
		}
	}
}