{
	"format_version": "1.19.0",
	"minecraft:entity": {
		"description": {
			"identifier": "loadisk:screen",
			"is_spawnable": false,"is_summonable": true,"is_experimental": false,
			"scripts": {"animate": ["life_time"]}
		},
		"component_groups": {
			"loadisk:despawn": {"minecraft:instant_despawn": {}}
		},
		"components": {
			"minecraft:nameable": {"always_show": false,"allow_name_tag_renaming": false},
			"minecraft:collision_box": {"width": 0,"height": 0},
			"minecraft:health": {"value": 100,"max": 100},
			"minecraft:physics": {"has_gravity": false,"has_collision": false},
			"minecraft:pushable": {"is_pushable": false,"is_pushable_by_piston": false},
			"minecraft:type_family": {"family": ["screen","no_effect","system"]},
			"minecraft:damage_sensor": {				
				"triggers": [
				{
					"on_damage": {
						"filters": {
							"all_of": [
							  { "test": "is_family", "subject": "other","operator": "==", "value": "player" }
							]
						  }
					},
					"deals_damage": false
				},
				{"cause": "all","deals_damage": false}
			]}
		},
		"events": {
			"loadisk:despawn_event": {"add": {"component_groups": ["loadisk:despawn"]}}
		}
	}
}