{
    "format_version": "1.10.0",
    "animation_controllers": {
        "controller.animation.loadisk.ui": {
            "initial_state": "off",
            "states": {
                "off": {
                    "blend_transition": 0.2,
                    "transitions": [
                        {"static": "q.mark_variant == 1"},
                        {"transition": "q.mark_variant == 2"},
                        {"loading": "q.mark_variant == 3"},
                        {"report_load": "q.mark_variant == 4"},
                        {"error": "q.mark_variant == 5"},
                        {"exit": "q.mark_variant == 6"}
                    ]
                },
                "static": {
                    "blend_transition": 0.2,
                    "animations": ["static"],
                    "transitions": [
                        {"off": "q.mark_variant == 0"},
                        {"transition": "q.mark_variant == 2"},
                        {"loading": "q.mark_variant == 3"},
                        {"report_load": "q.mark_variant == 4"},
                        {"error": "q.mark_variant == 5"},
                        {"exit": "q.mark_variant == 6"}
                    ]
                },
                "transition": {
                    "blend_transition": 0.2,
                    "animations": ["transition"],
                    "transitions": [
                        {"off": "q.mark_variant == 0"},
                        {"static": "q.mark_variant == 1"},
                        {"loading": "q.mark_variant == 3"},
                        {"report_load": "q.mark_variant == 4"},
                        {"error": "q.mark_variant == 5"},
                        {"exit": "q.mark_variant == 6"}
                    ]
                },
                "loading": {
                    "blend_transition": 0.2,
                    "animations": ["transition","loading"],
                    "transitions": [
                        {"off": "q.mark_variant == 0"},
                        {"static": "q.mark_variant == 1"},
                        {"transition": "q.mark_variant == 2"},
                        {"report_load": "q.mark_variant == 4"},
                        {"error": "q.mark_variant == 5"},
                        {"exit": "q.mark_variant == 6"}
                    ]
                },
                "report_load": {
                    "blend_transition": 0.2,
                    "animations": ["static","report_load"],
                    "transitions": [
                        {"off": "q.mark_variant == 0"},
                        {"static": "q.mark_variant == 1"},
                        {"transition": "q.mark_variant == 2"},
                        {"loading": "q.mark_variant == 3"},
                        {"error": "q.mark_variant == 5"},
                        {"exit": "q.mark_variant == 6"}
                    ]
                },
                "error": {
                    "blend_transition": 0.2,
                    "animations": ["static","error"],
                    "transitions": [
                        {"off": "q.mark_variant == 0"},
                        {"static": "q.mark_variant == 1"},
                        {"transition": "q.mark_variant == 2"},
                        {"loading": "q.mark_variant == 3"},
                        {"report_load": "q.mark_variant == 4"},
                        {"exit": "q.mark_variant == 6"}
                    ]
                },
                "exit": {
                    "blend_transition": 0.2,
                    "animations": ["transition"],
                    "transitions": [
                        {"off": "q.mark_variant == 0"},
                        {"static": "q.mark_variant == 1"},
                        {"transition": "q.mark_variant == 2"},
                        {"loading": "q.mark_variant == 3"},
                        {"report_load": "q.mark_variant == 4"},
                        {"error": "q.mark_variant == 5"}
                    ]
                }
            }
        },
        "controller.animation.loadisk.warning": {
            "initial_state": "default",
            "states": {
                "default": {
                    "blend_transition": 0.2,
                    "transitions": [{"warning": "q.is_stunned"}]
                },
                "warning": {
                    "blend_transition": 0.2,
                    "animations": ["warning"],
                    "transitions": [{"default": "!q.is_stunned"}]
                }
            }
        }
    }
}