{
	"format_version": "1.19.50",
	"minecraft:entity": {
		"description": {
			"identifier": "loadisk:mask_man",
			"is_spawnable": true,"is_summonable": true,"is_experimental": false,
			"scripts": {"animate": ["test_break","ac_mask_man","room_tag"]},
			"animations": {
				"test_break": "controller.animation.loadisk.test_break",
				"room_tag": "controller.animation.loadisk.room_tag",
				"ac_mask_man":  "controller.animation.loadisk.mask_man",
				"jumpscare":  "animation.loadisk.mask_man.jumpscare"
			},
			"properties": {
				"ld:room":   {"type": "int",  "range":  [0,12], "default": 0}
			}
		},
		"component_groups": {
			"loadisk:despawn": {"minecraft:instant_despawn": {}},
			"loadisk:jumpscare": {"minecraft:is_sheared": {}}
		},
		"components": {
			"minecraft:nameable": {"always_show": false,"allow_name_tag_renaming": false},
			"minecraft:collision_box": {"width": 0.3,"height": 0.3},
			"minecraft:scale":{"value": 1.2},
			"minecraft:health": {"value": 100,"max": 100},
			"minecraft:physics": {"has_gravity": false,"has_collision": false},
			"minecraft:pushable": {"is_pushable": false,"is_pushable_by_piston": false},
			"minecraft:type_family": {"family": ["mob","mask_man","intruder"]},
			"minecraft:damage_sensor": {
				"triggers": [
				{
					"on_damage": {
						"filters": {
							"all_of": [
							  { "test": "is_family", "subject": "other","operator": "==", "value": "player" }
							]
						  }
					},
					"deals_damage": false
				},
				{"cause": "all","deals_damage": false}
			]
		}
		},
		"events": {
			"loadisk:despawn_event": {"add": {"component_groups": ["loadisk:despawn"]}},
			"loadisk:jumpscare_event": {"add": {"component_groups": ["loadisk:jumpscare"]}},

			"loadisk:clear_room_event":     {"set_property": {"ld:room": 0}},
			"loadisk:living_room_event":    {"set_property": {"ld:room": 1}},
			"loadisk:dining_room_event":    {"set_property": {"ld:room": 2}},
			"loadisk:lobby_event":          {"set_property": {"ld:room": 3}},
			"loadisk:kitchen_event":        {"set_property": {"ld:room": 4}},
			"loadisk:storage_room_event":   {"set_property": {"ld:room": 5}},
			"loadisk:hallway_event":        {"set_property": {"ld:room": 6}},
			"loadisk:boys_room_event":      {"set_property": {"ld:room": 7}},
			"loadisk:nursery_event":        {"set_property": {"ld:room": 8}},
			"loadisk:master_bedroom_event": {"set_property": {"ld:room": 9}},
			"loadisk:garage_event":         {"set_property": {"ld:room": 10}},
			"loadisk:guest_room_event":     {"set_property": {"ld:room": 11}},
			"loadisk:bathroom_event":       {"set_property": {"ld:room": 12}}
		}
	}
}