{
  "tiers": [
    {
      "groups": [
        {
          "trades": [
            //Misc Tools
            {
              "max_uses": -1,
              "wants": [
                {"item": "minecraft:coal","quantity": 1},
                {"item": "loadisk:branch","quantity": 2}
              ],
              "gives": [{"item": "minecraft:torch"}]
            },
            {
              "max_uses": -1,
              "wants": [
                {"item": "minecraft:flint","quantity": 1},
                {"item": "loadisk:crude_handle","quantity": 1}
              ],
              "gives": [{"item": "loadisk:hunting_knife"}]
            },
            {
              "max_uses": -1,
              "wants": [
                {"item": "minecraft:flint","quantity": 3},
                {"item": "loadisk:crude_handle","quantity": 1}
              ],
              "gives": [{"item": "minecraft:stone_axe"}]
            },
            //Flint Tools
            {
              "max_uses": -1,
              "wants": [
                {"item": "minecraft:flint","quantity": 3},
                {"item": "loadisk:crude_handle","quantity": 1}
              ],
              "gives": [{"item": "minecraft:stone_pickaxe"}]
            },
            {
              "max_uses": -1,
              "wants": [
                {"item": "minecraft:flint","quantity": 1},
                {"item": "loadisk:crude_handle","quantity": 2}
              ],
              "gives": [{"item": "minecraft:stone_shovel"}]
            },
            {
              "max_uses": -1,
              "wants": [
                {"item": "minecraft:flint","quantity": 4},
                {"item": "loadisk:crude_handle","quantity": 1}
              ],
              "gives": [{"item": "minecraft:stone_sword"}]
            },
            //Quartz Tools
            {
              "max_uses": -1,
              "wants": [
                {"item": "minecraft:quartz","quantity": 6},
                {"item": "loadisk:crude_handle","quantity": 1}
              ],
              "gives": [{"item": "minecraft:iron_axe"}]
            },
            {
              "max_uses": -1,
              "wants": [
                {"item": "minecraft:quartz","quantity": 6},
                {"item": "loadisk:crude_handle","quantity": 1}
              ],
              "gives": [{"item": "minecraft:iron_pickaxe"}]
            },
            {
              "max_uses": -1,
              "wants": [
                {"item": "minecraft:quartz","quantity": 3},
                {"item": "loadisk:crude_handle","quantity": 2}
              ],
              "gives": [{"item": "minecraft:iron_shovel"}]
            },
            {
              "max_uses": -1,
              "wants": [
                {"item": "minecraft:quartz","quantity": 8},
                {"item": "loadisk:crude_handle","quantity": 1}
              ],
              "gives": [{"item": "minecraft:iron_sword"}]
            }
          ]
        }
      ]
    }
  ]
}