{
  "tiers": [
    {
      "groups": [
        {
          "trades": [
            {
              "max_uses": -1,
              "wants": [
                {"item": "minecraft:log","quantity": 1}
              ],
              "gives": [{"item": "loadisk:branch","quantity": 4}]
            },
            {
              "max_uses": -1,
              "wants": [
                {"item": "loadisk:branch","quantity": 2}
              ],
              "gives": [{"item": "loadisk:crude_handle"}]
            }
          ]
        }
      ]
    }
  ]
}