{
  "tiers": [
    {
      "groups": [
        {
          "trades": [
            {
              "wants": [{"item": "minecraft:stone","quantity": 4},{"item": "loadisk:branch","quantity": 4}],
              "gives": [
                {
                  "item": "loadisk:cooker",
                  "functions": [{"function": "set_lore","lore": ["Cook food near your campfire."]}]
                }
              ],
              "max_uses": -1
            },
            {
              "wants": [{"item": "minecraft:string","quantity": 4},{"item": "loadisk:branch","quantity": 6}],
              "gives": [
                {
                  "item": "loadisk:skinning_rack",
                  "functions": [{"function": "set_lore","lore": ["Cook food near your campfire."]}]
                }
              ],
              "max_uses": -1
            },
            {
              "max_uses": -1,
              "wants": [{"item": "minecraft:log","quantity": 12},{"item": "loadisk:branch","quantity": 8}],
              "gives": [
                {
                  "item": "loadisk:campfire_shack",
                  "functions": [{"function": "set_lore","lore": ["Protects your campfire from the rain."]}]
                }
              ]
            }
          ]
        }
      ]
    }
  ]
}