{
	"format_version": "1.12.0",
	"minecraft:geometry": [
		{
			"description": {
				"identifier": "geometry.loadisk.ladder",
				"texture_width": 64,
				"texture_height": 64,
				"visible_bounds_width": 2,
				"visible_bounds_height": 3.5,
				"visible_bounds_offset": [0, 1.25, 0]
			},
			"bones": [
				{
					"name": "root",
					"pivot": [0, 0, 0],
					"rotation": [-5, 0, 0],
					"cubes": [
						{"origin": [-6, 0, -1], "size": [2, 40, 2], "uv": [8, 0]},
						{"origin": [4, 0, -1], "size": [2, 40, 2], "uv": [0, 0]},
						{"origin": [-4, 7, -1], "size": [8, 1, 2], "uv": [16, 21]},
						{"origin": [-4, 2, -1], "size": [8, 1, 2], "uv": [16, 18]},
						{"origin": [-4, 12, -1], "size": [8, 1, 2], "uv": [16, 15]},
						{"origin": [-4, 17, -1], "size": [8, 1, 2], "uv": [16, 12]},
						{"origin": [-4, 22, -1], "size": [8, 1, 2], "uv": [16, 9]},
						{"origin": [-4, 27, -1], "size": [8, 1, 2], "uv": [16, 6]},
						{"origin": [-4, 32, -1], "size": [8, 1, 2], "uv": [16, 3]},
						{"origin": [-4, 37, -1], "size": [8, 1, 2], "uv": [16, 0]}
					]
				}
			]
		}
	]
}