{
  "format_version": "1.16.0",
  "minecraft:entity": {
    "description": {
      "identifier": "loadisk:cultist",
      "is_spawnable": true,
      "is_summonable": true,
      "is_experimental": false,
			"scripts": {"animate": ["lifetime"]},
			"animations": {
        "lifetime": "controller.animation.loadisk.mob.lifetime",
        "handler": "controller.animation.loadisk.cultist"
      }
    },
    "component_groups": {
			"loadisk:despawn": {"minecraft:instant_despawn": {}},
      "loadisk:attack.default":{
				"minecraft:variant":{"value": 0},
				"minecraft:behavior.delayed_attack": {
					"priority": 1,"attack_once": false,"track_target": true,
					"require_complete_path": false,"random_stop_interval": 0,
					"reach_multiplier": 2,"attack_duration": 0.5,"hit_delay_pct": 0.5
				}
			},
			"loadisk:is_grabbing":{
				"minecraft:variant":{"value": 1},
        "minecraft:rideable": {
          "lock_rider_rotation": 181,
          "seat_count": 1,
          "family_types": ["player"],
          "seats": {"position": [0, 0.6, 0.65], "rotate_rider_by": 180}
      },
              "minecraft:behavior.nearest_attackable_target": {
          "priority": 3,
          "entity_types": [
            {
              "filters": {
                "all_of" : [
                  {"test" : "is_family", "subject" : "other", "value" :  "player"},
                  {"test" : "has_tag", "subject" : "other", "operator" : "!=", "value" :  "grabbed"}
                ]
              },
              "max_dist": 700
            }
          ],
          "must_see": false
        }
			},
      "loadisk:is_angry":{
        "minecraft:is_sheared":{},
        "minecraft:behavior.nearest_attackable_target": {
          "priority": 3,
          "entity_types": [
            {
              "filters": {
                "all_of" : [
                  {"test" : "is_family", "subject" : "other", "value" :  "player"},
                  {"test" : "has_tag", "subject" : "other", "operator" : "!=", "value" :  "grabbed"}
                ]
              },
              "max_dist": 700
            }
          ],
          "must_see": false
        }
      }
		},
    "components": {
      "minecraft:timer": {"time": 15,"looping": false,"time_down_event": {"event": "loadisk:despawn_event","target": "self"}},
      "minecraft:is_hidden_when_invisible": {},
      "minecraft:type_family": {"family": [ "cultist", "monster", "mob" ]},
      "minecraft:health": {"value": 30,"max": 30},
      "minecraft:attack": {"damage": 3},
      "minecraft:collision_box": {"width": 0.7,"height": 1.8},
      "minecraft:scale":{"value": 1.2},
      "minecraft:movement": {"value": 0.37},
      "minecraft:navigation.walk": {"can_path_over_water": false},
      "minecraft:movement.basic": {},
      "minecraft:jump.static": {},
      "minecraft:can_climb": {},
      "minecraft:fire_immune": {},
      "minecraft:despawn": {"despawn_from_distance": {}},
      "minecraft:behavior.float": {"priority": 0},
      "minecraft:behavior.look_at_player": {"priority": 9,"look_distance": 70.0,"probability": 0.8},
      "minecraft:behavior.look_at_entity": {
        "priority": 9,"look_distance": 70.0,"probability": 0.02,"filters": { "test" :  "is_family", "subject" : "other", "value" :  "mob"}
      },
      "minecraft:behavior.hurt_by_target": {"priority": 1},
      "minecraft:physics": {"has_gravity": true,"has_collision": true},
      "minecraft:conditional_bandwidth_optimization": {},
      "minecraft:behavior.avoid_mob_type": {
        "priority": 0,
        "entity_types": [
          {
            "filters": {"test": "is_family","subject": "other","value": "campfire"},
            "max_dist": 24,
            "walk_speed_multiplier": 0.8,
            "sprint_speed_multiplier": 1.33
          }
        ]
      }
    },
		"events": {
			"minecraft:entity_spawned": {"add": {"component_groups": ["loadisk:attack.default"]}},
			"loadisk:attack_randomizer_event": {
				"randomize": [
					{"weight": 20,"add": {"component_groups": ["loadisk:attack.default"]},"remove": {"component_groups": ["loadisk:is_grabbing"]}},
					{"weight": 80,"add": {"component_groups": ["loadisk:is_grabbing"]},"remove": {"component_groups": ["loadisk:attack.default"]}}
				]
			},
      "loadisk:is_angry_event": {
        "add": {"component_groups": ["loadisk:is_angry"]}
      },
      "loadisk:is_grabbing_event": {
        "add": {"component_groups": ["loadisk:is_grabbing"]}
      }
		}
  }
}