{
  "format_version": "1.16.0",
  "minecraft:entity": {
    "description": {
      "identifier": "loadisk:ghost",
      "runtime_identifier": "minecraft:vex",
      "is_spawnable": true,
      "is_summonable": true,
      "is_experimental": false,
			"scripts": {"animate": ["lifetime"]},
			"animations": {"lifetime": "controller.animation.loadisk.mob.lifetime"}
    },
    "component_groups": {
			"loadisk:despawn": {"minecraft:instant_despawn": {}},
      "loadisk:is_male": {"minecraft:variant": {"value": 0}},
      "loadisk:is_female": {"minecraft:variant": {"value": 1}}
		},
    "components": {
      "minecraft:timer": {"time": 15,"looping": false,"time_down_event": {"event": "loadisk:despawn_event","target": "self"}},
      "minecraft:is_hidden_when_invisible": {},
      "minecraft:type_family": {"family": [ "ghost", "monster", "mob" ]},
      "minecraft:equipment": {"table": "loot_tables/entities/vex_gear.json"},
      "minecraft:health": {"value": 14,"max": 14},
      "minecraft:attack": {"damage": 3},
      "minecraft:collision_box": {"width": 0.8,"height": 1.8},
      "minecraft:movement": {"value": 1.0},
      "minecraft:navigation.walk": {"can_path_over_water": false},
      "minecraft:movement.basic": {},
      "minecraft:jump.static": {},
      "minecraft:can_climb": {},
      "minecraft:fire_immune": {},
      "minecraft:despawn": {"despawn_from_distance": {}},
      "minecraft:behavior.float": {"priority": 0},
      "minecraft:behavior.charge_attack": {"priority": 4},
      "minecraft:behavior.nearest_attackable_target": {
        "priority": 3,
        "entity_types": [
          {
            "filters": {
              "any_of" : [
                {"test" : "is_family", "subject" : "other", "value" :  "player"}
              ]
            },
            "max_dist": 70
          }
        ],
        "must_see": true
      },
      "minecraft:behavior.look_at_player": {"priority": 9,"look_distance": 6.0,"probability": 0.02},
      "minecraft:behavior.look_at_entity": {
        "priority": 9,"look_distance": 6.0,"probability": 0.02,"filters": { "test" :  "is_family", "subject" : "other", "value" :  "mob"}
      },
      "minecraft:behavior.hurt_by_target": {"priority": 1},
      "minecraft:physics": {"has_gravity": false,"has_collision": false},
      "minecraft:conditional_bandwidth_optimization": {},
      "minecraft:behavior.avoid_mob_type": {
        "priority": 0,
        "entity_types": [
          {
            "filters": {"test": "is_family","subject": "other","value": "campfire"},
            "max_dist": 24,
            "walk_speed_multiplier": 0.8,
            "sprint_speed_multiplier": 1.33
          }
        ]
      }
    },
    "events": {
      "minecraft:entity_spawned": {
				"randomize": [
					{"weight": 50,"add": {"component_groups": ["loadisk:is_male"]}},
					{"weight": 50,"add": {"component_groups": ["loadisk:is_female"]}}
				]
			},
			"loadisk:despawn_event": {"add": {"component_groups": ["loadisk:despawn"]}}
    }
  }
}