{
	"format_version": "1.18.0",
	"minecraft:entity": {
		"description": {
			"identifier": "loadisk:patient0",
			"is_spawnable": true,"is_summonable": true,"is_experimental": false,
			"scripts": {
				"animate": ["lifetime","handler","grab_player","speed","debug"]
			},
			"animations": {
				"lifetime": "controller.animation.loadisk.mob.lifetime",
				"handler": "controller.animation.loadisk.patient0",
				"grab_player": "controller.animation.loadisk.patient0.grab_player",
				"speed": "controller.animation.loadisk.patient0.speed",
				"debug": "controller.animation.loadisk.patient0.debugger",
				"agro": "controller.animation.loadisk.patient0.debugger.agro",
				"target": "controller.animation.loadisk.patient0.debugger.target"
			}
		},
		"component_groups": {
			"loadisk:despawn": {"minecraft:instant_despawn": {}},
			"loadisk:attack.default":{
				"minecraft:variant":{"value": 0},
				"minecraft:behavior.delayed_attack": {
					"priority": 1,"attack_once": false,"track_target": true,
					"require_complete_path": false,"random_stop_interval": 0,
					"reach_multiplier": 2,"attack_duration": 0.5,"hit_delay_pct": 0.5
				}
			},
			"loadisk:attack.grab":{
				"minecraft:variant":{"value": 1},
				"minecraft:behavior.delayed_attack": {
					"priority": 1,"attack_once": false,"track_target": true,
					"require_complete_path": false,"random_stop_interval": 0,
					"reach_multiplier": 2,"attack_duration": 1.0,"hit_delay_pct": 0.5
				}
			},
			"loadisk:attack.grabed":{
				"minecraft:is_stunned":{}
			},
			"loadisk:grabed_knockback":{
				"minecraft:behavior.knockback_roar": {
					"priority": 0,"cooldown_time": 0.1,"duration": 0.1,
					"attack_time": 0.1,"knockback_damage": 0,"knockback_range": 3,
					"knockback_vertical_strength": 8,"knockback_horizontal_strength": 8,
					"knockback_filters": {"test": "is_family","subject": "other","operator": "==","value": "player"}
				},
				"minecraft:timer": {"time": 0.5,"looping": true,"time_down_event": {"event": "loadisk:kill.grab_knockback_event","target": "self"}}
			},
			"loadisk:is_agro":{
				"minecraft:is_sheared":{},
				"minecraft:on_target_escape": {
					"event": "loadisk:kill.agro_event",
					"target": "self"
				},
				"minecraft:follow_range": {"value": 100,"max": 100},
				"minecraft:timer": {
					"looping": false,
					"time": 30,"time_down_event": {"event": "loadisk:kill.agro_event"}
				}
			},
			"loadisk:is_calm":{
				"minecraft:follow_range": {"value": 30,"max": 30}
			}
		},
		"components": {
			"minecraft:jump.static": {},
			"minecraft:movement.generic": {},
			"minecraft:movement": {"value": 0.18},
			"minecraft:health": {"value": 500,"max": 500},
			"minecraft:collision_box": {"width": 1.5,"height": 2.5},
			"minecraft:physics": {"has_gravity": true,"has_collision": true},
			"minecraft:type_family": {"family": ["hostile","monster","mob"]},
			"minecraft:navigation.generic": {"can_jump": true,"can_walk": true},
			"minecraft:pushable": {"is_pushable": false,"is_pushable_by_piston": false},
			"minecraft:damage_sensor": {"triggers": {"cause": "fire","deals_damage": false}},
			"minecraft:attack": {"damage": 10},
			"minecraft:behavior.random_stroll": {"priority": 7,"speed_multiplier": 1.0},
			//"minecraft:behavior.look_at_player": {"priority": 8,"look_distance": 12.0,"probability": 0.5},
			"minecraft:behavior.random_look_around": {"priority": 9},
			"minecraft:behavior.avoid_mob_type": {
			  "priority": 0,
			  "entity_types": [
				{
				  "filters": {"test": "is_family","subject": "other","value": "campfire"},
				  "max_dist": 48,
				  "max_flee": 48,
				  "ignore_visibility": true,
				  "walk_speed_multiplier": 1.5,
				  "sprint_speed_multiplier": 1.5
				}
			  ]
			},
			"minecraft:behavior.nearest_attackable_target": {
				"priority": 1,
				"reselect_targets": true,
				"target_search_height": 100,
				"target_sneak_visibility_multiplier": 0.8,
				"within_radius": 30,
				"must_reach": false,
				"scan_interval": 10,
				
				"entity_types": [
					{
						"filters": [
							{"test": "is_family","subject": "other","value": "player"},
							{"test": "has_component","subject": "self","operator":"!=","value": "minecraft:is_sheared"}
						],
						"max_dist": 30,
						"must_see": true,
						"must_see_forget_duration": 30
					},
					{
						"filters": [
							{"test": "is_family","subject": "other","value": "player"},
							{"test": "has_component","subject": "self","operator":"==","value": "minecraft:is_sheared"}
						],
						"max_dist": 100,
						"must_see": false,
						"must_see_forget_duration": 60
					}
				]
			},
			"minecraft:tick_world":{"radius": 1},
			//"minecraft:on_target_acquired": {"event": "loadisk:agro_event","target": "self"},
			"minecraft:on_hurt_by_player": {
				"event": "loadisk:agro_event",
				"target": "self"
			},
			"minecraft:conditional_bandwidth_optimization": {}
		},
		"events": {
			"minecraft:entity_spawned": {"add": {"component_groups": ["loadisk:attack.default","loadisk:is_calm"]}},
			"loadisk:despawn_event": {"add": {"component_groups": ["loadisk:despawn"]}},
			"loadisk:agro_event": {"add": {"component_groups": ["loadisk:is_agro"]},"remove": {"component_groups": ["loadisk:is_calm"]}},
			"loadisk:kill.agro_event": {"add": {"component_groups": ["loadisk:is_calm"]},"remove": {"component_groups": ["loadisk:is_agro"]}},
			"loadisk:grab_player_event": {"add": {"component_groups": ["loadisk:attack.grabed"]},"remove": {"component_groups": ["loadisk:attack.grab"]}},
			"loadisk:kill.grab_player_event": {"add": {"component_groups": ["loadisk:grabed_knockback"]},"remove": {"component_groups": ["loadisk:attack.grabed"]}},
			"loadisk:kill.grab_knockback_event": {"trigger": ["loadisk:attack_randomizer_event"],"remove": {"component_groups": ["loadisk:grabed_knockback"]}},
			"loadisk:attack_randomizer_event": {
				"randomize": [
					{"weight": 60,"add": {"component_groups": ["loadisk:attack.default"]},"remove": {"component_groups": ["loadisk:attack.grab"]}},
					{"weight": 40,"add": {"component_groups": ["loadisk:attack.grab"]},"remove": {"component_groups": ["loadisk:attack.default"]}}
				]
			}
		}
	}
}