{
	"format_version": "1.18.0",
	"minecraft:entity": {
		"description": {
			"identifier": "loadisk:smiler",
			"is_spawnable": true,"is_summonable": true,"is_experimental": false
		},
		"component_groups": {
			"loadisk:despawn": {"minecraft:transformation": {"delay": {"value": 0.5},"into": "minecraft:area_effect_cloud"}}
		},
		"components": {
			"minecraft:jump.static": {},
			"minecraft:movement.generic": {},
			"minecraft:movement": {"value": 0.05},
			"minecraft:health": {"value": 500,"max": 500},
			"minecraft:collision_box": {"width": 0.5,"height": 0.5},
			"minecraft:physics": {"has_gravity": false,"has_collision": false},
			"minecraft:type_family": {"family": ["hostile","monster","mob"]},
			"minecraft:navigation.generic": {"can_jump": true,"can_walk": true},
			"minecraft:pushable": {"is_pushable": false,"is_pushable_by_piston": false},
			"minecraft:damage_sensor": {"triggers": {"cause": "all","deals_damage": false}},
			"minecraft:behavior.nearest_attackable_target": {
				"priority": 1,"reselect_targets": true,
				"target_search_height": 1000,
				"within_radius": 1000,
				"must_see": false,
				"entity_types": [
					{
						"filters": [{"test": "is_family","subject": "other","value": "player"}],
						"max_dist": 1000
					}
				]
			},
			"minecraft:attack": {"damage": 10},
			"minecraft:behavior.melee_attack": {"priority": 1,"require_complete_path": true,"track_target": true},
			"minecraft:follow_range": {"value": 1000,"max": 1000},
			"minecraft:behavior.avoid_mob_type": {
			  "priority": 0,
			  "entity_types": [
				{
				  "filters": {"test": "is_family","subject": "other","value": "campfire"},
				  "max_dist": 48,
				  "max_flee": 48,
				  "ignore_visibility": true,
				  "walk_speed_multiplier": 1.5,
				  "sprint_speed_multiplier": 1.5
				}
			  ]
			},
			"minecraft:entity_sensor": {
				"sensor_range": 4,
				"relative_range": false,
				"minimum_count": 1,
				"event_filters": {
					"all_of": [
						{"test": "is_family","subject": "other","value": "player"},
						//{"test": "has_equipment","subject": "other","domain": "hand","value": "loadisk:doll"},
						{"subject": "self","test": "distance_to_nearest_player","operator": "<","value": 6}
					]
				},
				"event": "loadisk:despawn_event"
			},
			"minecraft:conditional_bandwidth_optimization": {}
		},
		"events": {
			//"minecraft:entity_spawned": {"add": {"component_groups": ["loadisk:has_ai"]}},
			"loadisk:despawn_event": {"add": {"component_groups": ["loadisk:despawn"]}}
		}
	}
}