{
  "format_version": "1.16.0",
  "minecraft:entity": {
    "description": {
      "identifier": "loadisk:splitter",
      "is_spawnable": true,
      "is_summonable": true,
      "is_experimental": false,
			"scripts": {"animate": ["lifetime","check_doll"]},
			"animations": {
        "lifetime": "controller.animation.loadisk.custom.lifetime",
        "check_doll": "controller.animation.loadisk.splitter.check_doll"
      }
    },
    "component_groups":{
      "loadisk:despawn": {"minecraft:transformation": {"delay": {"value": 0.1},"into": "minecraft:area_effect_cloud"}},
      "loadisk:death": {"minecraft:is_stunned":{},
      "minecraft:knockback_resistance": {"value": 100,"max": 100},
      "minecraft:timer": {"time": 5.0,"looping": false,"time_down_event": {"event": "loadisk:lock.death_event","target": "self"}},
      "minecraft:damage_sensor": {"triggers": {"cause": "all","deals_damage": false}}
    },
      "loadisk:death.lock": {
        "minecraft:can_fly": {},
        "minecraft:transformation": {"delay": {"value": 3},"into": "loadisk:splitter"}
      },
      "loadisk:split":{
        "minecraft:is_sheared":{},
        "minecraft:timer": {"time": 3.0,"looping": false,"time_down_event": {"event": "loadisk:kill.split_event","target": "self"}}
      },
      "loadisk:has_ai":{
        "minecraft:behavior.melee_attack": {"priority": 4},
        "minecraft:behavior.look_at_player": {"priority": 9,"look_distance": 6.0,"probability": 0.02},
        "minecraft:behavior.look_at_entity": {
          "priority": 9,"look_distance": 6.0,"probability": 0.02,"filters": { "test" :  "is_family", "subject" : "other", "value" :  "mob"}
        },
        "minecraft:behavior.hurt_by_target": {"priority": 1},
        "minecraft:behavior.open_door": {"priority": 5,"close_door_after": true}
      },
      "loadisk:detected":{
				"minecraft:is_baby":{},
				"minecraft:environment_sensor": {
          "triggers": [
            {
              "filters": {"test": "distance_to_nearest_player","operator": ">=","value": 6.0},
              "event": "loadisk:kill.detect_event"
            }
          ]
        }
			},
			"loadisk:detect":{
				"minecraft:entity_sensor": {
					"sensor_range": 4,
					"relative_range": false,
					"minimum_count": 1,
					"event_filters": {
						"all_of": [
							{"test": "is_family","subject": "other","value": "player"},
              {"test": "has_equipment","subject": "other","domain": "hand","value": "loadisk:doll"},
							{"subject": "self","test": "distance_to_nearest_player","operator": "<","value": 6}
						]
					},
					"event": "loadisk:detect_event"
				}
			},
      "loadisk:rage":{
        "minecraft:attack": {"damage": 10},
        "minecraft:angry": {"duration": 30,"calm_event": {"event": "loadisk:kill.enraged_event","target": "self"}}
      },
      "loadisk:has_doll":{
        "minecraft:is_tamed":{},
        "minecraft:transformation": {"delay": {"value": 0.1},"into": "loadisk:npc.sarah"}
      }
    },
    "components": {
      "minecraft:interact": {
        "interactions": [
          {
            "on_interact": {
              "filters": {
                "all_of": [
                  {"test":"is_family","subject":"other","value":"player"},
                  { "test": "has_equipment", "domain": "hand", "subject": "other", "value": "loadisk:doll"},
                  { "test": "has_component", "subject": "self", "operator": "!=", "value": "minecraft:is_angry"}
                ]
              },
              "event": "loadisk:return.doll_event",
              "target": "self"
            },
            "use_item": true,
            "interact_text": "action.interact.splitter"
          }
        ]
      },
      "minecraft:movement": {"value": 0.3},
      "minecraft:navigation.walk": {
        "can_path_over_water": false,
        "can_pass_doors": true,
        "can_open_doors": true
      },
      "minecraft:movement.basic": {},
      "minecraft:jump.static": {},
      "minecraft:can_climb": {},
      "minecraft:fire_immune": {},
      "minecraft:is_hidden_when_invisible": {},
      "minecraft:type_family": {"family": [ "splitter", "monster", "mob" ]},
      "minecraft:health": {"value": 130,"max": 130},
      "minecraft:attack": {"damage": 1},
      "minecraft:collision_box": {"width": 0.8,"height": 1.8},
      "minecraft:physics": {"has_gravity": true,"has_collision": true},
      "minecraft:conditional_bandwidth_optimization": {},
      "minecraft:annotation.open_door": {},
      "minecraft:behavior.nearest_attackable_target": {
        "priority": 3,"must_see": true,
        "entity_types": [
          {
            "filters": {
              "all_of": [
                {"test": "is_family","subject": "other","value": "player"},
                {"test": "has_tag","subject": "other","operator": "==","value": "zone.cabin"},
                {"test": "has_tag","subject": "other","operator": "!=","value": "zone.main_night"},
                {"test": "has_tag","subject": "other","operator": "!=","value": "zone.main_day"}
              ]
            },
            "max_dist": 70
          }
        ]
      },
      "minecraft:preferred_path": {
        "max_fall_blocks": 1,
        "jump_cost": 5,
        "default_block_cost": 1.5,
        "preferred_path_blocks": [
          {
            "cost": 1,
            "blocks": [
              "stonebrick",
              "sandstone",
              "mossy_cobblestone",
              "stone_slab",
              "stone_slab2",
              "stone_slab3",
              "stone_slab4",
              "double_stone_slab",
              "double_stone_slab2",
              "double_stone_slab3",
              "double_stone_slab4",
              "wooden_slab",
              "double_wooden_slab",
              "planks",
              "brick_block",
              "nether_brick",
              "red_nether_brick",
              "end_bricks",
              "red_sandstone",
              "stained_glass",
              "glass",
              "glowstone",
              "prismarine",
              "emerald_block",
              "diamond_block",
              "lapis_block",
              "gold_block"
            ]
          },
          {
            "cost": 50,
            "blocks": [
              "cobblestone",
              "stone",
              "grass",
              "bed",
              "lectern",
              "composter",
              "grindstone",
              "blast_furnace",
              "smoker",
              "fletching_table",
              "cartography_table",
              "brewing_stand",
              "smithing_table",
              "cauldron",
              "barrel",
              "loom",
              "stonecutter"
            ]
          },
          {
            "cost": 1000,
            "blocks": [
              "carpet"
            ]
          }
        ]
      }
    },
    "events": {
      "minecraft:entity_spawned": {"add": {"component_groups": ["loadisk:split","loadisk:detect"]}},
			"loadisk:despawn_event": {"add": {"component_groups": ["loadisk:despawn"]}},
      "loadisk:return.doll_event": {"add": {"component_groups": ["loadisk:has_doll"]}},
      "loadisk:lock.death_event": {"add": {"component_groups": ["loadisk:death.lock"]}},
      "loadisk:enraged_event": {"add": {"component_groups": ["loadisk:rage","loadisk:has_ai"]},"remove": {"component_groups": ["loadisk:detect","loadisk:detected"]}},
      "loadisk:kill.enraged_event": {"remove": {"component_groups": ["loadisk:rage"]},"add": {"component_groups": ["loadisk:detect","loadisk:detected"]}},
      "loadisk:kill.ai_event": {"remove": {"component_groups": ["loadisk:has_ai"]},"add": {"component_groups": ["loadisk:death"]}},
      "loadisk:kill.split_event": {"add": {"component_groups": ["loadisk:has_ai"]},"remove": {"component_groups": ["loadisk:split"]}},
      "loadisk:revive_event": {"remove": {"component_groups": ["loadisk:death.lock","loadisk:death"]},"add": {"component_groups": ["loadisk:has_ai"]}},
      "loadisk:detect_event": {"add": {"component_groups": ["loadisk:detected"]},"remove": {"component_groups": ["loadisk:detect","loadisk:has_ai"]}},
			"loadisk:kill.detect_event": {"remove": {"component_groups": ["loadisk:detected"]},"add": {"component_groups": ["loadisk:detect","loadisk:has_ai"]}}
    }
  }
}