{
  "format_version": "1.8.0",
  "minecraft:spawn_rules": {
    "description": {
      "identifier": "minecraft:blaze",
      "population_control": "monster"
    }
  },
  "conditions": [
    {
      "minecraft:spawns_on_surface": {},
      "minecraft:brightness_filter": {"min": 0,"max": 0},
      "minecraft:difficulty_filter": {"min": "hard","max": "hard"},
      "minecraft:weight": {"default": 0},
      "minecraft:biome_filter": [
        { "test": "has_biome_tag", "operator":"==", "value": "frozen"},
        { "test": "has_biome_tag", "operator":"==", "value": "desert"}
      ]
    }
  ]
}